ID,SMILES,Canonical_SMILES,Docking,LogP,QED,SAS,MW,HBD,HBA,RotatableBonds,TPSA,RingCount,HeavyAtomCount,Toxicity_max,Toxicity_mean,NonToxic_12_Tox21,Fitness,source_file,ToxProb_NR-AR,ToxProb_NR-AR-LBD,ToxProb_NR-AhR,ToxProb_NR-Aromatase,ToxProb_NR-ER,ToxProb_NR-ER-LBD,ToxProb_NR-PPAR-gamma,ToxProb_SR-ARE,ToxProb_SR-ATAD5,ToxProb_SR-HSE,ToxProb_SR-MMP,ToxProb_SR-p53,ValidMol,LogP_calc,LogP_original
168,CC1=CC=C(C=C1C2=CC=C3C4=C(CCNC4=O)C=CC3=C2)C(=O)NC(=O)NC,CNC(=O)NC(=O)c1ccc(C)c(-c2ccc3c4c(ccc3c2)CCNC4=O)c1,-11.5,3.170320000000001,0.6311749962035487,2.4829131391572474,387.4390000000001,3,3,2,87.30000000000001,4,29,0.3627832,0.119969316,True,0.8488317309614859,docking_results_3_29.csv,0.045686316,0.028396329,0.3627832,0.0717222,0.14122792,0.04205301,0.035779823,0.26467866,0.06499217,0.055954743,0.21504395,0.11131375,True,3.170320000000001,3.170320000000001
18,CC1=CC(C2=CC=C3C4=C(CCNC4=O)C=CC3=C2)=CC5=C1C(=O)NC5=O,Cc1cc(-c2ccc3c4c(ccc3c2)CCNC4=O)cc2c1C(=O)NC2=O,-11.3,2.9847200000000003,0.6583902148941787,2.7036376501497106,356.3810000000001,2,3,1,75.27000000000001,5,27,0.49687386,0.18977177,True,0.9089341637525928,docking_results_3_23.csv,0.06252052,0.051590595,0.49687386,0.13497965,0.1831312,0.07125501,0.04386334,0.41228136,0.088001154,0.072132766,0.43207517,0.22855653,True,2.9847200000000003,2.9847200000000003
41,C1CC[C@H1](C(=O)N1)C2=CC=C(C=C2)C3=CC=C4C=CC5=C(CCNC5=O)C4=C3,O=C1NCCc2c1ccc1ccc(-c3ccc([C@@H]4CCCNC4=O)cc3)cc21,-11.2,3.7863000000000024,0.7211155325601155,3.0060196212105392,370.4520000000002,2,2,2,58.2,5,28,0.24068788,0.11118271,True,0.5886133556162881,docking_results_3_26.csv,0.07816518,0.046947386,0.18689264,0.09166658,0.1682858,0.054967664,0.038818907,0.24068788,0.047703326,0.05037197,0.21540809,0.11427707,True,3.7863000000000024,3.7863000000000016
178,CNC(=O)NC1CC2=CC(=CC=C2C1)[C@@H1]3O[C@H1](C[C@@H1]3O)C4=CC=C5C=CC=CC5=C4,CNC(=O)NC1Cc2ccc([C@@H]3O[C@@H](c4ccc5ccccc5c4)C[C@@H]3O)cc2C1,-11.1,3.7996000000000025,0.6241149551801515,3.7091831634103443,402.4940000000001,3,3,3,70.59,5,30,0.13792619,0.06337846,True,0.5813423021381777,docking_results_3_14.csv,0.051230773,0.01951819,0.09715518,0.062323,0.13792619,0.031082947,0.023412427,0.11707545,0.020239064,0.03239793,0.1264443,0.041736044,True,3.7996000000000025,3.7996000000000025
245,CC1=CC=C(C2=C1C=C3C=CC4=C(CCNC4=O)C3=C2)C(=O)NCC5NCCN(C)CC5,Cc1ccc(C(=O)NCC2CCN(C)CCN2)c2cc3c4c(ccc3cc12)C(=O)NCC4,-11.1,2.6108200000000004,0.5587822511558843,3.3099601310410476,430.55200000000025,3,4,3,73.47,5,32,0.16190799,0.060194593,True,0.9765476067546104,docking_results_3_21.csv,0.034026124,0.015445016,0.15951931,0.046575498,0.075424574,0.016864106,0.01612311,0.16190799,0.026523216,0.025968041,0.07709091,0.066867225,True,2.6108200000000004,2.6108200000000004
151,CC1=CC=C(C=C1C2=CC=C3C4=C(CCNC4=O)C=CC3=C2)C(=O)N5CCNCC5,Cc1ccc(C(=O)N2CCNCC2)cc1-c1ccc2c3c(ccc2c1)CCNC3=O,-11.1,3.1465200000000006,0.6959971461798429,2.521173767486202,399.4940000000002,2,3,2,61.440000000000005,5,30,0.18048203,0.07115867,True,0.8487038266091305,docking_results_3_20.csv,0.04491201,0.02279963,0.17092903,0.05442751,0.08899622,0.02324101,0.02448475,0.18048203,0.03357124,0.03347275,0.09809504,0.07849273,True,3.1465200000000006,3.1465200000000006
122,CC1=NC=C(C2=C1C=C3C=CC4=C(CCNC4=O)C3=C2)C(=O)N5CCNCC5,Cc1ncc(C(=O)N2CCNCC2)c2cc3c4c(ccc3cc12)C(=O)NCC4,-11.1,2.0277199999999995,0.639420451952651,2.796525493380612,374.44400000000013,2,4,1,74.33,5,28,0.20760457,0.07369995,True,0.9069022394510992,docking_results_3_24.csv,0.04538085,0.025480406,0.20760457,0.050947424,0.07010488,0.019246934,0.022606635,0.19940938,0.03990196,0.030441253,0.06952047,0.10375462,True,2.0277199999999995,2.0277199999999995
227,CC(=O)N1CCCC1C2=CC=C(C=N2)C3=CC=C4C=CC5=C(CCNC5=O)C4=C3,CC(=O)N1CCCC1c1ccc(-c2ccc3ccc4c(c3c2)CCNC4=O)cn1,-11.1,3.871100000000003,0.7283765782022518,3.0769635968361886,385.4670000000002,1,3,2,62.300000000000004,5,29,0.24695195,0.09376636,True,0.5539234702636795,docking_results_3_15.csv,0.055672638,0.030128928,0.24695195,0.07674137,0.11589807,0.03382167,0.032684576,0.20456558,0.048816834,0.046032306,0.13825698,0.09562541,True,3.871100000000003,3.871100000000003
53,O=C(N[C@H1]1CCCC2=CC=CC=C21)C3=CC=C4C=CC5=C(CCNC5=O)C4=C3,O=C(N[C@H]1CCCc2ccccc21)c1ccc2ccc3c(c2c1)CCNC3=O,-11.1,3.9331000000000023,0.7179909623599006,2.794479095882208,370.4520000000002,2,2,2,58.2,5,28,0.2623197,0.10908262,True,0.5311367966506582,docking_results_3_23.csv,0.051146302,0.028554367,0.22750051,0.09437102,0.15624423,0.047454044,0.03335433,0.22641978,0.039540417,0.05124166,0.2623197,0.09084517,True,3.9331000000000023,3.933100000000002
182,O1[C@@H1](C2=CC=CC=C2C(=O)NC=C1)C3=CC=C4C=CC5=C(CCNC5=O)C4=C3,O=C1NC=CO[C@H](c2ccc3ccc4c(c3c2)CCNC4=O)c2ccccc21,-11.0,3.4463000000000017,0.6894910281048081,3.4602156812480622,370.4080000000002,2,3,1,67.43,5,28,0.20451523,0.08722755,True,0.7248856176295402,docking_results_3_22.csv,0.050771717,0.027121242,0.20451523,0.06118215,0.121437795,0.033266976,0.029916828,0.19693467,0.035451494,0.0394844,0.1688597,0.077788524,True,3.4463000000000017,3.4463000000000017
224,NC(=O)COC1=CC=C(C=N1)C2=CC=C(F)C(=C23)C=CC4=CC=CC=C4C3C(=O)N5CCCN5,NC(=O)COc1ccc(-c2ccc(F)c3c2C(C(=O)N2CCCN2)c2ccccc2C=C3)cn1,-11.0,3.104400000000001,0.6124573539826849,3.6692935824946513,458.4930000000002,2,5,5,97.55,5,34,0.2082699,0.08201394,True,0.86021897074037,docking_results_3_8.csv,0.04810721,0.02700919,0.2082699,0.05755968,0.09936883,0.028074482,0.031412076,0.19966814,0.04341916,0.042800467,0.11019302,0.0882852,True,3.104400000000001,3.104400000000001
94,CC(=O)N1CCCC(C1)C2=CC=C(C=N2)C3=CC=C4C=CC5=C(CCNC5=O)C4=C3,CC(=O)N1CCCC(c2ccc(-c3ccc4ccc5c(c4c3)CCNC5=O)cn2)C1,-11.0,3.9136000000000024,0.7106074039494924,3.0765956712968077,399.4940000000002,1,3,2,62.300000000000004,5,30,0.21295553,0.091057725,True,0.5359180780377609,docking_results_3_18.csv,0.057183493,0.03142973,0.21295553,0.07390048,0.122316435,0.035499267,0.032798044,0.20555429,0.04895352,0.045720343,0.13214563,0.094235845,True,3.9136000000000024,3.9136000000000015
3,O=C(C1CC12CNC2)C3=CC=C(C=C3)C4=CC=C5C=CC6=C(CCNC6=O)C5=C4,O=C1NCCc2c1ccc1ccc(-c3ccc(C(=O)C4CC45CNC5)cc3)cc21,-11.0,3.584900000000002,0.6809482967170817,3.659405678744559,382.46300000000025,2,3,3,58.2,6,29,0.36108938,0.15584914,True,0.6663458075980554,docking_results_3_29.csv,0.07768862,0.0623813,0.22824857,0.14399773,0.18603261,0.078666724,0.05375676,0.36108938,0.0776634,0.07927646,0.3180671,0.20332108,True,3.584900000000002,3.584900000000002
137,O[C@@H1](C1=CC=C2C=CC=CC2=C1)C=C3C=C4C=CC5=C(CCNC5=O)C4=C=C3,O=C1NCCc2c1ccc1c2=C=CC(=C[C@@H](O)c2ccc3ccccc3c2)C=1,-11.0,2.5153999999999996,0.7332150983032366,3.9566661502912153,365.4320000000002,2,2,2,49.33,5,28,0.49907,0.1938831,True,0.9765985570709202,docking_results_3_24.csv,0.063141,0.06665306,0.263946,0.16616303,0.20755555,0.11450259,0.06525394,0.45757484,0.07510441,0.13136134,0.49907,0.21627134,True,2.5153999999999996,2.5154
69,C[C@H1]1CCC[C@H1](C1)C2=CC=C(C=C2)C3=CC=CC=CC4=C(CCNC4=O)C(=O)N3N,C[C@H]1CCC[C@@H](c2ccc(-c3cccccc4c(c(=O)n3N)CCNC4=O)cc2)C1,-10.9,3.9331000000000023,0.7460213974870226,3.808039628081554,403.52600000000024,2,3,2,77.12,4,30,0.13026673,0.059623614,True,0.5261612152013256,docking_results_3_19.csv,0.033487905,0.012655013,0.118999444,0.05495897,0.12149762,0.024716435,0.01788228,0.11848026,0.018538533,0.028616004,0.13026673,0.035384167,True,3.9331000000000023,3.933100000000002
112,C1COC(C(=O)N1)C2=CC=C(C=C2)C3=CC=C4C=CC5=C(CCNC5=O)C4=C3,O=C1NCCc2c1ccc1ccc(-c3ccc(C4OCCNC4=O)cc3)cc21,-10.9,2.980200000000001,0.726760653699036,3.133299546163636,372.4240000000002,2,3,2,67.43,5,28,0.23250118,0.0998951,True,0.8960694549588113,docking_results_3_26.csv,0.065785885,0.03634228,0.23250118,0.07581171,0.13786544,0.03925912,0.03529244,0.21753208,0.050511986,0.044330385,0.15827271,0.10523594,True,2.980200000000001,2.980200000000001
227,O=C(O[C@@H1]1CCCNC1)C2=CC=C(C=C2)C3=CC=C4C=CC5=C(CCNC5=O)C4=C3,O=C(O[C@@H]1CCCNC1)c1ccc(-c2ccc3ccc4c(c3c2)CCNC4=O)cc1,-10.9,3.701500000000003,0.6581341359476489,2.9543613693918154,400.47800000000024,2,4,3,67.43,5,30,0.24114348,0.11192169,True,0.6148286773181654,docking_results_3_23.csv,0.07139595,0.04374822,0.22662866,0.08801769,0.16132154,0.050822522,0.04013342,0.24114348,0.060209673,0.05127832,0.18763521,0.1207256,True,3.701500000000003,3.701500000000003
170,C1C[C@H1](CC1(N)CO)C2=CC=C(C=C2)C3=CC=C4C=CC5=C(CCNC5=O)C4=C3,NC1(CO)CC[C@@H](c2ccc(-c3ccc4ccc5c(c4c3)CCNC5=O)cc2)C1,-10.9,3.7500000000000027,0.6416869489959552,3.399228966517681,386.49500000000023,3,3,3,75.35,5,29,0.28123686,0.121120356,True,0.5953658827604564,docking_results_3_19.csv,0.056772072,0.03341127,0.21812312,0.1184892,0.18519092,0.057925284,0.037524845,0.24501166,0.049768366,0.057136852,0.28123686,0.11285371,True,3.7500000000000027,3.750000000000002
218,C1COCCN(C1)C2=CC=C(C=N2)C3=CC=C4C=CC5=C(CCNC5=O)C4=C3,O=C1NCCc2c1ccc1ccc(-c3ccc(N4CCCOCC4)nc3)cc21,-10.9,3.4144000000000014,0.747926600443142,2.4987380358582154,373.4560000000002,1,4,2,54.46,5,28,0.31990397,0.11929554,True,0.734510723013827,docking_results_3_16.csv,0.058481656,0.03703898,0.31990397,0.102000386,0.1221006,0.039805528,0.039562825,0.26691914,0.07199445,0.055411473,0.16844945,0.1498782,True,3.4144000000000014,3.414400000000001
52,C[NH1+1][C@H1]1CCC[C@@H1](O1)C2=CC=C(C=C2)C3=CC=C4C=CC5=C(CCNC5=O)C4=C3,C[NH+][C@H]1CCC[C@H](c2ccc(-c3ccc4ccc5c(c4c3)CCNC5=O)cc2)O1,-10.9,3.339400000000002,0.7254297077750387,3.8195176995493547,386.49500000000023,2,3,3,53.93,5,29,0.3285628,0.13646865,True,0.7655698392642017,docking_results_3_18.csv,0.062205087,0.037147783,0.25189504,0.14213756,0.19353189,0.063236974,0.040604275,0.26698297,0.05560234,0.061583746,0.3285628,0.13413337,True,3.339400000000002,3.339400000000002
209,O=C(N1C2=CC=CC=C2C(=O)NC1=C)C3=CC=C4C=CC5=C(CCNC5=O)C4=C3,C=C1NC(=O)c2ccccc2N1C(=O)c1ccc2ccc3c(c2c1)CCNC3=O,-10.9,2.9871000000000008,0.6781277777578429,2.8049116314378146,383.40700000000015,2,3,1,78.51,5,29,0.42260295,0.14114398,True,0.8940089939040077,docking_results_3_18.csv,0.046181586,0.034123912,0.42260295,0.08089118,0.13074654,0.043330252,0.036460165,0.3315482,0.06735648,0.055547975,0.2868555,0.15808314,True,2.9871000000000008,2.9871000000000008
220,C1CC[C@@H1](C)N1C(=O)C2=CC=C(C=C2)C=C3C=C4C=CC5=C(CCNC5=O)C4=C=C3,C[C@@H]1CCCN1C(=O)c1ccc(C=C2C=C=c3c4c(ccc3=C2)C(=O)NCC4)cc1,-10.9,2.4103000000000003,0.8476486070181328,3.8091956712968074,396.49000000000024,1,2,2,49.410000000000004,5,30,0.48878527,0.18801802,True,0.9688616701988484,docking_results_3_23.csv,0.09344994,0.10135749,0.15818858,0.1530045,0.20150135,0.12903205,0.060190883,0.48878527,0.070117235,0.13044374,0.4373761,0.23276928,True,2.4103000000000003,2.4103000000000003
198,N=1C(=O)[C@@H1]2CC3=CC=CC=C3CN2C=1C4=CC=C5C=CC6=C(CCNC6=O)C5=C4,O=C1NCCc2c1ccc1ccc(C3=NC(=O)[C@@H]4Cc5ccccc5CN34)cc21,-10.8,2.8394000000000004,0.7051332613034015,3.329151159861399,381.4350000000002,1,3,1,61.77,6,29,0.16806446,0.07195754,True,0.9269616503359565,docking_results_3_26.csv,0.05695447,0.027808523,0.15357286,0.056933288,0.09856516,0.025408285,0.026338283,0.16806446,0.031180454,0.029800642,0.11099371,0.07787041,True,2.8394000000000004,2.8394000000000004
95,C[C@H1](NC1=CC=C(C=C1)[C@H1]2CNCCO2)C3=CC=C4C=CC5=C(CCNC5=O)C4=C3,C[C@H](Nc1ccc([C@H]2CNCCO2)cc1)c1ccc2ccc3c(c2c1)CCNC3=O,-10.8,3.9597000000000024,0.6193090718314812,3.3781611546577235,401.51000000000016,3,4,4,62.39,5,30,0.19287103,0.0815834,True,0.5135435456366048,docking_results_3_19.csv,0.04048454,0.018144868,0.19287103,0.075939365,0.12111269,0.029802069,0.024462352,0.17264415,0.030518766,0.03841174,0.16757831,0.06703099,True,3.9597000000000024,3.9597000000000016
194,COC1=CC=C(C=C1C2=CC=C3C4=C(CCNC4=O)C=CC3=C2)C(=O)N5CCNCC5,COc1ccc(C(=O)N2CCNCC2)cc1-c1ccc2c3c(ccc2c1)CCNC3=O,-10.8,2.8467000000000002,0.6902430661508026,2.521836011294706,415.4930000000002,2,4,3,70.67,5,31,0.22587028,0.08347613,True,0.9253331968715534,docking_results_3_24.csv,0.05070803,0.027236111,0.22587028,0.05880996,0.09813871,0.026604965,0.026297392,0.20335783,0.042481247,0.03588754,0.11019929,0.09612238,True,2.8467000000000002,2.8467
169,C1[C@@]([NH2+1]CCC[C@@H1]1N)C2=CC=C(C=C2)C3=CC=C4C=CC5=C(CCNC5=O)C4=C3,N[C@H]1CCC[NH2+][C](c2ccc(-c3ccc4ccc5c(c4c3)CCNC5=O)cc2)C1,-10.8,2.747390000000001,0.634730573699723,3.720855594250539,385.5110000000002,3,2,2,71.72999999999999,5,29,0.2640245,0.10969477,True,0.9447772983926428,docking_results_3_17.csv,0.05401293,0.029023089,0.2640245,0.10443666,0.14320628,0.041239243,0.032550476,0.22748615,0.048640855,0.04949793,0.21368735,0.108531795,True,2.747390000000001,2.747390000000001
205,O=C(CC1=CC=CC2=CC=CC=C12)NC(=O)C3=CC=C4C=CC5=C(CCNC5=O)C4=C3,O=C(Cc1cccc2ccccc12)NC(=O)c1ccc2ccc3c(c2c1)CCNC3=O,-10.8,3.7780000000000022,0.5417921287241821,2.350556011294705,408.4570000000002,2,3,3,75.27000000000001,5,31,0.31675926,0.123968095,True,0.5806570786821863,docking_results_3_25.csv,0.050090678,0.03299684,0.31675926,0.083065175,0.16785218,0.052668985,0.044525564,0.25994667,0.062884636,0.064234704,0.24731867,0.10527376,True,3.7780000000000022,3.778000000000002
100,CC1=CC(C(=O)N2CCOCC2)=CC=C1C=C3C=C4C=CC5=C(CCNC5=O)C4=C=C3,Cc1cc(C(=O)N2CCOCC2)ccc1C=C1C=C=c2c3c(ccc2=C1)C(=O)NCC3,-10.8,1.5666200000000001,0.8147565645350361,3.4225806266793217,412.4890000000002,1,3,2,58.64,5,31,0.4082584,0.1316108,True,0.7220181427421785,docking_results_3_24.csv,0.06462751,0.06320644,0.13568245,0.097012885,0.113177136,0.06375815,0.049440473,0.4082584,0.059683368,0.091286555,0.24195112,0.19124511,True,1.5666200000000001,1.56662
54,CC1=NN(C2=CC=CC=C2)C=C1C=C3C=C4C=CC5=C(CCNC5=O)C4=C=C3,Cc1nn(-c2ccccc2)cc1C=C1C=C=c2c3c(ccc2=C1)C(=O)NCC3,-10.8,2.2799199999999997,0.7574274825368877,3.4820156122048767,365.43600000000015,1,2,2,46.92,5,28,0.4757067,0.19640724,True,0.949060760718072,docking_results_3_22.csv,0.061681412,0.065142125,0.37862438,0.16789523,0.16495506,0.087655075,0.060769483,0.4757067,0.09556369,0.12262529,0.42029622,0.25597203,True,2.2799199999999997,2.27992
4,O=C1NN(C2=CC=C(O)C=C2)C(=O)C1C3=CC=C4C=CC5=C(CCNC5=O)C4=C3,O=C1NCCc2c1ccc1ccc(C3C(=O)NN(c4ccc(O)cc4)C3=O)cc21,-10.8,1.9928999999999997,0.5858798582263941,3.2541991323849775,387.39500000000015,3,4,2,98.74000000000001,5,29,0.49568006,0.20884031,True,0.8823501281963234,docking_results_3_29.csv,0.07298498,0.06477334,0.43065056,0.15616612,0.21794921,0.09705642,0.054486793,0.45876017,0.10127173,0.09034397,0.49568006,0.26596045,True,1.9928999999999997,1.9929
244,CC1=CC=C(C=C1C2=CC=C3C4=C(CCNC4=O)C=CC3=C2)C(=O)NC5CNCNC5,Cc1ccc(C(=O)NC2CNCNC2)cc1-c1ccc2c3c(ccc2c1)CCNC3=O,-10.7,2.3498199999999994,0.5303667428425373,2.8307806266793207,414.5090000000001,4,4,3,82.26,5,31,0.18567103,0.070646994,True,0.9505457120190856,docking_results_3_22.csv,0.043623034,0.021101195,0.18567103,0.050202414,0.092753775,0.02203212,0.021537172,0.17824697,0.03277769,0.030589607,0.09255297,0.07667597,True,2.3498199999999994,2.34982
191,C1CC[NH1+1]CCC1C2=CC=C(C=N2)C3=CC=C4C=CC5=C(CCNC5=O)C4=C3,O=C1NCCc2c1ccc1ccc(-c3ccc(C4CCC[NH+]CC4)nc3)cc21,-10.7,2.8044000000000002,0.7277847991112879,3.7888590863883245,371.4840000000002,2,3,2,57.59,5,28,0.18852009,0.07613677,True,0.927234132570133,docking_results_3_28.csv,0.045016035,0.022042407,0.18852009,0.06800053,0.095173955,0.02507058,0.024286415,0.17980352,0.033124845,0.035561543,0.11728647,0.07975485,True,2.8044000000000002,2.8044
117,C1=CC[NH1+1]CCCC1C2=CC=C(C=C2)C3=CC=C4C=CC5=C(CCNC5=O)C4=C3,O=C1NCCc2c1ccc1ccc(-c3ccc(C4C=CC[NH+]CCC4)cc3)cc21,-10.7,3.5755000000000026,0.6540644179155827,3.783014861850244,382.50700000000023,2,2,2,44.7,5,29,0.19149609,0.07894539,True,0.6576289375793506,docking_results_3_16.csv,0.04452712,0.02323371,0.13771804,0.07121097,0.11551682,0.032621518,0.028620524,0.19149609,0.029578866,0.04263556,0.15704875,0.073136754,True,3.5755000000000026,3.5755000000000026
33,CC1=CC=C(C=C1C2=CC=C3C=CC4=C(CCNC4=O)C3=C2)[C@H1]5CNCCN5,Cc1ccc([C@H]2CNCCN2)cc1-c1ccc2ccc3c(c2c1)CCNC3=O,-10.7,3.335020000000002,0.6476474119305619,3.180668589315606,371.4840000000001,3,3,2,53.160000000000004,5,28,0.1944341,0.075811416,True,0.7567581470957989,docking_results_3_24.csv,0.045802064,0.020042874,0.1944341,0.068509154,0.111188814,0.025266249,0.021771384,0.16495404,0.032317862,0.03171328,0.12124001,0.07249708,True,3.335020000000002,3.335020000000002
86,CC1=CC=C(C2=C1C=C3C=CC4=C(CCNC4=O)C3=C2)C(=O)N5CCNCC5,Cc1ccc(C(=O)N2CCNCC2)c2cc3c4c(ccc3cc12)C(=O)NCC4,-10.7,2.632720000000001,0.6448859642564825,2.655019510474629,373.4560000000002,2,3,1,61.440000000000005,5,28,0.21784776,0.0826017,True,0.9522192039457732,docking_results_3_23.csv,0.04603634,0.0262918,0.20467454,0.063389495,0.084401585,0.024539934,0.02672593,0.21784776,0.041544188,0.03694177,0.10980211,0.10902495,True,2.632720000000001,2.632720000000001
252,O=C(N1C(=O)C2=CC=CC=C2C1=O)C3=CC=C4C=CC5=C(CCNC5=O)C4=C3,O=C1NCCc2c1ccc1ccc(C(=O)N3C(=O)c4ccccc4C3=O)cc21,-10.7,2.5621,0.6675418270237888,2.4664202369703556,370.36400000000015,1,4,1,83.55000000000001,5,28,0.263853,0.09876076,True,0.95690235861645,docking_results_3_25.csv,0.045364883,0.027630368,0.263853,0.055484105,0.1182459,0.032448716,0.026346656,0.23877622,0.03939796,0.035225168,0.20591208,0.09644407,True,2.5621,2.5621
120,CC1=CC=C(C=C1C2=CC=C3C4=C(CCNC4=O)C=CC3=C2)NC(=O)CC5NCNCC5,Cc1ccc(NC(=O)CC2CCNCN2)cc1-c1ccc2c3c(ccc2c1)CCNC3=O,-10.7,3.3387200000000012,0.5137910801194844,3.282788882794204,428.5360000000002,4,4,4,82.26,5,32,0.2794376,0.108287476,True,0.7552649492519067,docking_results_3_21.csv,0.04572734,0.02788833,0.2794376,0.08449421,0.11645279,0.035706807,0.03392323,0.26081082,0.057465546,0.055005316,0.17477077,0.12776683,True,3.3387200000000012,3.338720000000001
211,C[C@@H1](NC1=NC=C(C=N1)C2=NCCN2)C3=CC=C4C=CC5=C(CCNC5=O)C4=C3,C[C@@H](Nc1ncc(C2=NCCN2)cn1)c1ccc2ccc3c(c2c1)CCNC3=O,-10.7,2.4386,0.6406543972618457,3.400106996965471,386.4590000000002,3,6,4,91.30000000000001,5,29,0.29301777,0.07981476,True,0.9569318873317816,docking_results_3_19.csv,0.035118733,0.01677307,0.29301777,0.059689257,0.07314482,0.018403852,0.021836968,0.18287008,0.03647308,0.033082422,0.104336314,0.08303068,True,2.4386,2.4386
110,C1OC(=O)[C@@](C1)C2=CC=C(C=C2)C3=CC=C4C=CC5=C(CCNC5=O)C4=C3,O=C1OCC[C]1c1ccc(-c2ccc3ccc4c(c3c2)CCNC4=O)cc1,-10.7,3.6621900000000025,0.7131229418730621,2.7560792237659655,356.4010000000002,1,3,2,55.4,5,27,0.29919368,0.14163694,True,0.6221467191350336,docking_results_3_15.csv,0.08683019,0.060765315,0.27779567,0.10907855,0.19922268,0.07101952,0.04725562,0.29919368,0.07202037,0.062348302,0.26222596,0.15188745,True,3.6621900000000025,3.6621900000000025
43,CN(C[C@H1]1CCNC1)C2=CC=C(C=N2)C3=CC=C4C=CC5=C(CCNC5=O)C4=C3,CN(C[C@H]1CCNC1)c1ccc(-c2ccc3ccc4c(c3c2)CCNC4=O)cn1,-10.7,3.2334000000000014,0.7228494240432449,3.1985688974179602,386.49900000000025,2,4,4,57.26,5,29,0.34564745,0.13225542,True,0.7968227726796563,docking_results_3_28.csv,0.053837564,0.034241494,0.34564745,0.12142023,0.13869369,0.04546172,0.038760856,0.28752053,0.07565257,0.060309425,0.22277522,0.1627444,True,3.2334000000000014,3.2334000000000014
108,C1OC2=CC=CC=C2C3=CC=C4C5=C(CCNC5=O)C=CC4=C3NC(=O)NC1=O,O=C1COc2ccccc2-c2ccc3c4c(ccc3c2NC(=O)N1)CCNC4=O,-10.7,2.8331999999999997,0.5526357931868427,3.2668240363966285,387.3950000000001,3,4,0,96.53,5,29,0.36497903,0.11594974,True,0.921261917337318,docking_results_3_26.csv,0.056895185,0.036407985,0.36497903,0.06690459,0.115354106,0.03438846,0.034957916,0.2662645,0.06675262,0.044660438,0.1616925,0.14213957,True,2.8331999999999997,2.8332
58,C1C2=CC=CC=C2C3=CC=C4C5=C(CCNC5=O)C=CC4=C3NC(=O)NC1=O,O=C1Cc2ccccc2-c2ccc3c4c(ccc3c2NC(=O)N1)CCNC4=O,-10.7,2.9969,0.5676888516782951,3.215910615582022,371.3960000000001,3,3,0,87.30000000000001,5,28,0.37877306,0.12647042,True,0.8787306575529088,docking_results_3_24.csv,0.05588545,0.036841445,0.37877306,0.08044752,0.12056517,0.038052514,0.036957752,0.28776765,0.06622989,0.049751904,0.21169557,0.15467715,True,2.9969,2.9969
232,CC1CNC(=O)C2=CC=C(C=C12)C=CC3=C4C=CC5=C(CCNC5=O)C4=CC=CC3,CC1CNC(=O)c2ccc(C=CC3=c4ccc5c(c4=CC=CC3)CCNC5=O)cc21,-10.7,2.4239000000000006,0.8192323091896209,3.949592488272934,396.4900000000002,2,2,2,58.2,5,30,0.38770056,0.13845877,True,0.9562418230658992,docking_results_3_12.csv,0.06802078,0.058697455,0.16221307,0.106118664,0.13506193,0.070345856,0.04682668,0.38770056,0.05054654,0.09098616,0.31627235,0.16871515,True,2.4239000000000006,2.4239000000000006
27,C[C@H1]1C[C@H1](C)C(=O)N1C2=CC=C(C=N2)C3=CC=C4C=CC5=C(CCNC5=O)C4=C3,C[C@H]1C[C@H](C)N(c2ccc(-c3ccc4ccc5c(c4c3)CCNC5=O)cn2)C1=O,-10.7,3.9490000000000025,0.7265629716619358,3.5182098284268566,385.4670000000002,1,3,2,62.300000000000004,5,29,0.40227136,0.1791752,True,0.5133377701480295,docking_results_3_14.csv,0.06914577,0.051214088,0.40227136,0.17492427,0.18784131,0.075550325,0.056438502,0.35449758,0.100359574,0.08492919,0.37300804,0.21992236,True,3.9490000000000025,3.9490000000000025
82,O=C1CCC[C@H1]1NC(=O)C2=CC=C(C=C2)C3=CC=C4C=CC5=C(CCNC5=O)C4=C3,O=C(N[C@@H]1CCCC1=O)c1ccc(-c2ccc3ccc4c(c3c2)CCNC4=O)cc1,-10.7,3.6441000000000017,0.7072719702183683,2.8948609232861973,398.4620000000002,2,3,3,75.27000000000001,5,30,0.43234605,0.19788946,True,0.6294901677689061,docking_results_3_16.csv,0.09772801,0.08266964,0.33897415,0.16051699,0.26649028,0.12069217,0.060799055,0.40088645,0.10189024,0.094377235,0.43234605,0.21730362,True,3.6441000000000017,3.6441000000000017
93,O=C(CC1=CN=C[NH1]1)C2=CC=C(C=C2)C3=CC=C4C=CC5=C(CCNC5=O)C4=C3,O=C(Cc1cnc[nH]1)c1ccc(-c2ccc3ccc4c(c3c2)CCNC4=O)cc1,-10.7,3.941200000000002,0.5259257495228293,2.5627396726524463,381.43500000000023,2,3,4,74.85,5,29,0.43323335,0.1744448,True,0.5160533179255592,docking_results_3_28.csv,0.08380406,0.062110092,0.43323335,0.13793682,0.23478146,0.08682791,0.050551884,0.3344961,0.09745061,0.076918244,0.32468012,0.17054684,True,3.941200000000002,3.941200000000002
140,C[C@@H1]1CC(=O)N1C2=CC=C(C=N2)C3=CC=C4C=CC5=C(CCNC5=O)C4=C3,C[C@@H]1CC(=O)N1c1ccc(-c2ccc3ccc4c(c3c2)CCNC4=O)cn1,-10.7,3.3129000000000017,0.7159138458032303,3.114383470627203,357.4130000000002,1,3,2,62.300000000000004,5,27,0.43601575,0.18635358,True,0.7656416617494025,docking_results_3_26.csv,0.07935723,0.062985286,0.43601575,0.167306,0.18534106,0.07788828,0.057537068,0.38084617,0.11003679,0.08466049,0.3513934,0.24287531,True,3.3129000000000017,3.3129000000000017
87,CC1=CC=C(C=C1C2=CC=C3C4=C(CCNC4=O)C=CC3=C2C#N)C(=O)C(=O)NC,CNC(=O)C(=O)c1ccc(C)c(-c2ccc3c4c(ccc3c2C#N)CCNC4=O)c1,-10.7,2.9015000000000004,0.5243213261397068,2.8467113953755536,397.43400000000014,2,4,3,99.06,4,30,0.46068916,0.20415743,True,0.9052186317534064,docking_results_3_29.csv,0.056298524,0.05334999,0.46068916,0.15852731,0.1904226,0.086377144,0.06182487,0.45162216,0.12313916,0.10755513,0.44078675,0.25929654,True,2.9015000000000004,2.9015000000000004
185,CC1(C)CN1C(=O)C2=CC=C(C=C2)C=C3C=C4C=CC5=C(CCNC5=O)C4=C=C3,CC1(C)CN1C(=O)c1ccc(C=C2C=C=c3c4c(ccc3=C2)C(=O)NCC4)cc1,-10.7,2.0202,0.8082825494023027,3.6106367789321077,382.4630000000002,1,2,2,49.18,5,29,0.4846183,0.18041967,True,0.8838036445295738,docking_results_3_22.csv,0.06501031,0.07241766,0.1765664,0.14855035,0.1758314,0.10800044,0.059932698,0.4846183,0.070224084,0.13123503,0.44790104,0.22474821,True,2.0202,2.0202
43,O=C(N1CCC1)C2=CC=C(C=C2)C=C3C=C4C=CC5=C(CCNC5=O)C4=C=C3,O=C1NCCc2c1ccc1c2=C=CC(=Cc2ccc(C(=O)N3CCC3)cc2)C=1,-10.7,1.6317,0.8760709737535226,3.320176775431893,368.4360000000002,1,2,2,49.410000000000004,5,28,0.4871596,0.17012198,True,0.7432610838476734,docking_results_3_25.csv,0.08858282,0.10143814,0.15582113,0.11968906,0.16542885,0.106597714,0.05787992,0.4871596,0.072712705,0.11878462,0.33918193,0.2281874,True,1.6317,1.6317
57,C[C@]1CC2=CON=C2C[C@@H1](N1)C3=CC=C4C5=C(CCNC5=O)C=CC4=C3,C[C]1Cc2conc2C[C@H](c2ccc3c4c(ccc3c2)CCNC4=O)N1,-10.6,3.0950900000000017,0.7104878370449577,3.918313532042937,346.41,2,4,1,67.16,5,26,0.14415862,0.045712426,True,0.8393420239436787,docking_results_3_14.csv,0.036315296,0.01291212,0.14415862,0.04050578,0.061673034,0.0118858535,0.013386027,0.10192698,0.017388908,0.019205378,0.049085733,0.040105354,True,3.0950900000000017,3.0950900000000017
171,C[C@@H1](N1CCNCC1)C2=CC=C(C=C2)C3=CC=C4C=CC5=C(CCNC5=O)C4=C3,C[C@H](c1ccc(-c2ccc3ccc4c(c3c2)CCNC4=O)cc1)N1CCNCC1,-10.6,3.7589000000000024,0.721582056350731,2.9405401191374168,385.51100000000025,2,3,3,44.37,5,29,0.16300899,0.07009757,True,0.5782782522025091,docking_results_3_14.csv,0.048297096,0.022177035,0.14261866,0.06357263,0.11449989,0.026939658,0.022893323,0.16300899,0.031124037,0.03222912,0.106074795,0.06773566,True,3.7589000000000024,3.7589000000000015
46,C[C@@H1]1CN(CCN1C(=O)C2=CC=C3C=CC4=C(CCNC4=O)C3=C2)C5=CC=CC=C5,C[C@@H]1CN(c2ccccc2)CCN1C(=O)c1ccc2ccc3c(c2c1)CCNC3=O,-10.6,3.476600000000002,0.7179094179651068,2.8361245837636506,399.4940000000001,1,3,2,52.65,5,30,0.16408606,0.070777364,True,0.6921846975108544,docking_results_3_24.csv,0.05026903,0.024437161,0.1439663,0.059597578,0.10707651,0.028248869,0.027874842,0.16408606,0.033148795,0.036242254,0.10762208,0.06675885,True,3.476600000000002,3.476600000000002
70,C[C@H1](NC(=O)C1=CC=CC(F)=C1)C2=CC=C3C=CC4=C(CCNC4=O)C3=C2,C[C@H](NC(=O)c1cccc(F)c1)c1ccc2ccc3c(c2c1)CCNC3=O,-10.6,3.7558000000000025,0.7454052855067914,2.724081580209928,362.4040000000001,2,2,3,58.2,4,27,0.16548781,0.06972023,True,0.5794773048611389,docking_results_3_28.csv,0.03422219,0.014896985,0.16548781,0.05788668,0.11035231,0.026417784,0.023518968,0.14313002,0.022010418,0.03515146,0.1590432,0.044524916,True,3.7558000000000025,3.7558000000000025
124,C1CC[NH1+1]CCC1C2=CC=CC=C2C3=CC=C4C=CC5=C(CCNC5=O)C4=C3,O=C1NCCc2c1ccc1ccc(-c3ccccc3C3CCC[NH+]CC3)cc21,-10.6,3.4094000000000015,0.7133971134772371,3.644343609094533,370.4960000000002,2,2,2,44.7,5,28,0.17459217,0.07277001,True,0.7197222609797026,docking_results_3_15.csv,0.037244704,0.018262893,0.1377852,0.07195772,0.10036405,0.026980247,0.025151711,0.17459217,0.02508962,0.03886242,0.15034004,0.066609345,True,3.4094000000000015,3.409400000000001
118,CCN1CCO[C@@H1](C1)C2=CC=C(C=N2)C3=CC=C4C=CC5=C(CCNC5=O)C4=C3,CCN1CCO[C@H](c2ccc(-c3ccc4ccc5c(c4c3)CCNC5=O)cn2)C1,-10.6,3.5809000000000024,0.7463849211814985,3.1760257299971455,387.48300000000023,1,4,3,54.46,5,29,0.20711443,0.07686723,True,0.6493580362677761,docking_results_3_29.csv,0.050463334,0.023496563,0.20711443,0.06801051,0.10193808,0.024675308,0.022450544,0.17243801,0.03705803,0.031793993,0.10119594,0.08177203,True,3.5809000000000024,3.5809000000000024
252,O=C1C[C@@H1](CN1C2=CC=C(C=N2)C#N)C3=CC=C4C=CC5=C(CCNC5=O)C4=C3,N#Cc1ccc(N2C[C@@H](c3ccc4ccc5c(c4c3)CCNC5=O)CC2=O)nc1,-10.6,2.9128800000000012,0.7383694125457512,3.2178333770559684,382.42300000000023,1,4,2,86.09,5,29,0.2373888,0.104121715,True,0.8939806119278269,docking_results_3_27.csv,0.07100675,0.045246273,0.22356354,0.08469933,0.11695848,0.040500432,0.041191556,0.2373888,0.059742536,0.050015803,0.14672278,0.13242422,True,2.9128800000000012,2.912880000000001
125,C1OCCNC2=NC(=NC=C2N(C)C1=O)C3=CC=C4C=CC5=C(CCNC5=O)C4=C3,CN1C(=O)COCCNc2nc(-c3ccc4ccc5c(c4c3)CCNC5=O)ncc21,-10.6,1.9875999999999996,0.6451270517176755,3.4592062813763818,403.44200000000023,2,6,1,96.44999999999999,5,30,0.26506728,0.08660325,True,0.8659590745532363,docking_results_3_16.csv,0.050343372,0.030019986,0.26506728,0.05436472,0.08326127,0.02266994,0.025897145,0.22172844,0.052388623,0.032890987,0.07936743,0.12123976,True,1.9875999999999996,1.9876
137,CC1=CC=C(C=C1C2=CC=C3C=CC4=C(CCNC4=O)C3=C2[C@@H1])C5CC(=O)NC5,[CH]c1c(-c2cc(C3CNC(=O)C3)ccc2C)ccc2ccc3c(c12)CCNC3=O,-10.6,3.763810000000002,0.7089653587173038,3.5725288821532812,382.46300000000014,2,2,2,58.2,5,29,0.33911696,0.14750363,True,0.5763826448711032,docking_results_3_21.csv,0.050549224,0.03680493,0.30355972,0.1320544,0.14807083,0.05779345,0.049882185,0.33217448,0.06836105,0.0797753,0.33911696,0.17190105,True,3.763810000000002,3.763810000000002
255,O=C(NC1CC(O)C1)C2=CC=C(C=C2)C3=CC=C4C=CC5=C(CCNC5=O)C4=C3,O=C(NC1CC(O)C1)c1ccc(-c2ccc3ccc4c(c3c2)CCNC4=O)cc1,-10.6,3.0458000000000007,0.6474228429471841,2.40668623755459,386.4510000000002,3,3,3,78.43,5,29,0.3530269,0.1566972,True,0.855541787284496,docking_results_3_26.csv,0.062091652,0.04276469,0.33721194,0.13176684,0.2019918,0.072306894,0.048581865,0.3153354,0.078580715,0.07434802,0.3530269,0.16235973,True,3.0458000000000007,3.0458000000000007
115,C[C@@H1](C[C@@H1]1CCNC1)NC2=CC=C(C=N2)C3=CC=C4C=CC5=C(CCNC5=O)C4=C3,C[C@@H](C[C@@H]1CCNC1)Nc1ccc(-c2ccc3ccc4c(c3c2)CCNC4=O)cn1,-10.6,3.987700000000002,0.6059371590565774,3.4747333574549266,400.52600000000024,3,4,5,66.05000000000001,5,30,0.37794068,0.16718261,True,0.4954935342250798,docking_results_3_24.csv,0.05933108,0.041540384,0.37794068,0.16738115,0.18304747,0.06763794,0.047733717,0.3393104,0.09046085,0.07890356,0.3508951,0.2020087,True,3.987700000000002,3.987700000000002
20,C1=C2CNC(=O)C2C=C1C3=CC=C4C5=C(CCNC5=O)C=CC4=C3,O=C1NCCc2ccc3cc(C4=CC5C(=O)NCC5=C4)ccc3c21,-10.6,2.1951,0.8471926164867902,3.680074116667619,316.36,2,2,1,58.2,5,24,0.4025518,0.1465901,True,0.9185868307502254,docking_results_3_21.csv,0.0829515,0.07361114,0.21951602,0.10329462,0.12929824,0.06488081,0.052509446,0.4025518,0.07541792,0.08419924,0.25062814,0.22022231,True,2.1951,2.1951
37,CCCCNC(=O)C1=CC=NC(=C1)C=C2C=C3C=CC4=C(CCNC4=O)C3=C=C2,CCCCNC(=O)c1ccnc(C=C2C=C=c3c4c(ccc3=C2)C(=O)NCC4)c1,-10.6,1.7106999999999999,0.770112720281918,3.5560533830596874,385.4670000000002,2,3,5,71.09,4,29,0.48303232,0.18535288,True,0.7678838618108623,docking_results_3_24.csv,0.060878754,0.069282755,0.28428972,0.13387233,0.15962723,0.09467604,0.06702263,0.48303232,0.10162492,0.13659404,0.38688672,0.2464471,True,1.7106999999999999,1.7107
81,CC[NH1+1]1CCC[C@@H1](C1)C2=CC=C(C=C2)C3=CC=C4C=CC=C(CNC(N)=O)C4=C3,CC[NH+]1CCC[C@H](c2ccc(-c3ccc4cccc(CNC(N)=O)c4c3)cc2)C1,-10.5,3.457300000000001,0.6159359736906568,3.782347098385813,388.5350000000002,3,1,5,59.559999999999995,4,29,0.11463029,0.047635857,True,0.6922996358444066,docking_results_3_10.csv,0.038243316,0.014564958,0.07188689,0.037004963,0.11463029,0.022422813,0.01728572,0.10653617,0.016238177,0.025049098,0.07800359,0.029764323,True,3.457300000000001,3.457300000000001
116,CC(=O)N1CCC[C@H1](C1)C2=CC=C3C4=C(CCNC4=O)C=CC3=C2,CC(=O)N1CCC[C@@H](c2ccc3c4c(ccc3c2)CCNC4=O)C1,-10.5,2.8516000000000012,0.8775173286803192,2.933847580594996,322.408,1,2,1,49.410000000000004,4,24,0.12855595,0.05057481,True,0.8985964823311786,docking_results_3_16.csv,0.049890686,0.02199457,0.07871694,0.04066431,0.08467924,0.020509632,0.020209175,0.12855595,0.019566502,0.026154866,0.06727782,0.048678063,True,2.8516000000000012,2.851600000000001
100,O=S(=O)(N1CCNCC1)C2=CC=C(C=C2)C3=CC=C4C=CC5=C(CCNC5=O)C4=C3,O=C1NCCc2c1ccc1ccc(-c3ccc(S(=O)(=O)N4CCNCC4)cc3)cc21,-10.5,2.3865999999999996,0.6807661737040581,2.4684613006426996,421.5220000000002,2,4,3,78.51,5,30,0.15314437,0.057681054,True,0.934492166578145,docking_results_3_28.csv,0.05340556,0.027028587,0.069514416,0.04263066,0.11239458,0.025196256,0.021439893,0.15314437,0.02404362,0.02354191,0.07795732,0.061875448,True,2.3865999999999996,2.3866
45,O=C(NC1CCCCC12CCNCC2)C3=CC=C4C=CC5=C(CCNC5=O)C4=C3,O=C(NC1CCCCC12CCNCC2)c1ccc2ccc3c(c2c1)CCNC3=O,-10.5,3.1679000000000013,0.736468346812188,3.75368970589388,391.51500000000016,3,3,2,70.23,5,29,0.167834,0.06089511,True,0.8047298309758937,docking_results_3_24.csv,0.036046788,0.018146567,0.087604254,0.05744986,0.082565114,0.023327071,0.022240309,0.167834,0.023291849,0.034508903,0.11076198,0.06696464,True,3.1679000000000013,3.1679000000000013
193,OC1CCN(CC1C2=CC=C(F)C=C2F)C3=CC=C4C=CC5=C(CCNC5=O)C4=C3,O=C1NCCc2c1ccc1ccc(N3CCC(O)C(c4ccc(F)cc4F)C3)cc21,-10.5,3.758700000000003,0.6790471767111232,3.3909326215629125,408.4480000000002,2,3,2,52.57,5,30,0.20704544,0.087134264,True,0.5719002618580152,docking_results_3_28.csv,0.037214894,0.01995113,0.15117429,0.100224815,0.09243279,0.030375997,0.031123858,0.20704544,0.028167546,0.0500056,0.20688175,0.091012985,True,3.758700000000003,3.758700000000003
31,O=C1C[C@@H1](CN1CCCN)C2=CC=C(C=C2)C3=CC=C4C=CC5=C(CCNC5=O)C4=C3,NCCCN1C[C@@H](c2ccc(-c3ccc4ccc5c(c4c3)CCNC5=O)cc2)CC1=O,-10.5,3.4574000000000016,0.6726724681203159,3.038563697598679,413.52100000000024,2,3,5,75.43,5,31,0.2429284,0.10591832,True,0.6922590390685097,docking_results_3_28.csv,0.070331186,0.044105075,0.18055226,0.09010451,0.14449097,0.048845835,0.042630404,0.2429284,0.054599166,0.05586598,0.17582038,0.12074562,True,3.4574000000000016,3.4574000000000016
99,N#C[C@@H1]1CNCCN1C2=CC=C(C=N2)C3=CC=C4C=CC5=C(CCNC5=O)C4=C3,N#C[C@@H]1CNCCN1c1ccc(-c2ccc3ccc4c(c3c2)CCNC4=O)cn1,-10.5,2.4894800000000004,0.710648661465074,3.362937404205291,383.4550000000002,2,5,2,81.05000000000001,5,29,0.25509837,0.10512347,True,0.9387528106475423,docking_results_3_25.csv,0.06648739,0.04260011,0.25509837,0.08481093,0.10987549,0.03575433,0.037490528,0.24756686,0.0651409,0.04744011,0.11914767,0.15006885,True,2.4894800000000004,2.4894800000000004
44,[O-1][N+1]=C1CNN(C2=CC=CC=C2)C(=O)C1C3=CC=C4C5=C(CCNC5=O)C=CC4=C3,O=C1NCCc2ccc3cc(C4C(=O)N(c5ccccc5)NCC4=[N+][O-])ccc3c21,-10.5,2.0352999999999994,0.5088676995560821,3.7564672893339415,399.4300000000002,2,5,2,98.6,5,30,0.27848008,0.09833807,True,0.8701588688244166,docking_results_3_16.csv,0.03692067,0.01975918,0.27848008,0.07441779,0.1063505,0.02812174,0.028070627,0.22954303,0.042801786,0.042416543,0.19365734,0.09951755,True,2.0352999999999994,2.0352999999999994
243,NC(=O)C1CC1C2=CC=C(C=C2)C3=CC=C4C=CC5=C(CCNC5=O)C4=C3,NC(=O)C1CC1c1ccc(-c2ccc3ccc4c(c3c2)CCNC4=O)cc1,-10.5,3.3815000000000017,0.7550385925175429,3.158212196183589,356.4250000000002,2,2,3,72.19,5,27,0.28446218,0.13581409,True,0.7229077295919883,docking_results_3_20.csv,0.069467224,0.047412667,0.25642225,0.102301225,0.20777002,0.07094502,0.047854286,0.28446218,0.069268756,0.06704541,0.27701995,0.12980002,True,3.3815000000000017,3.3815000000000017
62,C1CN(CCN1)C2=CC=C(C=N2)C3=CC=C4C=CC5=C(CCNC5=O)C4=C3,O=C1NCCc2c1ccc1ccc(-c3ccc(N4CCNCC4)nc3)cc21,-10.5,2.5973000000000006,0.7393603088365035,2.519463461838022,358.44500000000016,2,4,2,57.26,5,27,0.2904226,0.102400504,True,0.9356232033925986,docking_results_3_28.csv,0.058182567,0.03399121,0.2904226,0.08052259,0.10883076,0.031859726,0.032424655,0.23669703,0.06081687,0.04374014,0.12044251,0.13087529,True,2.5973000000000006,2.5973000000000006
35,CC1=CC=C(C=C1C2=CC=C3C=CC4=C(CCNC4=O)C3=C2C=O)N5CCNCC5,Cc1ccc(N2CCNCC2)cc1-c1ccc2ccc3c(c2c1C=O)CCNC3=O,-10.5,3.3232200000000027,0.6635657560522872,2.828236897459675,399.4940000000002,2,4,3,61.440000000000005,5,30,0.31033507,0.12559448,True,0.7460647118367157,docking_results_3_24.csv,0.046872526,0.032338943,0.31033507,0.10522647,0.111320525,0.03917363,0.040259335,0.30514026,0.06933389,0.06176743,0.21724883,0.1681169,True,3.3232200000000027,3.3232200000000027
74,C[NH1+1](C)[C@@H1]1CC(=O)NC2=CC=C(C=C12)C3=CC=C4C=CC5=C(CCNC5=O)C4=C3,C[NH+](C)[C@@H]1CC(=O)Nc2ccc(-c3ccc4ccc5c(c4c3)CCNC5=O)cc21,-10.5,2.3205,0.6330304747763218,3.734528882153281,386.4750000000002,3,2,2,62.64,5,29,0.32656857,0.13514043,True,0.92807359434406,docking_results_3_12.csv,0.04372178,0.027497534,0.3226843,0.124050505,0.14198788,0.046710636,0.034013562,0.2954455,0.05564983,0.05812336,0.32656857,0.14523172,True,2.3205,2.3205
190,O=C(N[C@@H1]1CCOC1)C2=CC=C(C=C2)C3=CC=C4C=CC5=C(CCNC5=O)C4=C3,O=C(N[C@@H]1CCOC1)c1ccc(-c2ccc3ccc4c(c3c2)CCNC4=O)cc1,-10.5,3.3114000000000017,0.7257482952518531,2.8498364087301766,386.45100000000025,2,3,3,67.43,5,29,0.332578,0.1543477,True,0.750703295180212,docking_results_3_24.csv,0.0745045,0.053552102,0.332578,0.12524544,0.1927326,0.07111383,0.05029635,0.32050163,0.0839318,0.07068723,0.3020712,0.17495792,True,3.3114000000000017,3.3114000000000017
65,C1C=CC(NC(=O)C2=CC=C3C4=C(CCNC4=O)C=CC3=C2)=CC=C1C(=O)NC(N)=O,NC(=O)NC(=O)C1=CC=C(NC(=O)c2ccc3c4c(ccc3c2)CCNC4=O)C=CC1,-10.5,1.8206,0.607888884178481,3.1281376196863135,416.4370000000001,4,4,3,130.39000000000001,4,31,0.3676007,0.10472271,True,0.8005896046307971,docking_results_3_17.csv,0.048801426,0.049011957,0.18116127,0.038559467,0.08467799,0.04123145,0.04129655,0.3676007,0.064924106,0.071211055,0.12717748,0.14101894,True,1.8206,1.8206
11,C1[C@@](O)CCN(C1)C2=CC=C(C=N2)C3=CC=C4C=CC5=C(CCNC5=O)C4=C3,O=C1NCCc2c1ccc1ccc(-c3ccc(N4CC[C](O)CC4)nc3)cc21,-10.5,3.6923900000000023,0.7200189093422796,2.8336998523549717,372.4480000000002,2,4,2,65.46000000000001,5,28,0.38243076,0.1478831,True,0.5976091255135394,docking_results_3_15.csv,0.06166504,0.042218417,0.38243076,0.13346823,0.14826907,0.052913733,0.0468653,0.31285256,0.0915733,0.06854957,0.24593383,0.18785746,True,3.6923900000000023,3.6923900000000014
217,C[C@H1]1COCCN1C2=CC=C(C=N2)C3=CC=C4C=CC5=C(CCNC5=O)C4=C3,C[C@H]1COCCN1c1ccc(-c2ccc3ccc4c(c3c2)CCNC4=O)cn1,-10.5,3.4128000000000016,0.7479420106150796,3.063932003949753,373.4560000000002,1,4,2,54.46,5,28,0.3846302,0.14200687,True,0.710317495645661,docking_results_3_20.csv,0.061771788,0.039903477,0.3846302,0.13075358,0.1456536,0.049832467,0.043915067,0.29145727,0.08451022,0.06474477,0.2340351,0.17287482,True,3.4128000000000016,3.4128000000000016
39,C=1=CCN2C=NN=C2C=1C3=CC=C4C5=C(CCNC5=O)C=CC4=C3,O=C1NCCc2ccc3cc(C4=C=CCn5cnnc54)ccc3c21,-10.5,2.3176000000000005,0.7013065428587167,3.600170615474309,314.348,1,3,1,59.81,5,24,0.4190042,0.17299825,True,0.9277274266916268,docking_results_3_15.csv,0.06992027,0.06347327,0.41172212,0.14505838,0.123719186,0.05734812,0.05099829,0.4190042,0.09942636,0.079719946,0.28202584,0.2735632,True,2.3176000000000005,2.3176000000000005
195,C1C(C)C(=O)N1C2=CC=C(C=N2)C3=CC=C4C=CC5=C(CCNC5=O)C4=C3,CC1CN(c2ccc(-c3ccc4ccc5c(c4c3)CCNC5=O)cn2)C1=O,-10.5,3.1704000000000017,0.7167736962719605,3.1278674942958418,357.4130000000002,1,3,2,62.300000000000004,5,27,0.4276214,0.18081783,True,0.8038330768991319,docking_results_3_26.csv,0.072992735,0.058501143,0.4276214,0.15399425,0.17881706,0.073073186,0.061558895,0.377466,0.11998476,0.08619558,0.31762093,0.24198784,True,3.1704000000000017,3.1704000000000017
109,C1C2CNC(=C2C1=O)C3=CC=C(C=C3)C4=CC=C(C=C4)C(=O)N5C=CC=C6CNC(=O)CCC6=C5,O=C1CCC2=CN(C(=O)c3ccc(-c4ccc(C5=C6C(=O)CC6CN5)cc4)cc3)C=CC=C2CN1,-10.5,3.9467000000000025,0.722757678824702,3.8278098938896825,463.53700000000026,2,4,3,78.51,6,35,0.4301558,0.14769591,True,0.5037111194478114,docking_results_3_10.csv,0.079448454,0.08131899,0.16126756,0.08969204,0.1488842,0.08173509,0.05839628,0.4301558,0.0758881,0.099696144,0.267206,0.19866215,True,3.9467000000000025,3.9467000000000025
201,CC(C)NC(=O)C1=CC=C(C=C1)C=C2C=C3C=CC4=C(CCNC4=O)C3=C=C2,CC(C)NC(=O)c1ccc(C=C2C=C=c3c4c(ccc3=C2)C(=O)NCC4)cc1,-10.5,1.9239999999999997,0.8673992335477676,3.3446852369703555,370.45200000000017,2,2,3,58.2,4,28,0.44423926,0.17014877,True,0.8362882113878718,docking_results_3_25.csv,0.059905346,0.058819294,0.21409108,0.12553579,0.19285358,0.10167972,0.050056778,0.43822473,0.06311072,0.114212744,0.44423926,0.17905608,True,1.9239999999999997,1.924
153,N#CC(C#N)C1=CC=C(C=C1)C2=CC=C3C=CC4=C(CCNC4=O)C3=C2,N#CC(C#N)c1ccc(-c2ccc3ccc4c(c3c2)CCNC4=O)cc1,-10.5,3.923460000000003,0.7696574825047898,2.686870720232891,337.38200000000006,1,3,2,76.68,4,26,0.4739184,0.22251682,True,0.5116972892059122,docking_results_3_18.csv,0.094655946,0.10198075,0.31553188,0.19705799,0.25876182,0.14699809,0.07937232,0.4739184,0.12378681,0.13484865,0.46677014,0.27651882,True,3.923460000000003,3.923460000000003
102,CC1=CC=C(C=C1NC(=O)C2=CC=C3C(=C2)CCCNC3=O)C4=CC=CC5N=C[NH1]C5=C4,Cc1ccc(C2=CC=CC3N=CNC3=C2)cc1NC(=O)c1ccc2c(c1)CCCNC2=O,-10.5,3.7605200000000023,0.7016788252561204,3.6394300738612007,424.5040000000001,3,4,3,82.59,5,32,0.4846935,0.18635458,True,0.5712048882514555,docking_results_3_10.csv,0.03535738,0.036081456,0.3605918,0.13926232,0.1252197,0.0669599,0.05913519,0.4846935,0.08079988,0.1315118,0.48173136,0.23491068,True,3.7605200000000023,3.7605200000000014
92,CC1=CC=C(C=C1C2=CC=C3C=CC4=C(CCNC4=O)C3=C2C#N)C(=O)N=CNC,CNC=NC(=O)c1ccc(C)c(-c2ccc3ccc4c(c3c2C#N)CCNC4=O)c1,-10.5,3.3607000000000014,0.5242652390510822,3.141046883416924,396.4500000000001,2,3,3,94.35000000000001,4,30,0.4951726,0.19455658,True,0.7312211463680851,docking_results_3_29.csv,0.048443034,0.042988323,0.4951726,0.1510646,0.17140049,0.073994525,0.060357355,0.42033857,0.11685689,0.106041804,0.4161129,0.23190776,True,3.3607000000000014,3.3607000000000014
16,CCC=1C=NN(C=1)C2=CC=C3N(CCC3=C2)C(=O)CC4=CC5=CC=CC=C5N=C4N,CCc1cnn(-c2ccc3c(c2)CCN3C(=O)Cc2cc3ccccc3nc2N)c1,-10.5,3.696900000000002,0.5696486436218633,2.5751880910936293,397.4820000000001,1,4,4,77.04,5,30,0.49537238,0.14620022,True,0.5958392295645435,docking_results_3_5.csv,0.04710476,0.030566333,0.49537238,0.12522985,0.12812649,0.042687744,0.044715364,0.29109588,0.094261184,0.07154263,0.22608118,0.15761891,True,3.696900000000002,3.696900000000002
104,CC(=O)C=1C=NN2C=1C=CC=C2C=C3C=C4C=CC5=C(CCNC5=O)C4=C=C3,CC(=O)c1cnn2c(C=C3C=C=c4c5c(ccc4=C3)C(=O)NCC5)cccc12,-10.5,1.6361,0.7006344652220372,3.843785322440441,367.4080000000002,1,3,2,63.470000000000006,5,28,0.49920946,0.19047378,True,0.729945336245157,docking_results_3_23.csv,0.0731685,0.08355244,0.35030046,0.13694903,0.14827825,0.08413597,0.056537896,0.49920946,0.10115639,0.11016824,0.3589133,0.28331536,True,1.6361,1.6361
184,C1NC(C[C@@H1]1N2C=C(C)C=N2)C3=CC=C4C=CC5=C(CCNC5=O)C4=C3,Cc1cnn([C@@H]2CNC(c3ccc4ccc5c(c4c3)CCNC5=O)C2)c1,-10.4,2.906320000000001,0.7500549811991741,3.6886283522738816,346.43400000000014,2,3,2,58.95,5,26,0.122087605,0.041925132,True,0.8737140938584227,docking_results_3_26.csv,0.03683422,0.012370192,0.122087605,0.038937517,0.061284196,0.01151543,0.0124860015,0.09314047,0.014635028,0.017855117,0.046504863,0.035450965,True,2.906320000000001,2.906320000000001
209,CC1=CC=C(C=C1C=CC2=CC=C3N(C)N=CC(=O)C3=C2)C(=O)N4CCCN(C)CC4,Cc1ccc(C(=O)N2CCCN(C)CC2)cc1C=Cc1ccc2c(c1)c(=O)cnn2C,-10.4,3.1900200000000014,0.615573832466491,2.570298109196804,416.5250000000003,0,4,3,58.440000000000005,4,31,0.12981315,0.04268572,True,0.7859866975988677,docking_results_3_4.csv,0.02673309,0.012030684,0.08856058,0.033543333,0.05975199,0.01349253,0.01448344,0.12981315,0.018151816,0.023985054,0.05114908,0.04053393,True,3.1900200000000014,3.1900200000000014
30,C[C@@H1]1CN(CC1C2=CC=CN=C2)C3=CC=C4C=CC5=C(CCNC5=O)C4=C3,C[C@@H]1CN(c2ccc3ccc4c(c3c2)CCNC4=O)CC1c1cccnc1,-10.4,3.760600000000003,0.7594888294327949,3.411606608587155,357.45700000000016,1,3,2,45.230000000000004,5,27,0.22763373,0.103974916,True,0.5634707152644849,docking_results_3_18.csv,0.05018528,0.027356358,0.22763373,0.109397165,0.13382788,0.041508537,0.035328124,0.21719614,0.04728594,0.05393681,0.20356523,0.100477844,True,3.760600000000003,3.760600000000003
214,O=C(NC1CCCNC1)C2=CC=C(C=C2)C3=CC=C4C=CC5=C(CCNC5=O)C4=C3,O=C(NC1CCCNC1)c1ccc(-c2ccc3ccc4c(c3c2)CCNC4=O)cc1,-10.4,3.2745000000000015,0.6330974724479009,2.8709556001610466,399.49400000000026,3,3,3,70.23,5,30,0.25258112,0.10095196,True,0.7547108782058168,docking_results_3_24.csv,0.056945957,0.03128949,0.25258112,0.07400139,0.14217842,0.039423935,0.031938963,0.22100474,0.052655153,0.045178756,0.16312386,0.101101734,True,3.2745000000000015,3.274500000000001
179,CC[C@H1]1CN(CCN1)C2=CC=C(C=N2)C3=CC=C4C=CC5=C(CCNC5=O)C4=C3,CC[C@H]1CN(c2ccc(-c3ccc4ccc5c(c4c3)CCNC5=O)cn2)CCN1,-10.4,3.3759000000000015,0.7246339931348424,3.1182954132550638,386.4990000000002,2,4,3,57.26,5,29,0.2856565,0.099395685,True,0.7153702558834224,docking_results_3_22.csv,0.05560197,0.029253392,0.2856565,0.0847443,0.11972902,0.032395687,0.029174598,0.21412972,0.054889716,0.042105716,0.13179348,0.113274015,True,3.3759000000000015,3.375900000000001
64,CCC(=O)N1CCCN1C2=CC=C(C=N2)C3=CC=C4C=CC5=C(CCNC5=O)C4=C3,CCC(=O)N1CCCN1c1ccc(-c2ccc3ccc4c(c3c2)CCNC4=O)cn1,-10.4,3.551400000000002,0.7302494287442503,2.907624695868165,400.4820000000002,1,4,3,65.54,5,30,0.2902825,0.10212936,True,0.6452348477630335,docking_results_3_20.csv,0.05419169,0.032616995,0.2902825,0.077963516,0.103759624,0.03202185,0.03378117,0.23779471,0.056656986,0.047248714,0.1359376,0.123296924,True,3.551400000000002,3.551400000000002
18,C1N(CC(O)CN=C1)C2=CC=C(C=C2)C3=CC=C4C=CC5=C(CCNC5=O)C4=C3,O=C1NCCc2c1ccc1ccc(-c3ccc(N4CC=NCC(O)C4)cc3)cc21,-10.4,3.0444000000000013,0.7126797290437851,3.35580256257633,385.4670000000002,2,4,2,64.93,5,29,0.30102968,0.13597737,True,0.8350176335832558,docking_results_3_15.csv,0.076862186,0.05266381,0.2856208,0.1095214,0.16625044,0.057506938,0.04906278,0.30102968,0.08513891,0.063586585,0.20836946,0.17611535,True,3.0444000000000013,3.0444000000000013
86,C1CN(CC12CNC2)C3=CC=C(C=N3)C4=CC=C5C=CC6=C(CCNC6=O)C5=C4,O=C1NCCc2c1ccc1ccc(-c3ccc(N4CCC5(CNC5)C4)nc3)cc21,-10.4,2.987400000000001,0.7132580768253485,3.296451431354612,384.48300000000023,2,4,2,57.26,6,29,0.32735083,0.12532914,True,0.8520403298216306,docking_results_3_26.csv,0.061293673,0.04737758,0.23814681,0.10934041,0.118846595,0.045143258,0.046533734,0.32735083,0.0812526,0.061785992,0.16309257,0.20378564,True,2.987400000000001,2.987400000000001
32,O=C1CSC2=CC=CC=C2N1C(=O)C3=CC=C4C=CC5=C(CCNC5=O)C4=C3,O=C1NCCc2c1ccc1ccc(C(=O)N3C(=O)CSc4ccccc43)cc21,-10.4,3.4048000000000016,0.6490784138002579,2.6497904506455683,388.44800000000015,1,4,1,66.48,5,28,0.32829544,0.12937509,True,0.7039195924096312,docking_results_3_22.csv,0.05087456,0.036153816,0.32829544,0.093114406,0.1276453,0.044377353,0.04348053,0.29789487,0.0647271,0.061293036,0.25547203,0.14917256,True,3.4048000000000016,3.4048000000000016
217,C1OC[C@@H1](O)C(=O)N1C2=CC=C(C=N2)C3=CC=C4C=CC5=C(CCNC5=O)C4=C3,O=C1NCCc2c1ccc1ccc(-c3ccc(N4COC[C@@H](O)C4=O)nc3)cc21,-10.4,1.8692999999999997,0.69822255814647,3.42495205837465,389.41100000000023,2,5,2,91.75999999999999,5,29,0.33252153,0.1506442,True,0.8068157316655566,docking_results_3_29.csv,0.08311512,0.06346008,0.32715255,0.11904914,0.15881161,0.05956248,0.05431739,0.33252153,0.10004021,0.064969465,0.2191998,0.22553101,True,1.8692999999999997,1.8693
93,C1COCCN(O1)C2=CC=C(C=C2)C3=CC=C4C5=C(CCNC5=O)C=CC4=C3,O=C1NCCc2ccc3cc(-c4ccc(N5CCOCCO5)cc4)ccc3c21,-10.4,3.560900000000002,0.7452148180970847,2.8347675075913,374.44000000000017,1,4,2,50.800000000000004,5,28,0.3460625,0.13259771,True,0.6414349520951858,docking_results_3_12.csv,0.06436186,0.04109785,0.3460625,0.11083099,0.1486863,0.048069675,0.04110957,0.28543612,0.07455349,0.058263816,0.21630317,0.15639718,True,3.560900000000002,3.560900000000002
63,CC1OCCO[C@H1]1C2=CC=C(C=N2)C3=CC=C4C=CC5=C(CCNC5=O)C4=C3,CC1OCCO[C@H]1c1ccc(-c2ccc3ccc4c(c3c2)CCNC4=O)cn1,-10.4,3.664100000000002,0.7436089837220476,3.5849456046684995,374.44000000000017,1,4,2,60.45,5,28,0.362934,0.12477565,True,0.6005626168492935,docking_results_3_27.csv,0.061738715,0.03375878,0.362934,0.112528004,0.1546806,0.044977944,0.035968002,0.23569581,0.06714118,0.052900128,0.20903258,0.12595208,True,3.664100000000002,3.664100000000002
54,CC1=NC(C)=NN1C2=CC=C(C=N2)C3=CC=C4C=CC5=C(CCNC5=O)C4=C3,Cc1nc(C)n(-c2ccc(-c3ccc4ccc5c(c4c3)CCNC5=O)cn2)n1,-10.4,3.3852400000000014,0.5878446839757332,2.6808776301327484,369.4280000000002,1,4,2,72.7,5,28,0.39632058,0.09819681,True,0.7116781550076301,docking_results_3_14.csv,0.04850532,0.025228586,0.39632058,0.07448614,0.09106385,0.02336212,0.024729135,0.19899511,0.053685058,0.035380743,0.10432514,0.10228006,True,3.3852400000000014,3.3852400000000014
160,O=C1CCCN1C2=CC=C(C=N2)C3=CC=C4C=CC5=C(CCNC5=O)C4=C3,O=C1NCCc2c1ccc1ccc(-c3ccc(N4CCCC4=O)nc3)cc21,-10.4,3.3145000000000016,0.7652939887455269,2.531948551906181,357.4130000000002,1,3,2,62.300000000000004,5,27,0.39989403,0.15876411,True,0.739380303104003,docking_results_3_20.csv,0.07665636,0.057911072,0.39989403,0.12767492,0.15850061,0.061371528,0.053595614,0.33913893,0.10241036,0.07274152,0.24608903,0.20918533,True,3.3145000000000016,3.3145000000000016
200,CC1=NN(C2=CC=CC=C2)C=C1C=CC3=CC=C4C5=C(CCNC5=O)C(=O)OC4=C3,Cc1nn(-c2ccccc2)cc1C=Cc1ccc2c3c(c(=O)oc2c1)CCNC3=O,-10.4,3.743420000000002,0.5344148138851341,2.79638278605384,397.4340000000002,1,4,3,77.13,5,30,0.43462452,0.14655715,True,0.5699687457512493,docking_results_3_20.csv,0.056159396,0.04065252,0.43462452,0.106761605,0.14695188,0.050809015,0.04786013,0.3116168,0.09347474,0.06939086,0.23500456,0.16537972,True,3.743420000000002,3.743420000000002
16,COC1=CC=C(C=C1C2=CC=C3C4=C(CCNC4=O)C=CC3=C2NC(=O)N)C(N)=O,COc1ccc(C(N)=O)cc1-c1ccc2c3c(ccc2c1NC(N)=O)CCNC3=O,-10.4,2.3907999999999996,0.5305315668445163,2.6731861206502785,404.42600000000016,4,4,4,136.54,4,30,0.45024016,0.11804613,True,0.922195680054571,docking_results_3_20.csv,0.047005337,0.030265655,0.45024016,0.050666098,0.116592325,0.032373335,0.02600405,0.26998478,0.06262756,0.039645076,0.16949226,0.12165677,True,2.3907999999999996,2.3908
154,C1O[C@@H1](C)C(=O)N1C2=CC=C(C=N2)C3=CC=C4C=CC5=C(CCNC5=O)C4=C3,C[C@@H]1OCN(c2ccc(-c3ccc4ccc5c(c4c3)CCNC5=O)cn2)C1=O,-10.4,2.8969000000000005,0.749797012835976,3.335582410453817,373.4120000000002,1,4,2,71.53,5,28,0.45757195,0.20438701,True,0.8760228076644163,docking_results_3_27.csv,0.09067365,0.07609505,0.45757195,0.17774563,0.2106576,0.091743425,0.07074575,0.4035762,0.14508656,0.09399406,0.35415852,0.28059578,True,2.8969000000000005,2.8969000000000005
34,CC1(C)CN1C2=CC=C(C=N2)C3=CC=C4C=CC5=C(CCNC5=O)C4=C3,CC1(C)CN1c1ccc(-c2ccc3ccc4c(c3c2)CCNC4=O)cn1,-10.4,3.7863000000000024,0.7202702989970272,2.7115309447651175,343.4300000000001,1,3,2,45.0,5,26,0.47011033,0.18801896,True,0.5538479617660984,docking_results_3_27.csv,0.050771743,0.037948407,0.47011033,0.19367684,0.18549168,0.0717845,0.05207492,0.37255695,0.10288802,0.09121208,0.4166504,0.21106167,True,3.7863000000000024,3.7863000000000016
71,CC1=CC=C(C=C1C2=CC=C3C4=C(CCNC4=O)C=CC3=C2NC(=O)N)C(=O)NC,CNC(=O)c1ccc(C)c(-c2ccc3c4c(ccc3c2NC(N)=O)CCNC4=O)c1,-10.4,2.95132,0.5400447450260218,2.683282274496433,402.4540000000001,4,3,3,113.32,4,30,0.47033647,0.13188374,True,0.8620729158036644,docking_results_3_21.csv,0.03608784,0.024063388,0.47033647,0.07126331,0.119714424,0.03564371,0.031035041,0.29803583,0.068288356,0.053538274,0.24105345,0.13354473,True,2.95132,2.95132
24,CC(=O)NC1=NC2=CC=C(CC2S1)C3=CC=C4C=CC5=C(CCNC5=O)C4=C3,CC(=O)NC1=NC2=CC=C(c3ccc4ccc5c(c4c3)CCNC5=O)CC2S1,-10.4,3.404200000000002,0.7852963505979427,3.7193499318213377,389.4800000000002,2,4,1,70.56,5,28,0.47356483,0.17906594,True,0.704158071494627,docking_results_3_12.csv,0.055599384,0.057715002,0.31849024,0.13474306,0.12509121,0.07167823,0.06224018,0.47356483,0.08694864,0.12367967,0.38279992,0.25624108,True,3.404200000000002,3.404200000000002
68,C[C@@H1](NS(=O)(=O)C1=CC=CC(F)=C1)C2=CC=C3C=CC4=C(CCNC4=O)C3=C2,C[C@@H](NS(=O)(=O)c1cccc(F)c1)c1ccc2ccc3c(c2c1)CCNC3=O,-10.3,3.3043000000000013,0.7080943370327412,2.8706387557962376,398.4590000000002,2,3,4,75.27000000000001,4,28,0.0827163,0.03495824,True,0.7312285671838616,docking_results_3_17.csv,0.030302778,0.009592612,0.051639266,0.030579887,0.0827163,0.014078682,0.012735687,0.0738393,0.00791624,0.016164964,0.07120739,0.01872574,True,3.3043000000000013,3.3043000000000013
17,O=C(N1CC2=CC=CC=C2C1)C3=CC=C4C=CC5=C(CCNC5=O)C4=C3,O=C1NCCc2c1ccc1ccc(C(=O)N3Cc4ccccc4C3)cc21,-10.3,3.2817000000000016,0.7377285693354843,2.3382800967511113,342.3980000000001,1,2,1,49.410000000000004,5,26,0.15920857,0.07042992,True,0.7397444462885138,docking_results_3_26.csv,0.05425279,0.026274677,0.14929321,0.052856367,0.1133583,0.02844088,0.024936887,0.15920857,0.028390864,0.030972911,0.116193846,0.06097974,True,3.2817000000000016,3.2817000000000016
225,C1C=CC=CCNC(=O)C2=CC=C3C=CC4=C(CCNC4=O)C3=C2N=C1,O=C1NCCc2c1ccc1ccc3c(c21)N=CCC=CC=CCNC3=O,-10.3,3.073900000000001,0.7702292877609146,3.8417206170631806,345.40200000000004,2,3,0,70.56,4,26,0.16970366,0.054324567,True,0.8122588444461906,docking_results_3_24.csv,0.038057458,0.020666039,0.1427065,0.027838448,0.054821067,0.014573762,0.019001747,0.16970366,0.025558129,0.026763253,0.048079714,0.06412502,True,3.073900000000001,3.073900000000001
224,O[C@@]1(CNCCN1C2=CC=C(C=C2)C#N)C3=CC=C4C=CC5=C(CCNC5=O)C4=C3,N#Cc1ccc(N2CCNC[C@]2(O)c2ccc3ccc4c(c3c2)CCNC4=O)cc1,-10.3,2.25228,0.6162896218698491,3.4426593317742604,398.46600000000024,3,5,2,88.38999999999999,5,30,0.17662242,0.07667012,True,0.8914037968658053,docking_results_3_21.csv,0.057606164,0.029270425,0.15676923,0.067111835,0.10371468,0.028726278,0.028108202,0.17662242,0.036720477,0.034367107,0.11228977,0.08873489,True,2.25228,2.25228
206,COC1=CC=C(C=C1C2=CC=C3C=C(N4CCCC4)N(C)C(=O)C3=C2)C(=O)NC5CNCNC5,COc1ccc(C(=O)NC2CNCNC2)cc1-c1ccc2cc(N3CCCC3)n(C)c(=O)c2c1,-10.3,2.0629999999999997,0.5393133713649199,2.8529407470541006,461.5660000000002,3,6,5,87.63,5,34,0.19954647,0.07376466,True,0.8518043157664031,docking_results_3_21.csv,0.03971793,0.02053541,0.19954647,0.055487093,0.08482851,0.021582715,0.022023872,0.19463478,0.038467668,0.03367521,0.086534806,0.088141434,True,2.0629999999999997,2.063
106,COC1=CC=C(C=C1C2=CC=C3C=CC4=C(CCNC4=O)C3=C2)C(=O)N5CCNCC5,COc1ccc(C(=O)N2CCNCC2)cc1-c1ccc2ccc3c(c2c1)CCNC3=O,-10.3,2.8467000000000002,0.6902430661508024,2.500551395910092,415.4930000000003,2,4,3,70.67,5,31,0.22050305,0.08400514,True,0.8731086524825638,docking_results_3_20.csv,0.05249462,0.028689347,0.22050305,0.058809858,0.100631565,0.027607067,0.02699835,0.20523939,0.043565966,0.036277127,0.109647036,0.097598314,True,2.8467000000000002,2.8467
145,C1[C@H1]([NH2+1][C@@H1]2C(=O)NCC[C@@H1]21)C3=CC=C(C=C3)C4=CC=C5C=CC=CC5=C4,O=C1NCC[C@@H]2C[C@@H](c3ccc(-c4ccc5ccccc5c4)cc3)[NH2+][C@H]12,-10.3,3.019700000000002,0.738118388501471,3.8957589080256554,343.4500000000001,2,1,2,45.71,5,26,0.22549626,0.10283234,True,0.8288616662611646,docking_results_3_8.csv,0.078920186,0.040108707,0.12020033,0.09897966,0.22549626,0.06196925,0.037608325,0.18562077,0.03824608,0.04488806,0.2197536,0.08219684,True,3.019700000000002,3.019700000000002
106,C1CN(C)C1C2=CC=C(C=N2)C3=CC=C4C=CC5=C(CCNC5=O)C4=C3,CN1CCC1c1ccc(-c2ccc3ccc4c(c3c2)CCNC4=O)cn1,-10.3,3.564300000000002,0.7736950308074168,3.1162440988445574,343.4300000000001,1,3,2,45.230000000000004,5,26,0.27220985,0.08961742,True,0.6296672360614947,docking_results_3_27.csv,0.04462962,0.021456555,0.27220985,0.08179527,0.104370296,0.026654975,0.023290439,0.19367981,0.040427413,0.03648734,0.14035666,0.09005087,True,3.564300000000002,3.564300000000002
213,C[C@H1](N1C(=O)C2=CC=CC=C2C1=O)C3=CC=C4C=CC5=C(CCNC5=O)C4=C3,C[C@@H](c1ccc2ccc3c(c2c1)CCNC3=O)N1C(=O)c2ccccc2C1=O,-10.3,3.4829000000000017,0.7025173780200471,2.9031971540435606,370.4080000000002,1,3,2,66.48,5,28,0.27275982,0.110227525,True,0.6617613705391746,docking_results_3_27.csv,0.039914038,0.023146892,0.2670433,0.090059206,0.12576747,0.037864715,0.03418401,0.23875782,0.042007286,0.04970393,0.27275982,0.10152173,True,3.4829000000000017,3.4829000000000017
9,CC1=CC=C(C=C1C)C=C2C=CC3=C(O)C(=CC=C23)C(=O)NCC4NCCN(C)CC4,Cc1ccc(C=C2C=Cc3c2ccc(C(=O)NCC2CCN(C)CCN2)c3O)cc1C,-10.3,3.599940000000003,0.7113069983933188,3.3629989073888886,417.5530000000003,3,4,4,64.6,4,31,0.27602178,0.091593124,True,0.6156933305685908,docking_results_3_17.csv,0.025066739,0.015877934,0.14540018,0.07359315,0.09507508,0.031177184,0.024066838,0.27602178,0.030290198,0.05484942,0.2318624,0.09583658,True,3.599940000000003,3.599940000000003
197,O[C@@H1]1CCCC[C@H1]1N2C=C(C=N2)C3=CC=C4C=CC5=C(CCNC5=O)C4=C3,O=C1NCCc2c1ccc1ccc(-c3cnn([C@@H]4CCCC[C@H]4O)c3)cc21,-10.3,3.465200000000002,0.7344494658311351,3.4130560730467465,361.44500000000016,2,3,2,67.15,5,27,0.29621083,0.1423742,True,0.6687427615627594,docking_results_3_29.csv,0.0691,0.044334717,0.29621083,0.15187755,0.1569637,0.05700869,0.044533286,0.28596562,0.07090884,0.0636352,0.28661332,0.18133868,True,3.465200000000002,3.465200000000002
115,NC(=O)[C@H1](C#N)C1=CC=C(C=N1)C2=CC=C3C=CC4=C(CCNC4=O)C3=C2,N#C[C@@H](C(N)=O)c1ccc(-c2ccc3ccc4c(c3c2)CCNC4=O)cn1,-10.3,2.2801799999999997,0.750096902010059,3.2267688928972404,356.38500000000016,2,4,3,108.87,4,27,0.30945927,0.13292177,True,0.8955333907310498,docking_results_3_29.csv,0.07979886,0.06196925,0.30139023,0.08558185,0.14838475,0.05605172,0.048063707,0.30945927,0.0869402,0.06250727,0.18009366,0.17482059,True,2.2801799999999997,2.28018
141,CC(=O)N(CC)C(=O)C1=CC=C(C=C1)C2=CC=C3C=CC4=C(CCNC4=O)C3=C2,CCN(C(C)=O)C(=O)c1ccc(-c2ccc3ccc4c(c3c2)CCNC4=O)cc1,-10.3,3.801300000000002,0.7445290976458342,2.5333705500390487,386.4510000000002,1,3,3,66.48,4,29,0.31090888,0.14230831,True,0.5393726639405594,docking_results_3_17.csv,0.054620326,0.03975714,0.3066892,0.10779982,0.18043724,0.0669255,0.047339253,0.31090888,0.070909336,0.07802354,0.30886745,0.13542189,True,3.801300000000002,3.801300000000002
42,[NH3+1]C1CCCC(O1)C2=CC=C(C=C2)C3=CC=C4C=CC5=C(CCNC5=O)C4=C3,[NH3+]C1CCCC(c2ccc(-c3ccc4ccc5c(c4c3)CCNC5=O)cc2)O1,-10.3,3.6023000000000014,0.7207239483921539,3.642337912360807,373.47600000000017,2,2,2,65.97,5,28,0.3249573,0.13446437,True,0.6147710021491405,docking_results_3_17.csv,0.05344231,0.031860217,0.27313432,0.13542418,0.18727185,0.060276013,0.041036457,0.2638411,0.05553213,0.06550494,0.3249573,0.12129177,True,3.6023000000000014,3.6023000000000014
66,C1C2=CC(C3=CC=C4C5=C(CCNC5=O)C=CC4=C3)=CC=C2C(=O)NC1=O,O=C1Cc2cc(-c3ccc4c5c(ccc4c3)CCNC5=O)ccc2C(=O)N1,-10.3,2.6052,0.6583256783622375,2.6042017014829923,356.3810000000001,2,3,1,75.27000000000001,5,27,0.33749065,0.13682434,True,0.907476610343238,docking_results_3_24.csv,0.08067237,0.05613421,0.33749065,0.08812089,0.1606283,0.05523831,0.039317247,0.304211,0.067430146,0.052045505,0.24152802,0.15907547,True,2.6052,2.6052
105,COC1=CC(OC2CCNCC2)=CC=C1C3=CC=C4C=CC5=C(CCNC5=O)C4=C3,COc1cc(OC2CCNCC2)ccc1-c1ccc2ccc3c(c2c1)CCNC3=O,-10.3,3.932100000000003,0.694237169334562,2.589670361409521,402.4940000000002,2,4,4,59.59,5,30,0.350691,0.13065372,True,0.4936901166573794,docking_results_3_26.csv,0.05068682,0.030833723,0.350691,0.11450872,0.14129142,0.04573505,0.0362674,0.27805454,0.06218224,0.060435668,0.25738084,0.13977724,True,3.932100000000003,3.932100000000003
202,C[C@@H1]1COCCN1C2=CC=C(C=N2)C3=CC=C4C=CC5=C(CCNC5=O)C4=C3,C[C@@H]1COCCN1c1ccc(-c2ccc3ccc4c(c3c2)CCNC4=O)cn1,-10.3,3.4128000000000016,0.7479420106150796,3.063932003949753,373.4560000000002,1,4,2,54.46,5,28,0.3617116,0.1384734,True,0.6893419897426787,docking_results_3_26.csv,0.06450467,0.042066153,0.3617116,0.12763995,0.14101608,0.04916837,0.044730376,0.28892216,0.08235813,0.063795045,0.2221292,0.17363924,True,3.4128000000000016,3.4128000000000016
195,C[C@H1]1CO[C@@H1](OC)CN1C2=CC=C(C=N2)C3=CC=C4C=CC5=C(CCNC5=O)C4=C3,CO[C@H]1CN(c2ccc(-c3ccc4ccc5c(c4c3)CCNC5=O)cn2)[C@@H](C)CO1,-10.3,3.3853000000000018,0.7263884177940886,3.5763167249495016,403.4820000000002,1,5,3,63.690000000000005,5,30,0.4080271,0.15231049,True,0.7000816615081791,docking_results_3_20.csv,0.066074975,0.04170119,0.4080271,0.14831577,0.16540922,0.056018014,0.045093972,0.2930498,0.0899504,0.06708979,0.26634315,0.18065244,True,3.3853000000000018,3.3853000000000018
133,C1OC2=CC=CC=C2C3=CC=C4C5=C(CCNC5=O)C=CC4=C3NC(=O)NC1,O=C1NCCOc2ccccc2-c2ccc3c4c(ccc3c2N1)CCNC4=O,-10.3,3.3066000000000004,0.5656385343479209,3.302482660610165,373.4120000000001,3,3,0,79.46000000000001,5,28,0.4101777,0.11991619,True,0.7303569724643261,docking_results_3_21.csv,0.05128855,0.030448664,0.4101777,0.0800974,0.11325826,0.032633837,0.03345577,0.26077694,0.06728609,0.04648068,0.1725369,0.14055352,True,3.3066000000000004,3.3066000000000004
141,CNC(=O)N1C=CC=C1C2=CC=C3C=CC4=C(CCNC4=O)C3=C2,CNC(=O)n1cccc1-c1ccc2ccc3c(c2c1)CCNC3=O,-10.3,2.7817000000000007,0.724285253573672,2.7479966835886813,319.36400000000003,2,2,1,63.13,4,24,0.41036543,0.12091761,True,0.8857526148068393,docking_results_3_16.csv,0.05384922,0.030588243,0.41036543,0.077319995,0.15121125,0.04018328,0.03076822,0.23925297,0.064824186,0.043674923,0.19752105,0.11145247,True,2.7817000000000007,2.7817000000000007
2,O=C(C1CC1C2=CC=C(C#N)C=C2)C3=CC=C4C=CC5=C(CCNC5=O)C4=C3,N#Cc1ccc(C2CC2C(=O)c2ccc3ccc4c(c3c2)CCNC4=O)cc1,-10.3,3.983780000000003,0.7128659185339906,3.2698369742745026,366.4200000000002,1,3,3,69.96000000000001,5,28,0.45140535,0.17690192,True,0.476751548477878,docking_results_3_28.csv,0.082128964,0.070977405,0.21767361,0.15205424,0.2556525,0.121658124,0.05543431,0.37915292,0.06848015,0.09614263,0.45140535,0.17206296,True,3.983780000000003,3.983780000000003
77,C1CC=C(C(=N1)C2=CC=CN=C2)C3=CC=C4C=CC5=C(CCNC5=O)C4=C3,O=C1NCCc2c1ccc1ccc(C3=CCCN=C3c3cccnc3)cc21,-10.3,3.797100000000002,0.7618532851273286,2.9149269233764823,353.4250000000002,1,3,2,54.35,5,27,0.45279315,0.17464602,True,0.5408995976227409,docking_results_3_26.csv,0.058971405,0.047216743,0.45279315,0.15072925,0.15432577,0.06373681,0.051038202,0.38324755,0.09371135,0.08829284,0.3379824,0.21370679,True,3.797100000000002,3.797100000000002
227,C1C(C)[C@H1](N)[C@@H1]1OC2=CC=C(C=N2)C3=CC=C4C=CC5=C(CCNC5=O)C4=C3,CC1C[C@@H](Oc2ccc(-c3ccc4ccc5c(c4c3)CCNC5=O)cn2)[C@H]1N,-10.3,3.302200000000002,0.7384489498881674,3.7509350540227473,373.4560000000002,2,4,3,77.24000000000001,5,28,0.46089035,0.16702141,True,0.7320236031011426,docking_results_3_21.csv,0.062460016,0.038737483,0.46089035,0.16210109,0.19183731,0.0630954,0.043681856,0.302159,0.09153697,0.06975748,0.3382973,0.17970279,True,3.302200000000002,3.302200000000002
242,C1C[C@@H1](C)N1C2=CC=C(C=N2)C3=CC=C4C=CC5=C(CCNC5=O)C4=C3,C[C@@H]1CCN1c1ccc(-c2ccc3ccc4c(c3c2)CCNC4=O)cn1,-10.3,3.7863000000000024,0.7699764685337115,3.006948754715003,343.4300000000001,1,3,2,45.230000000000004,5,26,0.4691323,0.19784254,True,0.5448414236003661,docking_results_3_21.csv,0.06854987,0.05307408,0.4691323,0.2012629,0.1951972,0.081856795,0.059819255,0.38625127,0.11439706,0.09551589,0.40596542,0.2430885,True,3.7863000000000024,3.7863000000000016
136,COC(=O)[C@H1]1CC2=CC=CC=C2CN1C(=O)C3=CC=C4C=CC5=C(CCNC5=O)C4=C3,COC(=O)[C@H]1Cc2ccccc2CN1C(=O)c1ccc2ccc3c(c2c1)CCNC3=O,-10.2,2.865800000000001,0.6546084608782231,2.9715526690766403,414.4610000000002,1,4,2,75.71000000000001,5,31,0.12430108,0.05577289,True,0.85196053959009,docking_results_3_21.csv,0.053145073,0.023319146,0.10951595,0.037342045,0.108175315,0.023450201,0.021752048,0.12430108,0.025056137,0.024907699,0.07287043,0.045439556,True,2.865800000000001,2.865800000000001
120,CC(=O)N1CCC(CC1)C2=CC=C3C4=C(CCNC4=O)C=CC3=C2,CC(=O)N1CCC(c2ccc3c4c(ccc3c2)CCNC4=O)CC1,-10.2,2.8516000000000012,0.8775173286803192,2.460470262183998,322.408,1,2,1,49.410000000000004,4,24,0.13129853,0.04952677,True,0.8550078423756033,docking_results_3_19.csv,0.044601,0.020111907,0.07749062,0.039244957,0.08190698,0.020096207,0.02017705,0.13129853,0.019593865,0.027847435,0.0657639,0.046188835,True,2.8516000000000012,2.851600000000001
45,[NH3+1]C1[C@H1]CC[C@H1](CC1)C2=CC=C3C=CC4=C(CCNC4=O)C3=C2,[NH3+]C1[CH]CC[C@@H](c2ccc3ccc4c(c3c2)CCNC4=O)CC1,-10.2,2.59809,0.7817694918883229,3.9783689729645486,308.42500000000007,2,1,1,56.74,4,23,0.13835646,0.06268149,True,0.8901894823179225,docking_results_3_26.csv,0.042058792,0.017180169,0.09892462,0.069360495,0.100660875,0.025752094,0.02101393,0.1359958,0.018292092,0.032933902,0.13835646,0.05164866,True,2.59809,2.59809
225,CCCNC(=O)C1=CC=C2C=C(C=CC2=C1)C3=CN=CC(=C3)C(=O)N4CCNC(=O)CC4,CCCNC(=O)c1ccc2cc(-c3cncc(C(=O)N4CCNC(=O)CC4)c3)ccc2c1,-10.2,3.003700000000001,0.651025074874253,2.3635219430648338,430.50800000000027,2,4,5,91.4,4,32,0.16355664,0.06571422,True,0.8172357319929587,docking_results_3_11.csv,0.048186183,0.025800254,0.1574452,0.035585277,0.1046449,0.025987284,0.026303494,0.16355664,0.041436706,0.034290567,0.062447235,0.06288679,True,3.003700000000001,3.003700000000001
196,CC1=CN=C(C=C1C2=CC=C3C=CC4=C(CCNC4=O)C3=C2)C(=O)N5CCNCC5,Cc1cnc(C(=O)N2CCNCC2)cc1-c1ccc2ccc3c(c2c1)CCNC3=O,-10.2,2.5415200000000002,0.6933795096073362,2.710167401438456,400.4820000000002,2,4,2,74.33,5,30,0.19737741,0.075519875,True,0.8927018715771866,docking_results_3_21.csv,0.04685647,0.02581803,0.19737741,0.055149607,0.08238129,0.02261756,0.025384994,0.19650087,0.040131353,0.03420653,0.084547795,0.095266595,True,2.5415200000000002,2.54152
125,C1CCC[C@H1](C(N)C1)C2=CC=C3C=CC4=C(CCNC4=O)C3=C2,NC1CCCCC[C@H]1c1ccc2ccc3c(c2c1)CCNC3=O,-10.2,3.500700000000002,0.7922451308489171,3.2280582955822297,308.42500000000007,2,2,1,55.12,4,23,0.20125966,0.08485971,True,0.6419327620943576,docking_results_3_24.csv,0.044924565,0.021204922,0.1447708,0.09445125,0.12518016,0.036169495,0.027088553,0.17766729,0.027811082,0.045454714,0.20125966,0.07233391,True,3.500700000000002,3.500700000000002
55,CC1(C)C[NH1+1]C1(C)C2=CC=C(C=C2)C3=CC=C4C=CC5=C(CCNC5=O)C4=C3,CC1(C)C[NH+]C1(C)c1ccc(-c2ccc3ccc4c(c3c2)CCNC4=O)cc1,-10.2,3.3969000000000023,0.7135093078862504,3.643914461735868,370.4960000000002,2,2,2,44.7,5,28,0.24407938,0.09512428,True,0.6819574342885566,docking_results_3_18.csv,0.034116007,0.018367086,0.16735613,0.10037717,0.13351043,0.037451208,0.026034484,0.22057003,0.030942464,0.04683704,0.24407938,0.08184999,True,3.3969000000000023,3.3969000000000023
126,CCN1CCO[C@H1](C12)C=CC=C(O2)C3=CC=C4C=CC5=C(CCNC5=O)C4=C3,CCN1CCO[C@H]2C=CC=C(c3ccc4ccc5c(c4c3)CCNC5=O)OC21,-10.2,3.099800000000001,0.8751421976732284,3.961437724743547,376.4560000000002,1,4,2,50.800000000000004,5,28,0.24595489,0.093657166,True,0.7882118631063258,docking_results_3_12.csv,0.052810024,0.03210613,0.18270728,0.07837923,0.10257638,0.032826465,0.03272566,0.24595489,0.048269227,0.047912687,0.14031625,0.12730183,True,3.099800000000001,3.099800000000001
127,O=C(N[C@@H1]1CCN(C1)C2=CC=CC=N2)C3=CC=C4C=CC5=C(CCNC5=O)C4=C3,O=C(N[C@@H]1CCN(c2ccccn2)C1)c1ccc2ccc3c(c2c1)CCNC3=O,-10.2,2.5294,0.7254964817338339,2.884440390630628,386.45500000000027,2,4,3,74.33000000000001,5,29,0.24688813,0.09365284,True,0.8929759066187042,docking_results_3_26.csv,0.0558313,0.03075044,0.24688813,0.0745375,0.11271423,0.03308885,0.033777528,0.20706359,0.053101555,0.045235593,0.1296022,0.10124311,True,2.5294,2.5294
125,CN(C)C(=O)CC1=CC=C(C=C1)C2=CC=C3C=CC4=C(CCNC4=O)C3=C2,CN(C)C(=O)Cc1ccc(-c2ccc3ccc4c(c3c2)CCNC4=O)cc1,-10.2,3.4234000000000018,0.779851430296586,2.3210576301696904,358.44100000000014,1,2,3,49.410000000000004,4,27,0.25945997,0.108792774,True,0.6717879694550389,docking_results_3_18.csv,0.0529659,0.029995834,0.25945997,0.08145348,0.17591135,0.04937841,0.034956533,0.22294542,0.054832004,0.05288046,0.20406608,0.086668015,True,3.4234000000000018,3.4234000000000018
124,CN(C)[C@@H1]1CCN(C1)C2=CC=C(C=N2)C3=CC=C4C=CC5=C(CCNC5=O)C4=C3,CN(C)[C@@H]1CCN(c2ccc(-c3ccc4ccc5c(c4c3)CCNC5=O)cn2)C1,-10.2,3.328000000000002,0.7501875931235941,3.0177548056273977,386.49900000000025,1,4,3,48.47,5,29,0.26313707,0.08826516,True,0.708084259225843,docking_results_3_19.csv,0.041488584,0.020126482,0.26313707,0.08346687,0.09911036,0.025209436,0.021988286,0.19727476,0.04100212,0.03571686,0.1358295,0.0948317,True,3.328000000000002,3.328000000000002
84,COC1=CC=C(N=C1N2C3CC4=CC=CC=C4N3C5=CC=CC=C25)C(=O)N6CCNCC6,COc1ccc(C(=O)N2CCNCC2)nc1N1c2ccccc2N2c3ccccc3CC21,-10.2,3.3076000000000016,0.6921834392003751,3.2378996741990917,427.50800000000027,1,6,3,60.940000000000005,6,32,0.26582742,0.087267846,True,0.7157029104725512,docking_results_3_22.csv,0.03200196,0.016918767,0.26582742,0.077761985,0.0747756,0.02021009,0.02454868,0.21883954,0.040203724,0.038678106,0.13241307,0.10503516,True,3.3076000000000016,3.3076000000000016
75,O=C(N1CCC2=CC(O)=CC=C2C1)C3=CC=C4C=CC5=C(CCNC5=O)C4=C3,O=C1NCCc2c1ccc1ccc(C(=O)N3CCc4cc(O)ccc4C3)cc21,-10.2,3.0298000000000007,0.6898634296851263,2.4737784848336037,372.42400000000015,2,3,1,69.64000000000001,5,28,0.27647725,0.11675525,True,0.809706544402302,docking_results_3_14.csv,0.077145986,0.051183946,0.2078161,0.08609965,0.15649733,0.056195434,0.036227614,0.27647725,0.049709618,0.051176637,0.2260961,0.12643747,True,3.0298000000000007,3.0298000000000007
16,O=C(NC1=CC=C(C=C1)[C@@H1]2CNCCO2)C3=CC=C4C=CC5=C(CCNC5=O)C4=C3,O=C(Nc1ccc([C@@H]2CNCCO2)cc1)c1ccc2ccc3c(c2c1)CCNC3=O,-10.2,3.038900000000001,0.6303542957501989,2.966555425335871,401.4660000000001,3,4,3,79.46000000000001,5,30,0.30609608,0.12250655,True,0.8070168256696696,docking_results_3_17.csv,0.058108717,0.035396628,0.30609608,0.08991374,0.15684573,0.047278002,0.03752286,0.26437458,0.067623176,0.052401546,0.22167975,0.13283794,True,3.038900000000001,3.038900000000001
154,C1C2=CC=CC=C2N3C=CC4=CC5=C(CCNC5=O)C(=O)C4=C3C=CC=CC=C1,O=C1NCCc2c1cc1ccn3c(c-1c2=O)C=CC=CC=CCc1ccccc1-3,-10.2,3.909900000000002,0.6428848762848658,3.704236951716603,380.44700000000006,1,2,0,51.1,5,29,0.30921045,0.111307524,True,0.49136942711063,docking_results_3_15.csv,0.04975257,0.037696753,0.2471545,0.08159572,0.09148373,0.036915705,0.039826375,0.30921045,0.050781347,0.06586101,0.18463597,0.14077608,True,3.909900000000002,3.909900000000002
109,COC1CNC[C@H1]1C2=CC=C(C=N2)C3=CC=C4C=CC5=C(CCNC5=O)C4=C3,COC1CNC[C@H]1c1ccc(-c2ccc3ccc4c(c3c2)CCNC4=O)cn1,-10.2,2.889500000000001,0.7410734554140918,3.5478379123608077,373.4560000000002,2,4,3,63.25,5,28,0.3143309,0.11503405,True,0.8466433135792668,docking_results_3_29.csv,0.06016378,0.032751873,0.3143309,0.1014606,0.15069863,0.04157999,0.031943895,0.2296366,0.06260275,0.046161532,0.183808,0.12527017,True,2.889500000000001,2.889500000000001
46,CC(=O)NC1CCN=C1N2C=C(C=N2)C3=CC=C4C=CC5=C(CCNC5=O)C4=C3,CC(=O)NC1CCN=C1n1cc(-c2ccc3ccc4c(c3c2)CCNC4=O)cn1,-10.2,2.1441999999999997,0.7061682433792057,3.579854256176848,387.4430000000002,2,4,2,88.38,5,29,0.31884354,0.0987572,True,0.8541174872247507,docking_results_3_18.csv,0.051564228,0.029560471,0.31884354,0.06750098,0.0954426,0.027678618,0.029936835,0.22907086,0.055625886,0.041747242,0.11795085,0.12016441,True,2.1441999999999997,2.1442
132,O=C[C@@H1]1CCCN1C(=O)C2=CC=C(C=C2)C3=CC=C4C=CC5=C(CCNC5=O)C4=C3,O=C[C@@H]1CCCN1C(=O)c1ccc(-c2ccc3ccc4c(c3c2)CCNC4=O)cc1,-10.2,3.5962000000000023,0.6858473238057722,3.0316672893339414,398.4620000000002,1,3,3,66.48,5,30,0.31890938,0.14529641,True,0.6050872488411457,docking_results_3_18.csv,0.09584773,0.07132575,0.22119729,0.11380172,0.20580561,0.080924705,0.052218918,0.31890938,0.076596566,0.06865624,0.2696424,0.16863066,True,3.5962000000000023,3.5962000000000023
205,N#CC1C=CC=C(O1)C2=CC=C(C=C2)C3=CC=C4C=C5N(CCNC5=O)C(=O)C4=C3,N#CC1C=CC=C(c2ccc(-c3ccc4cc5n(c(=O)c4c3)CCNC5=O)cc2)O1,-10.2,3.2313800000000015,0.7220655605571413,3.5983394378750564,395.41800000000023,1,4,2,84.12,5,30,0.33778104,0.1362862,True,0.7435185114100632,docking_results_3_13.csv,0.069673285,0.05831265,0.28712115,0.09334604,0.12912735,0.05489459,0.055611737,0.33778104,0.08636163,0.07656727,0.20271666,0.1839208,True,3.2313800000000015,3.231380000000001
220,C[C@H1](CS(N)(=O)=O)NC1=CC=C(C=C1)C2=CC=C3C=CC4=C(CCNC4=O)C3=C2,C[C@H](CS(N)(=O)=O)Nc1ccc(-c2ccc3ccc4c(c3c2)CCNC4=O)cc1,-10.2,2.8816000000000006,0.6030245866578883,3.032790506511879,409.51100000000025,3,4,5,101.28999999999999,4,29,0.33901623,0.16084476,True,0.848447459519311,docking_results_3_20.csv,0.06919932,0.051948305,0.3183443,0.12789762,0.22548077,0.0800732,0.052949116,0.33901623,0.09184099,0.07681615,0.32317284,0.17339838,True,2.8816000000000006,2.8816000000000006
19,C1=CCC[C@@H1](N)[C@@H1]1N2C=C(C=N2)C3=CC=C4C=CC5=C(CCNC5=O)C4=C3,N[C@@H]1CCC=C[C@H]1n1cc(-c2ccc3ccc4c(c3c2)CCNC4=O)cn1,-10.2,3.207600000000001,0.6910741911627625,3.8156584099503483,358.44500000000016,2,3,2,72.94,5,27,0.34444436,0.12197722,True,0.751945012124102,docking_results_3_26.csv,0.06429657,0.0367465,0.34444436,0.11203174,0.1260783,0.039566003,0.036934864,0.24735814,0.06541547,0.051978014,0.19147186,0.14740478,True,3.207600000000001,3.207600000000001
47,C1COC(=O)N1C2=CC=C(C=N2)C3=CC=C4C=CC5=C(CCNC5=O)C4=C3,O=C1NCCc2c1ccc1ccc(-c3ccc(N4CCOC4=O)nc3)cc21,-10.2,3.144300000000001,0.762986281735293,2.6510868187026766,359.38500000000016,1,4,2,71.53,5,27,0.35488757,0.1422327,True,0.7736601831842042,docking_results_3_25.csv,0.08117741,0.05856079,0.35488757,0.1005267,0.15951401,0.055940103,0.04833943,0.3099173,0.094319604,0.059027847,0.19909927,0.18548249,True,3.144300000000001,3.144300000000001
161,C1CCC[C@@H1](C=O)N1C2=CC=C(C=N2)C3=CC=C4C=CC5=C(CCNC5=O)C4=C3,O=C[C@@H]1CCCCN1c1ccc(-c2ccc3ccc4c(c3c2)CCNC4=O)cn1,-10.2,3.7455000000000025,0.6978318328628522,3.1840499833908114,385.4670000000002,1,4,3,62.300000000000004,5,29,0.36317044,0.17462109,True,0.548974098379669,docking_results_3_19.csv,0.083318874,0.065301724,0.3471816,0.16203369,0.19095594,0.08068708,0.06236729,0.36317044,0.11050293,0.08819721,0.31259018,0.22914596,True,3.7455000000000025,3.7455000000000025
176,CC(C)S(=O)(=O)C1=CC=C(C=C1)C=C2C=C3C=CC4=C(CCNC4=O)C3=C=C2,CC(C)S(=O)(=O)c1ccc(C=C2C=C=c3c4c(ccc3=C2)C(=O)NCC4)cc1,-10.2,1.9679,0.8701819262015807,3.5054205923744446,391.49200000000025,1,3,3,63.24,4,28,0.36345568,0.1322902,True,0.80902982061604,docking_results_3_22.csv,0.055774193,0.053763364,0.08352356,0.103253596,0.17529891,0.08936789,0.047580555,0.36026007,0.03737275,0.09326831,0.36345568,0.12456367,True,1.9679,1.9679
89,[NH3+1][C@H1]1CCCN(C1)C2=CC=C(C=C2)C3=CC=C4C=CC5=C(CCNC5=O)C4=C3,[NH3+][C@H]1CCCN(c2ccc(-c3ccc4ccc5c(c4c3)CCNC5=O)cc2)C1,-10.2,3.003400000000001,0.7264656804720281,3.281144386688963,372.4920000000002,2,2,2,59.980000000000004,5,28,0.3654123,0.16972296,True,0.8173206401071106,docking_results_3_14.csv,0.06571703,0.04649998,0.3654123,0.1666751,0.19495584,0.07360514,0.052012086,0.34493205,0.09105315,0.0813262,0.3582605,0.1962262,True,3.003400000000001,3.003400000000001
250,CC1N(C2=CC=C(F)C=C2)C(=O)C1C3=CC=C4C=CC5=C(CCNC5=O)C4=C3,CC1C(c2ccc3ccc4c(c3c2)CCNC4=O)C(=O)N1c1ccc(F)cc1,-10.2,3.7837000000000023,0.6942044720607646,3.394479474274503,374.4150000000002,1,2,2,49.410000000000004,5,28,0.374389,0.13825147,True,0.5351205639193387,docking_results_3_25.csv,0.03966576,0.026034677,0.2752489,0.14417182,0.14080083,0.052028462,0.04576515,0.29585162,0.05113265,0.07727971,0.374389,0.13664891,True,3.7837000000000023,3.7837000000000014
111,C1OC=CC(C2=C1C(=O)N2)C3=CC=C4C=CC5=C(CCNC5=O)C4=C3,O=C1NC2=C1COC=CC2c1ccc2ccc3c(c2c1)CCNC3=O,-10.2,2.1371,0.840660673830321,3.8752731690559585,332.3590000000001,2,3,1,67.43,5,25,0.37587795,0.13654888,True,0.8525914033833548,docking_results_3_28.csv,0.057848077,0.048633464,0.24202769,0.0967995,0.10877565,0.050021254,0.049669627,0.37587795,0.0662853,0.07680561,0.26730976,0.19853275,True,2.1371,2.1371
228,C1CCC(=O)N1C2=CC=C(C=C2)C3=CC=C4C=CC5=C(CCNC5=O)C4=C3,O=C1NCCc2c1ccc1ccc(-c3ccc(N4CCCC4=O)cc3)cc21,-10.2,3.919500000000003,0.7565455105375148,2.340377373717283,356.4250000000002,1,2,2,49.410000000000004,5,27,0.38078657,0.18054014,True,0.488183862711168,docking_results_3_18.csv,0.08539795,0.06928452,0.38078657,0.14989915,0.20947962,0.086853445,0.0577461,0.3807603,0.103039965,0.085428216,0.3393571,0.21844871,True,3.919500000000003,3.919500000000003
166,C1CN=C2C=CC(=CN21)C3=CC=C4C=CC5=C(CCNC5=O)C4=C3,O=C1NCCc2c1ccc1ccc(C3=CN4CCN=C4C=C3)cc21,-10.2,2.7505000000000006,0.8792878311926303,3.133832153935847,315.376,1,3,1,44.7,5,24,0.3866115,0.12991264,True,0.873543890289727,docking_results_3_27.csv,0.05891627,0.050619315,0.25603667,0.089904234,0.08698579,0.041194573,0.04366438,0.3866115,0.06351298,0.07186931,0.20412229,0.20551427,True,2.7505000000000006,2.7505000000000006
142,C#CCN1/C(=C2\NC(=O)C3=CC=CC=C3N2C1O)C4=CC=C5C=CC=CC5=C4,C#CCN1C(c2ccc3ccccc3c2)=C2NC(=O)c3ccccc3N2C1O,-10.2,2.9406000000000017,0.6841099399792201,3.3733311284025334,367.4080000000001,2,4,2,55.81,5,28,0.39586568,0.16500734,True,0.8342317564039963,docking_results_3_22.csv,0.03600478,0.029416764,0.38571605,0.14167187,0.1477771,0.056621406,0.055489015,0.3689794,0.08349326,0.089238964,0.39586568,0.18981388,True,2.9406000000000017,2.9406000000000017
232,COC1=CC=C(C=C1C2=CC=C3C4=C(CCNC4=O)C=CC3=C2[C@H1])CC(=O)N,[CH]c1c(-c2cc(CC(N)=O)ccc2OC)ccc2c3c(ccc12)CCNC3=O,-10.2,2.8882900000000005,0.7388473688638293,2.926926532004435,372.42400000000015,2,3,4,81.42,4,28,0.39812174,0.13835616,True,0.8469216834431882,docking_results_3_26.csv,0.05753571,0.039647307,0.39812174,0.09167628,0.14953274,0.050783563,0.03921639,0.30243185,0.07231691,0.062338028,0.24932697,0.14734659,True,2.8882900000000005,2.8882900000000005
152,COCCC1[C@@H1]CN(N1)C2=CC=C(C=N2)C3=CC=C4C=CC5=C(CCNC5=O)C4=C3,COCCC1[CH]CN(c2ccc(-c3ccc4ccc5c(c4c3)CCNC5=O)cn2)N1,-10.2,3.121690000000001,0.6877112902935426,3.71927640435685,401.49000000000024,2,5,5,66.49000000000001,5,30,0.4514548,0.14768408,True,0.7811335349418127,docking_results_3_28.csv,0.05220844,0.031893697,0.4514548,0.13329865,0.1514744,0.047546774,0.03891488,0.29299495,0.08549123,0.06403193,0.25647184,0.16642731,True,3.121690000000001,3.121690000000001
97,O=C(NC1CCC1)C2=CC=C(C=N2)C3=CC=C4C=CC5=C(CCNC5=O)C4=C3,O=C(NC1CCC1)c1ccc(-c2ccc3ccc4c(c3c2)CCNC4=O)cn1,-10.2,3.4700000000000015,0.7405497695704392,2.444398997654117,371.4400000000002,2,3,3,71.09,5,28,0.45179865,0.1851936,True,0.6538098131398559,docking_results_3_28.csv,0.06019886,0.046932716,0.45179865,0.1579831,0.19695085,0.07834471,0.057417188,0.3740299,0.11093489,0.09274951,0.38456604,0.21041681,True,3.4700000000000015,3.470000000000001
25,CCCNC(=O)C1=CC=C(C=C1)C=C2C=C3C=CC4=C(CCNC4=O)C3=C=C2,CCCNC(=O)c1ccc(C=C2C=C=c3c4c(ccc3=C2)C(=O)NCC4)cc1,-10.2,1.9256,0.8640551367439776,3.3049494250045424,370.45200000000017,2,2,4,58.2,4,28,0.45399544,0.16763376,True,0.7962196564818211,docking_results_3_25.csv,0.07130178,0.07600512,0.20235208,0.11190826,0.18124245,0.10211935,0.05500441,0.45399544,0.07097989,0.11670786,0.37479416,0.19519427,True,1.9256,1.9256
166,CS(=O)(=O)C1CC1C2=CC=C(C=C2)C3=CC=C4C=CC5=C(CCNC5=O)C4=C3,CS(=O)(=O)C1CC1c1ccc(-c2ccc3ccc4c(c3c2)CCNC4=O)cc1,-10.2,3.6932000000000027,0.740579122243198,3.327806781966812,391.4920000000002,1,3,3,63.24,5,28,0.46087363,0.17482688,True,0.5683179648537672,docking_results_3_26.csv,0.06241148,0.052240208,0.20342211,0.1745314,0.25997728,0.112680815,0.06619989,0.36077297,0.073792435,0.104465395,0.46087363,0.16655514,True,3.6932000000000027,3.6932000000000023
242,C1C2=CC=C(C=C2C3=CC=C4C5=C(CCNC5=O)C=CC4=C3NC(=O)C1=O)C,Cc1ccc2c(c1)-c1ccc3c4c(ccc3c1NC(=O)C(=O)C2)CCNC4=O,-10.2,3.1648200000000006,0.5970611610667782,2.870596390816509,370.4080000000001,2,3,0,75.27000000000001,5,28,0.4800315,0.1952015,True,0.7667432032586019,docking_results_3_25.csv,0.060036477,0.05073682,0.4800315,0.15788516,0.17990962,0.07284377,0.054915536,0.42184678,0.10900664,0.08682973,0.41616327,0.25221244,True,3.1648200000000006,3.1648200000000006
219,C1C[C@H1](C)N1C2=CC=C(C=N2)C3=CC=C4C=CC5=C(CCNC5=O)C4=C3,C[C@H]1CCN1c1ccc(-c2ccc3ccc4c(c3c2)CCNC4=O)cn1,-10.2,3.7863000000000024,0.7699764685337115,3.006948754715003,343.4300000000001,1,3,2,45.230000000000004,5,26,0.49396765,0.19697557,True,0.5341869590206725,docking_results_3_14.csv,0.061461978,0.0464416,0.49396765,0.19914564,0.19198532,0.0771031,0.05748922,0.38112462,0.114722624,0.09453037,0.4111866,0.23454809,True,3.7863000000000024,3.7863000000000016
9,NC(=O)NC1=CC=C(C=C1)C2=CC=C3C=CC4=C(CCNC4=O)C3=C2,NC(=O)Nc1ccc(-c2ccc3ccc4c(c3c2)CCNC4=O)cc1,-10.2,3.2833000000000014,0.6730750419039717,2.24374354386895,331.37500000000006,3,2,2,84.22,4,25,0.49759927,0.17921011,True,0.7246904689938837,docking_results_3_15.csv,0.081148475,0.06364183,0.49759927,0.10278936,0.23488311,0.08337472,0.046310253,0.36749896,0.10931903,0.07176782,0.30878386,0.18340458,True,3.2833000000000014,3.283300000000001
50,CC(=O)N1[C@@H1](CC2=CC=CC=C2C1=O)C(=O)NCC3=CC=C(C=C3)C4=CC=CC5=C4CNCC5,CC(=O)N1C(=O)c2ccccc2C[C@H]1C(=O)NCc1ccc(-c2cccc3c2CNCC3)cc1,-10.1,3.2291000000000016,0.6359179648682185,3.0242337708776965,453.54200000000026,2,4,4,78.51,5,34,0.0942229,0.04047918,True,0.7268834202004366,docking_results_3_13.csv,0.03990969,0.01441973,0.07285053,0.028739877,0.0942229,0.01724854,0.016437495,0.08862201,0.01559688,0.020959124,0.050936915,0.025806483,True,3.2291000000000016,3.2291000000000016
239,CC(=O)N1CCC2=CC=CC=C2[C@@H1]1C(=O)N3CC4=CC=CC=C4C[C@@H1]3C(=O)NC5=CC=CC=C5,CC(=O)N1CCc2ccccc2[C@@H]1C(=O)N1Cc2ccccc2C[C@@H]1C(=O)Nc1ccccc1,-10.1,3.7245000000000026,0.6571793773016533,3.1271805377334427,453.54200000000014,1,3,3,69.72,5,34,0.11625127,0.03985759,True,0.5436423188721045,docking_results_3_15.csv,0.045029484,0.016357297,0.043833848,0.027663074,0.11625127,0.02058558,0.01796224,0.08269459,0.013786395,0.021028157,0.05121853,0.02188061,True,3.7245000000000026,3.7245000000000026
171,O=C1NC[C@H1](CN1C2CCCC2)C3=CC=C4C=CC5=C(CCNC5=O)C4=C3,O=C1NCCc2c1ccc1ccc([C@@H]3CNC(=O)N(C4CCCC4)C3)cc21,-10.1,3.177100000000001,0.8608512926334625,3.252568468005677,363.4610000000001,2,2,2,61.440000000000005,5,27,0.14095464,0.04905434,True,0.7446701010012294,docking_results_3_29.csv,0.04766843,0.022182552,0.05677518,0.041759253,0.07300962,0.019141665,0.020134253,0.14095464,0.017590458,0.02567009,0.066292316,0.057473578,True,3.177100000000001,3.177100000000001
132,CC1=CC=C(C(=C1)C2=CC=CN=C2C3)CC=C4C=CC=C(CNC(N)=O)C4=C3,Cc1ccc2c(c1)-c1cccnc1CC=c1c(CNC(N)=O)cccc1=CC2,-10.1,2.585119999999999,0.7290401581554268,3.3716200172914244,369.46800000000013,2,2,2,68.00999999999999,4,28,0.15244728,0.049473148,True,0.870058677833594,docking_results_3_5.csv,0.04115967,0.014864892,0.15244728,0.032597344,0.09228809,0.01747187,0.017247109,0.09910966,0.02134562,0.0247521,0.051471017,0.028923143,True,2.585119999999999,2.585119999999999
106,CC1=CC=C(C=C1C2=CC=C3C4=C(CCNC4=O)C=CC3=C25)C(=O)NCCNCC5,Cc1ccc2cc1-c1ccc3c4c(ccc3c1CCNCCNC2=O)CCNC4=O,-10.1,2.9766200000000005,0.5443466696581547,3.9562075942773465,399.4940000000002,3,3,0,70.23,5,30,0.17575924,0.05652942,True,0.8054116353159296,docking_results_3_26.csv,0.038758423,0.015898123,0.17575924,0.041863177,0.069361664,0.015064928,0.016697625,0.1348234,0.022984052,0.023332193,0.06897059,0.054839708,True,2.9766200000000005,2.9766200000000005
132,C[C@H1]1CCCC[C@@H1]1NC(=O)C2=CC=C3C=C(C=CC3=C2)C(=O)NC4CCNC(=O)CC4,C[C@H]1CCCC[C@@H]1NC(=O)c1ccc2cc(C(=O)NC3CCNC(=O)CC3)ccc2c1,-10.1,3.546800000000002,0.7055758313955466,3.201846405510259,421.5410000000002,3,3,4,87.30000000000001,4,31,0.18042624,0.07881563,True,0.6094752406973776,docking_results_3_14.csv,0.044354998,0.023174668,0.117902085,0.06324709,0.13549788,0.03961611,0.03229082,0.18042624,0.036333088,0.04892287,0.15634312,0.06767854,True,3.546800000000002,3.546800000000002
239,CC1=CC=C(C=C1C2=CC=C3C=CC4=C(CCNC4=O)C3=C2)C(=O)N5CCNCC5,Cc1ccc(C(=O)N2CCNCC2)cc1-c1ccc2ccc3c(c2c1)CCNC3=O,-10.1,3.1465200000000015,0.6959971461798429,2.4991551998469443,399.4940000000002,2,3,2,61.440000000000005,5,30,0.1825753,0.071768045,True,0.7547990018789158,docking_results_3_24.csv,0.046431325,0.024031451,0.16675466,0.05448913,0.09132315,0.02414554,0.025196856,0.1825753,0.03453794,0.03391883,0.09785113,0.07996115,True,3.1465200000000015,3.146520000000001
50,CC(=O)N[C@@H1](CC(N)=O)C1=CC=C(C=C1)C2=CC=C3C=CC4=C(CCNC4=O)C3=C2,CC(=O)N[C@@H](CC(N)=O)c1ccc(-c2ccc3ccc4c(c3c2)CCNC4=O)cc1,-10.1,2.845300000000001,0.6126545472118018,2.9005774656484995,401.46600000000024,3,3,5,101.28999999999999,4,30,0.18639304,0.08096469,True,0.8362518286832278,docking_results_3_28.csv,0.06271048,0.033682298,0.18639304,0.04686809,0.13594078,0.036076788,0.032082282,0.17771854,0.044377375,0.04032831,0.10561478,0.06978355,True,2.845300000000001,2.845300000000001
169,CC(C)(C)C(=O)N1CCC(CC1)C2=CC(=CC=C2C(N)=O)C3=CC=CC(O)=C3C#N,CC(C)(C)C(=O)N1CCC(c2cc(-c3cccc(O)c3C#N)ccc2C(N)=O)CC1,-10.1,3.7818800000000024,0.8099503232242774,2.632542513038379,405.49800000000016,2,4,3,107.41999999999999,3,30,0.20300032,0.07464171,True,0.5232150881115125,docking_results_3_1.csv,0.03692725,0.023617232,0.081097804,0.055634983,0.123767786,0.04023564,0.029272959,0.20300032,0.029975384,0.046748284,0.1594602,0.06596279,True,3.7818800000000024,3.7818800000000015
122,C[C@@H1](C(=O)N(C)C1=CC=CC=C1)C2=CC=C3C=CC4=C(CCNC4=O)C3=C2,C[C@@H](C(=O)N(C)c1ccccc1)c1ccc2ccc3c(c2c1)CCNC3=O,-10.1,3.8922000000000025,0.7720889940098471,2.92692953225788,358.44100000000014,1,2,3,49.410000000000004,4,27,0.20610885,0.09043327,True,0.4856411762254462,docking_results_3_18.csv,0.03725091,0.018840866,0.1972614,0.078631446,0.1453227,0.03915743,0.03209747,0.1833306,0.03513373,0.05144296,0.20610885,0.06062089,True,3.8922000000000025,3.8922000000000025
80,C1C=CC(NC(=O)C2=CC=C3C=CC4=C(CCNC4=O)C3=C2C)C=C1NC(N)=O,Cc1c(C(=O)NC2C=CCC(NC(N)=O)=C2)ccc2ccc3c(c12)CCNC3=O,-10.1,2.04462,0.6015784235282162,3.777634221333644,390.44300000000015,4,3,3,113.32,4,29,0.20790012,0.06489051,True,0.8109439466388697,docking_results_3_23.csv,0.03048816,0.018416215,0.17511848,0.030712439,0.05577906,0.01759021,0.022748336,0.20790012,0.031100286,0.038432647,0.07779389,0.07260624,True,2.04462,2.04462
62,CC1=CC=C(C2=C1C=C3C=CC4=C(CCNC4=O)C3=C2)C(=O)NCC5NCNCC5,Cc1ccc(C(=O)NCC2CCNCN2)c2cc3c4c(ccc3cc12)C(=O)NCC4,-10.1,2.22612,0.5066088613383187,3.4310190134718734,402.49800000000016,4,4,3,82.26,5,30,0.24201338,0.09004518,True,0.8493759352710499,docking_results_3_21.csv,0.045816187,0.02515216,0.24201338,0.067681946,0.10119592,0.027568718,0.026318582,0.22167768,0.04625662,0.039097268,0.12682886,0.11093489,True,2.22612,2.22612
169,O=C1OC(CC2=CC=CC=C2)C(=O)N1C3=CC=C4C=CC5=C(CCNC5=O)C4=C3,O=C1NCCc2c1ccc1ccc(N3C(=O)OC(Cc4ccccc4)C3=O)cc21,-10.1,3.220200000000001,0.7499786019896135,3.1162537067262983,386.4070000000002,1,4,3,75.71000000000001,5,29,0.24294846,0.10912312,True,0.7299739336614268,docking_results_3_29.csv,0.056815162,0.034739364,0.21588866,0.08032429,0.15691827,0.047541246,0.040398117,0.24294846,0.053504054,0.051051036,0.22196858,0.10738015,True,3.220200000000001,3.220200000000001
30,CC1=CC=C(C=C1C2=CC=C3C=CC4=C(CCNC4=O)C3=C2N5CCOCC5)C(N)=O,Cc1ccc(C(N)=O)cc1-c1ccc2ccc3c(c2c1N1CCOCC1)CCNC3=O,-10.1,3.036620000000001,0.6886981169200576,2.689365414924783,415.4930000000003,2,4,3,84.66,5,31,0.24703322,0.08667007,True,0.7887596985212889,docking_results_3_17.csv,0.0397877,0.023422053,0.24703322,0.06016628,0.08520603,0.02450553,0.026944883,0.21979085,0.043475453,0.03817106,0.12869552,0.10284219,True,3.036620000000001,3.036620000000001
22,C1C=CC(C)=NC1NC(=O)C2=CC=C3C=CC4=C(CCNC4=O)C3=C2C,CC1=NC(NC(=O)c2ccc3ccc4c(c3c2C)CCNC4=O)CC=C1,-10.1,2.910820000000001,0.8768071466608048,3.687917175767634,347.4180000000001,2,3,2,70.56,4,26,0.24822885,0.09230462,True,0.8218896711782823,docking_results_3_25.csv,0.037821297,0.022184482,0.24822885,0.06663623,0.08180726,0.027092703,0.031122994,0.23684263,0.04179154,0.05176566,0.16017455,0.10218719,True,2.910820000000001,2.910820000000001
131,O=C(CN1C2=CC=CC=C2C(=O)[NH1]C1=O)C3=CC=C4C=CC5=C(CCNC5=O)C4=C3,O=C(Cn1c(=O)[nH]c(=O)c2ccccc21)c1ccc2ccc3c(c2c1)CCNC3=O,-10.1,2.0118,0.5147679471988741,2.5379543547417676,399.4060000000002,2,4,3,101.03,5,30,0.24926515,0.09492647,True,0.8023133065761685,docking_results_3_27.csv,0.07213963,0.041851558,0.24926515,0.059358496,0.13086039,0.03668881,0.033728555,0.20412016,0.053596377,0.038098406,0.12118394,0.098226026,True,2.0118,2.0118
37,CCN1CCO[C@H1]1C2=CC=C(C=N2)C3=CC=C4C=CC5=C(CCNC5=O)C4=C3,CCN1CCO[C@H]1c1ccc(-c2ccc3ccc4c(c3c2)CCNC4=O)cn1,-10.1,3.538400000000002,0.7630140923488591,3.31113144109797,373.4560000000002,1,4,3,54.46,5,28,0.250327,0.08736437,True,0.6126440494920025,docking_results_3_29.csv,0.05275208,0.025375228,0.250327,0.078563206,0.10789411,0.027461365,0.02542462,0.18738246,0.042195883,0.035771675,0.12272829,0.09249647,True,3.538400000000002,3.538400000000002
238,COC1=CC=C(C=C1)C2=CC=C3C4=C(CCNC4=O)C=CC3=C2C(=O)N5CCNCC5,COc1ccc(-c2ccc3c4c(ccc3c2C(=O)N2CCNCC2)CCNC4=O)cc1,-10.1,2.846700000000001,0.6902430661508026,2.5791744728331665,415.4930000000002,2,4,3,70.67,5,31,0.25251168,0.09118744,True,0.8359675451137356,docking_results_3_16.csv,0.046302333,0.025963176,0.25251168,0.06642748,0.10138356,0.028078182,0.027426705,0.22092716,0.046261944,0.039323,0.13425422,0.10538975,True,2.846700000000001,2.846700000000001
73,CC(=O)NCC1=CC=C(C=C1)C2=CC=C3C=CC4=C(CCNC4=O)C3=C2,CC(=O)NCc1ccc(-c2ccc3ccc4c(c3c2)CCNC4=O)cc1,-10.1,3.4288000000000016,0.7647030854847541,2.2317587202328912,344.41400000000016,2,2,3,58.2,4,26,0.26146215,0.10071582,True,0.6540104525623834,docking_results_3_23.csv,0.059055645,0.031212019,0.26146215,0.06796023,0.17025276,0.044912547,0.034227706,0.19814886,0.051673103,0.047378987,0.16617917,0.07612667,True,3.4288000000000016,3.4288000000000016
3,C1[C@H1][C@@H1](C(=O)O)N1C2=CC=C(C=N2)C3=CC=C4C=CC5=C(CCNC5=O)C4=C3,O=C1NCCc2c1ccc1ccc(-c3ccc(N4C[CH][C@H]4C(=O)O)nc3)cc21,-10.1,2.665190000000001,0.7386489052957379,3.42834138481279,372.40400000000017,2,4,3,82.53,5,28,0.26940113,0.113314986,True,0.8638683423270372,docking_results_3_25.csv,0.07789148,0.053087283,0.23932141,0.07302403,0.1413278,0.045773055,0.04220574,0.26940113,0.07235079,0.04767803,0.14285964,0.1548595,True,2.665190000000001,2.665190000000001
31,C1N(CCC1C(N)=O)C2=CC=C(C=N2)C3=CC=C4C=CC5=C(CCNC5=O)C4=C3,NC(=O)C1CCN(c2ccc(-c3ccc4ccc5c(c4c3)CCNC5=O)cn2)C1,-10.1,2.4993000000000007,0.7239160595592117,2.967288871561463,386.4550000000002,2,4,3,88.32,5,29,0.27663738,0.113912486,True,0.8723116774218912,docking_results_3_22.csv,0.06631824,0.045096837,0.27663738,0.07645755,0.13507354,0.044100523,0.04201254,0.26720703,0.078846425,0.05358726,0.1365612,0.14505126,True,2.4993000000000007,2.4993000000000007
164,C[C@H1](C(=O)NC1=CC=CC=N1)C2=CC=C3C=CC4=C(CCNC4=O)C3=C2,C[C@H](C(=O)Nc1ccccn1)c1ccc2ccc3c(c2c1)CCNC3=O,-10.1,3.262900000000001,0.7652806462798319,2.8959965603830184,345.4020000000001,2,3,3,71.09,4,26,0.28370595,0.10915211,True,0.714990107819628,docking_results_3_22.csv,0.04865511,0.027866608,0.28370595,0.08641007,0.14505704,0.043617066,0.039668627,0.22223228,0.05606478,0.057544142,0.20432536,0.09467823,True,3.262900000000001,3.262900000000001
77,CC1=CC=C(C=C1C2=CC=C3C4=C(CCNC4=O)C=CC3=C2)C(=O)NCCNC,CNCCNC(=O)c1ccc(C)c(-c2ccc3c4c(ccc3c2)CCNC4=O)c1,-10.1,3.050320000000001,0.5895426928744899,2.467223957665805,387.4830000000001,3,3,5,70.23,4,29,0.28460312,0.09335644,True,0.7847575412365969,docking_results_3_27.csv,0.039510015,0.02006573,0.28460312,0.06738812,0.11800743,0.03075639,0.026613723,0.20231079,0.042655945,0.043328546,0.16532916,0.079708345,True,3.050320000000001,3.050320000000001
102,C1=CC[NH2+1]CC(=N1)C2=CC=C(C=C2)C3=CC=C4C=CC5=C(CCNC5=O)C4=C3,O=C1NCCc2c1ccc1ccc(-c3ccc(C4=NC=CC[NH2+]C4)cc3)cc21,-10.1,2.6725000000000003,0.7178900467189665,3.3405992036061285,368.4600000000002,2,2,2,58.07,5,28,0.2852174,0.121570736,True,0.8631101910628549,docking_results_3_29.csv,0.06724636,0.044865087,0.27447826,0.08810808,0.14909662,0.04944293,0.040033437,0.2852174,0.06459754,0.05642427,0.20144701,0.13789189,True,2.6725000000000003,2.6725000000000003
148,C1C2C[C@@H1](N2C(=O)C1=C)C3=CC=C4C=CC5=C(CCNC5=O)C4=C3,C=C1CC2C[C@H](c3ccc4ccc5c(c4c3)CCNC5=O)N2C1=O,-10.1,2.7276000000000007,0.8220424321662637,3.7524802938025275,318.37600000000003,1,2,1,49.410000000000004,5,24,0.2929189,0.10957039,True,0.8563807184282458,docking_results_3_15.csv,0.07985992,0.057777047,0.14369316,0.088681,0.1145724,0.047759354,0.04558233,0.2929189,0.054329835,0.058197383,0.17146534,0.16000809,True,2.7276000000000007,2.7276000000000007
135,C1CC(C(=O)N1C2=CC=C(C=C2)C#N)C3=CC=C4C=CC5=C(CCNC5=O)C4=C3,N#Cc1ccc(N2CCC(c3ccc4ccc5c(c4c3)CCNC5=O)C2=O)cc1,-10.1,3.5178800000000017,0.7381579003812513,3.1262015089240993,381.4350000000002,1,3,2,73.2,5,29,0.29293534,0.1308,True,0.6203925612581226,docking_results_3_26.csv,0.070311844,0.04997052,0.23267831,0.114496864,0.15475754,0.061100286,0.04969255,0.29293534,0.064394146,0.06899989,0.25861695,0.1516458,True,3.5178800000000017,3.5178800000000017
32,CC(=O)N[C@@H1]1CCCC1N2C=C(C=N2)C3=CC=C4C=CC5=C(CCNC5=O)C4=C3,CC(=O)N[C@@H]1CCCC1n1cc(-c2ccc3ccc4c(c3c2)CCNC4=O)cn1,-10.1,3.2189000000000014,0.7233502699380148,3.4797690764077913,388.4710000000002,2,3,3,76.02000000000001,5,29,0.29924163,0.12170712,True,0.7304238373132232,docking_results_3_23.csv,0.059758298,0.036880247,0.29924163,0.10874721,0.13184184,0.044742174,0.04110453,0.261261,0.06760151,0.060469467,0.20554748,0.1432901,True,3.2189000000000014,3.218900000000001
230,C1CN(CC12CCCC2)C3=CC=C4C5=C(CCNC5=O)C=CC4=C3,O=C1NCCc2ccc3cc(N4CCC5(CCCC5)C4)ccc3c21,-10.1,3.896200000000003,0.8641968697082011,3.124744975667773,320.43600000000004,1,2,1,32.34,5,24,0.3020379,0.120916836,True,0.4843264386823221,docking_results_3_17.csv,0.04120584,0.028465651,0.1723289,0.1444441,0.10944494,0.046377447,0.04230214,0.3020379,0.048517313,0.07328319,0.28827357,0.15432107,True,3.896200000000003,3.896200000000003
249,CN(CCS(N)(=O)=O)C1=CC=C(C=N1)C2=CC=C3C=CC4=C(CCNC4=O)C3=C2,CN(CCS(N)(=O)=O)c1ccc(-c2ccc3ccc4c(c3c2)CCNC4=O)cn1,-10.1,1.9123999999999997,0.6684697698803547,2.7886514130784494,410.49900000000025,2,5,5,105.38999999999999,4,29,0.30739474,0.12894289,True,0.7735182186839498,docking_results_3_22.csv,0.06266217,0.04360931,0.30739474,0.09776786,0.15715483,0.05263138,0.04551675,0.28943196,0.08674608,0.06310112,0.18765385,0.15364458,True,1.9123999999999997,1.9124
246,CC1=CC=C(C=C1C2=CC=C3C4=C(CCNC4=O)C=CC3=C2)C(=O)NCNC,CNCNC(=O)c1ccc(C)c(-c2ccc3c4c(ccc3c2)CCNC4=O)c1,-10.1,3.0078200000000006,0.6159253615663808,2.595398890816508,373.4560000000001,3,3,4,70.23,4,28,0.3220699,0.10598749,True,0.7969354888764593,docking_results_3_26.csv,0.040654738,0.0216148,0.3220699,0.07745097,0.13059998,0.035129376,0.028651528,0.22502908,0.04817916,0.046846095,0.20414504,0.09147921,True,3.0078200000000006,3.0078200000000006
37,C1COCC(=O)N1C2=CC=C(C=N2)C3=CC=C4C=CC5=C(CCNC5=O)C4=C3,O=C1NCCc2c1ccc1ccc(-c3ccc(N4CCOCC4=O)nc3)cc21,-10.1,2.5509000000000004,0.7494244207274462,2.6603460062011237,373.4120000000002,1,4,2,71.53,5,28,0.32621723,0.13118066,True,0.8715052118477117,docking_results_3_23.csv,0.07351619,0.05271806,0.32621723,0.0962381,0.13448428,0.0474322,0.047168348,0.29966095,0.087449476,0.05890752,0.1682524,0.18212332,True,2.5509000000000004,2.5509000000000004
213,CN(CCS(N)(=O)=O)C1=CC=C(C=C1)C2=CC=C3C=CC4=C(CCNC4=O)C3=C2,CN(CCS(N)(=O)=O)c1ccc(-c2ccc3ccc4c(c3c2)CCNC4=O)cc1,-10.1,2.5174000000000003,0.6772570478531471,2.6223675481628774,409.51100000000025,2,4,5,92.5,4,29,0.32770234,0.14855547,True,0.8722175153832755,docking_results_3_20.csv,0.06380856,0.047818415,0.2993885,0.11691395,0.1971416,0.07055967,0.052819185,0.32770234,0.093089946,0.07690291,0.27164114,0.16487943,True,2.5174000000000003,2.5174000000000003
154,CN1N=C(C=C1C2=CC=C3C=C(O)C(C)=CC3=C2)C(=O)NC4CNCNC4,Cc1cc2cc(-c3cc(C(=O)NC4CNCNC4)nn3C)ccc2cc1O,-10.1,1.5030199999999991,0.5647313560596863,2.8783383494504076,365.43700000000007,4,5,3,91.21,4,27,0.33185244,0.104421936,True,0.6282903073052847,docking_results_3_26.csv,0.04104383,0.023681035,0.33185244,0.07519651,0.10559796,0.028704373,0.02779255,0.25235015,0.061062884,0.044037618,0.13298948,0.12875436,True,1.5030199999999991,1.5030199999999991
75,N#CCNC(=O)C1=CC=C(C=C1)C2=CC=C3C=CC4=C(CCNC4=O)C3=C2,N#CCNC(=O)c1ccc(-c2ccc3ccc4c(c3c2)CCNC4=O)cc1,-10.1,3.046080000000001,0.7086259863271698,2.3907454884652406,355.39700000000016,2,3,3,81.99000000000001,4,27,0.33194417,0.13783245,True,0.7860037475406324,docking_results_3_27.csv,0.07742314,0.05527212,0.33194417,0.08762503,0.18926463,0.06554942,0.047268853,0.28927284,0.08517663,0.06322665,0.21991283,0.14205284,True,3.046080000000001,3.046080000000001
233,CC1=NC=C(C=C1C2=CC=C3C4=C(CCNC4=O)C=CC3=C2)C(=O)NCNC,CNCNC(=O)c1cnc(C)c(-c2ccc3c4c(ccc3c2)CCNC4=O)c1,-10.1,2.40282,0.6126173997920649,2.780682929278049,374.4440000000001,3,4,4,83.12,4,28,0.33754686,0.09193566,True,0.8693765972226302,docking_results_3_26.csv,0.042880185,0.021311173,0.33754686,0.061808996,0.10209005,0.025588755,0.024323862,0.19434972,0.04722629,0.03721302,0.12244447,0.08644435,True,2.40282,2.40282
218,C[C@@H1](CC#N)NC(=O)C1=CC=C(C=C1)C2=CC=C3C=CC4=C(CCNC4=O)C3=C2,C[C@@H](CC#N)NC(=O)c1ccc(-c2ccc3ccc4c(c3c2)CCNC4=O)cc1,-10.1,3.8246800000000025,0.7184097874126076,2.899207102727887,383.4510000000002,2,3,4,81.99000000000001,4,29,0.34354204,0.155531,True,0.5083506300968755,docking_results_3_18.csv,0.06274361,0.045772288,0.34354204,0.1245753,0.20046179,0.07477906,0.05273216,0.31639466,0.087151095,0.08042028,0.32095906,0.15684082,True,3.8246800000000025,3.8246800000000025
65,CN(C)C(=O)C1=CC=C(C=C1)C2=CC=C3C=CC4=C(CCNC4=O)C3=C2,CN(C)C(=O)c1ccc(-c2ccc3ccc4c(c3c2)CCNC4=O)cc1,-10.1,3.494500000000002,0.7735033168072352,2.2450708616050328,344.4140000000001,1,2,2,49.410000000000004,4,26,0.34390265,0.13364671,True,0.6292275240738547,docking_results_3_14.csv,0.054689717,0.033238772,0.34390265,0.0975837,0.20475437,0.05974314,0.035856787,0.26342714,0.0674241,0.055624347,0.27874935,0.10876643,True,3.494500000000002,3.494500000000002
37,C1OC(=O)[C@H1]N(C=C1)C2=CC=CC3=CN(CC3=C2)C(=O)C4=C5C=CC=CC5=NC=C4,O=C1[CH]N(C2=CC=CC3=CN(C(=O)c4ccnc5ccccc45)CC3=C2)C=CCO1,-10.1,3.4888900000000023,0.7275169700166414,3.78077001175917,396.4260000000001,0,5,2,62.74,5,30,0.35343367,0.09708101,True,0.6313474864844707,docking_results_3_12.csv,0.044219207,0.043650646,0.1397321,0.04960915,0.06667332,0.034648366,0.044012893,0.35343367,0.053054526,0.075451925,0.12010548,0.14038098,True,3.4888900000000023,3.4888900000000023
86,CC1CN(C2C1C=CC=C2)C3=CC=C4C=CC5=C(CCNC5=O)C4=C3,CC1CN(c2ccc3ccc4c(c3c2)CCNC4=O)C2C=CC=CC12,-10.1,3.6926000000000023,0.8647077637633861,3.9877530576781623,330.43100000000004,1,2,1,32.34,5,25,0.35442767,0.14298043,True,0.5552142788417868,docking_results_3_21.csv,0.0433164,0.033903632,0.22391492,0.14485905,0.12609226,0.057960343,0.054935172,0.35442767,0.06634389,0.10074491,0.33058405,0.17868283,True,3.6926000000000023,3.6926000000000014
16,C1/[NH1+1]=C(\N=C1C2=CC=C3C=CC=CC3=C2)\C=CC=C4C=CC5=C(CCNC5=O)C4,O=C1NCCC2=C1C=CC(=CC=CC1=[NH+]CC(c3ccc4ccccc4c3)=N1)C2,-10.1,2.380600000000001,0.8440894322025321,3.9214139376214048,380.47100000000023,2,2,3,55.43,5,29,0.35946336,0.09574444,True,0.8678861966422889,docking_results_3_15.csv,0.042451203,0.04233826,0.10182238,0.05153633,0.06862149,0.03831585,0.048626,0.35946336,0.0471119,0.08664222,0.1303231,0.13168119,True,2.380600000000001,2.380600000000001
248,O=C(C1C2=CC=CC=C2C=N1)NC=CC3=CC=C4C5=C(CCNC5=O)C=CC4=C3,O=C1NCCc2ccc3cc(C=CNC(=O)C4N=Cc5ccccc54)ccc3c21,-10.1,3.386400000000002,0.7301224872114599,3.612070435879499,381.4350000000002,2,3,3,70.56,5,29,0.36316916,0.15888815,True,0.6698908325866102,docking_results_3_21.csv,0.053656828,0.04250545,0.36316916,0.116037175,0.16370118,0.065058395,0.057700813,0.35863894,0.08879864,0.091446936,0.33008972,0.17585447,True,3.386400000000002,3.386400000000002
194,COC1CCN(CC1)C2=CC=C(C=N2)C3=CC=C4C=CC5=C(CCNC5=O)C4=C3,COC1CCN(c2ccc(-c3ccc4ccc5c(c4c3)CCNC5=O)cn2)CC1,-10.1,3.802900000000003,0.7426905368811397,2.5516513468605915,387.48300000000023,1,4,3,54.46,5,29,0.36890605,0.1349396,True,0.5158722414648007,docking_results_3_18.csv,0.051192395,0.03174731,0.36890605,0.12645444,0.14342946,0.046735037,0.03928696,0.2815394,0.0759663,0.064165,0.24015504,0.1496976,True,3.802900000000003,3.802900000000003
247,[NH3+1][C@@H1]1C[C@@H1]1C2=CC=C(C=N2)C3=CC=C4C=CC5=C(CCNC5=O)C4=C3,[NH3+][C@@H]1C[C@@H]1c1ccc(-c2ccc3ccc4c(c3c2)CCNC4=O)cn1,-10.1,2.2855,0.7567329252824101,3.692657588865405,330.41100000000006,2,2,2,69.63,5,25,0.37426665,0.17727853,True,0.858141420556613,docking_results_3_25.csv,0.100698635,0.07183489,0.34656045,0.17981541,0.21820512,0.0875561,0.04693456,0.34116068,0.07890181,0.069981836,0.37426665,0.21142642,True,2.2855,2.2855
122,CC1[C@H1](C)[C@H1]1N2C=C(C=N2)C3=CC=C4C=CC5=C(CCNC5=O)C4=C3,CC1[C@H](C)[C@H]1n1cc(-c2ccc3ccc4c(c3c2)CCNC4=O)cn1,-10.1,3.8161000000000023,0.7759045498021733,3.7190118742233773,331.41900000000004,1,2,2,46.92,5,25,0.37548056,0.1487474,True,0.5113028629348741,docking_results_3_28.csv,0.052103315,0.03131334,0.37548056,0.16106017,0.16102475,0.053050492,0.039080895,0.2832282,0.06708617,0.06451786,0.33821562,0.1588073,True,3.8161000000000023,3.8161000000000014
32,C=1CC2=CC=C(C=C2C=1C)C=CC3=CC4=CC5=C(CCNC5=O)C(=O)N4C3,CC1=CCc2ccc(C=CC3=Cc4cc5c(c(=O)n4C3)CCNC5=O)cc21,-10.1,3.2040000000000015,0.898337429617917,3.5892046600628733,356.42500000000007,1,2,2,51.1,5,27,0.38737002,0.12791412,True,0.7355518946585258,docking_results_3_21.csv,0.0727766,0.06570767,0.1599958,0.09313793,0.107658565,0.057886027,0.045651402,0.38737002,0.052633844,0.08273609,0.2304353,0.17898028,True,3.2040000000000015,3.204000000000001
163,C[NH2+1][C@H1]1CCC[C@H1]1OC2=CC=C(C=N2)C3=CC=C4C=CC5=C(CCNC5=O)C4=C3,C[NH2+][C@H]1CCC[C@H]1Oc1ccc(-c2ccc3ccc4c(c3c2)CCNC4=O)cn1,-10.1,2.6808000000000005,0.7221224087311803,3.9539312742099906,388.4910000000002,2,3,4,67.83000000000001,5,29,0.39111093,0.16915381,True,0.862210785370514,docking_results_3_18.csv,0.05912335,0.039753143,0.39111093,0.17592093,0.19058894,0.06983836,0.047318354,0.32409224,0.08519027,0.07825288,0.3820963,0.1865601,True,2.6808000000000005,2.6808000000000005
207,CC(C1)NN=C(C1=O)C2=CC=C3C4=C(CCNC4=O)C=CC3=C2,CC1CC(=O)C(c2ccc3c4c(ccc3c2)CCNC4=O)=NN1,-10.1,1.7806999999999997,0.8434764350223165,3.5100407459910947,307.353,2,4,1,70.56,4,23,0.39198846,0.12849692,True,0.7302854471833966,docking_results_3_14.csv,0.050368857,0.029981151,0.39198846,0.099292375,0.11923841,0.03766552,0.034213234,0.27866957,0.064213306,0.053409427,0.23298484,0.1499377,True,1.7806999999999997,1.7806999999999995
16,COC(=O)C1=CC=C(C=C1)C=C2C=C3C=CC4=C(CCNC4=O)C3=C=C2,COC(=O)c1ccc(C=C2C=C=c3c4c(ccc3=C2)C(=O)NCC4)cc1,-10.1,1.5723999999999998,0.8424979836373993,3.3543125663867386,343.3820000000001,1,3,2,55.4,4,26,0.42107975,0.152506,True,0.6544615622334218,docking_results_3_25.csv,0.08455638,0.0876366,0.18272652,0.0902694,0.18703763,0.09777257,0.044895552,0.42107975,0.058781985,0.09094258,0.31847024,0.16590276,True,1.5723999999999998,1.5723999999999998
98,C1CN(CC1)C2=CC=C(C=N2)C3=CC=C4C=CC5=C(CCNC5=O)C4=C3,O=C1NCCc2c1ccc1ccc(-c3ccc(N4CCCC4)nc3)cc21,-10.1,3.7879000000000023,0.7699441669868164,2.3743359829701554,343.4300000000001,1,3,2,45.230000000000004,5,26,0.43670815,0.17140275,True,0.5211039934172046,docking_results_3_15.csv,0.062477686,0.046702627,0.43670815,0.15985765,0.16546272,0.06425317,0.05410476,0.3568866,0.10622065,0.08291499,0.3083097,0.21293443,True,3.7879000000000023,3.787900000000002
55,CCOC(=O)C1=CC=C(C=C1)C=C2C=C3C=CC4=C(CCNC4=O)C3=C=C2,CCOC(=O)c1ccc(C=C2C=C=c3c4c(ccc3=C2)C(=O)NCC4)cc1,-10.1,1.9625,0.85476015295765,3.3217093937906848,357.40900000000016,1,3,3,55.4,4,27,0.44606987,0.16832654,True,0.788504771047807,docking_results_3_25.csv,0.0809202,0.08599995,0.1998902,0.11169982,0.19453122,0.10955,0.052768502,0.44606987,0.066155456,0.11155194,0.37522247,0.18555875,True,1.9625,1.9625
94,CCCOC(=O)C1=CC=C(C=C1)C=C2C=C3C=CC4=C(CCNC4=O)C3=C=C2,CCCOC(=O)c1ccc(C=C2C=C=c3c4c(ccc3=C2)C(=O)NCC4)cc1,-10.1,2.3526,0.8397709880594907,3.3506605361156545,371.43600000000015,1,3,4,55.4,4,28,0.45535925,0.17547303,True,0.865579709582502,docking_results_3_23.csv,0.08067806,0.08874233,0.19524463,0.1187227,0.20547345,0.119770214,0.060020342,0.45535925,0.07514894,0.1229174,0.38861296,0.194986,True,2.3526,2.3526
70,C1C(C)C(N)(C1)C2=CC=C(C=N2)C3=CC=C4C=CC5=C(CCNC5=O)C4=C3,CC1CCC1(N)c1ccc(-c2ccc3ccc4c(c3c2)CCNC4=O)cn1,-10.1,3.771600000000003,0.7334699696568381,3.6248684092013415,357.45700000000016,2,3,2,68.00999999999999,5,27,0.46128237,0.1609732,True,0.526834787989745,docking_results_3_29.csv,0.045343094,0.028258033,0.46128237,0.16383703,0.16368452,0.05441097,0.039252102,0.30719218,0.07633158,0.07344412,0.3594805,0.15916194,True,3.771600000000003,3.771600000000003
195,O=C(C1CC1)C2=CC=C(C=N2)C3=CC=C4C=CC5=C(CCNC5=O)C4=C3,O=C1NCCc2c1ccc1ccc(-c3ccc(C(=O)C4CC4)nc3)cc21,-10.1,3.780400000000002,0.7370387423698996,2.5085027202328902,342.39800000000014,1,3,3,59.06,5,26,0.4698337,0.22324651,True,0.5237350768461573,docking_results_3_28.csv,0.10016975,0.09091202,0.42034942,0.19775833,0.2707613,0.13049763,0.061691392,0.44779375,0.12000032,0.10490469,0.4698337,0.26428574,True,3.780400000000002,3.780400000000002
155,C1C[C@H1]([NH3+1])[C@@H1]1OC2=CC=C(C=N2)C3=CC=C4C=CC5=C(CCNC5=O)C4=C3,[NH3+][C@H]1CC[C@H]1Oc1ccc(-c2ccc3ccc4c(c3c2)CCNC4=O)cn1,-10.1,2.3393999999999995,0.7524231352863413,3.7961370857049737,360.4370000000001,2,3,3,78.86000000000001,5,27,0.47084746,0.19980073,True,0.8643280704567882,docking_results_3_27.csv,0.076445326,0.05686851,0.47084746,0.19947512,0.2183168,0.08759573,0.058797546,0.36906973,0.11614357,0.08998909,0.41456243,0.23949768,True,2.3393999999999995,2.3393999999999995
219,COC1=CC(OC)=CC(=C1)C=C2C=C3C=CC4=C(CCNC4=O)C3=C=C2,COc1cc(C=C2C=C=c3c4c(ccc3=C2)C(=O)NCC4)cc(OC)c1,-10.1,1.8030000000000002,0.9228752284787977,3.4612768740790454,345.3980000000001,1,3,3,47.56,4,26,0.47424152,0.18095498,True,0.7379424206823487,docking_results_3_26.csv,0.05879599,0.061867636,0.32238016,0.13431299,0.15323296,0.08662985,0.047872476,0.47424152,0.067999095,0.11785185,0.4294207,0.21685426,True,1.8030000000000002,1.803
167,C1C2=CC=CC=C2C3=C1C=C4C=CC5=C(CCNC5=O)C4=C3,O=C1NCCc2c1ccc1cc3c(cc21)-c1ccccc1C3,-10.1,3.696900000000003,0.5242474895880338,2.438714836476697,285.346,1,1,0,29.1,5,22,0.48686105,0.21499155,True,0.5536463485940623,docking_results_3_28.csv,0.080722146,0.0682247,0.48484623,0.20601246,0.23665379,0.10226038,0.052188847,0.42799816,0.09465106,0.09212156,0.48686105,0.24735802,True,3.696900000000003,3.696900000000003
80,CC1=NN=CN1C2=CC=C(C=C2)C3=CC=C4C=CC5=C(CCNC5=O)C4=C3,Cc1nncn1-c1ccc(-c2ccc3ccc4c(c3c2)CCNC4=O)cc1,-10.1,3.681820000000002,0.5972785953629935,2.5920618917309124,354.4130000000002,1,3,2,59.81,5,27,0.49020675,0.15364805,True,0.5591554445173416,docking_results_3_18.csv,0.064994454,0.04293407,0.49020675,0.12846154,0.16775289,0.053282525,0.040405795,0.29828802,0.09103615,0.05988616,0.24131355,0.16521455,True,3.681820000000002,3.681820000000002
114,COC1=CC=C(C=C1C2=CC=C3C=CC4=C(CCNC4=O)C3=C2NC(=O)NC(=O)N)C,COc1ccc(C)cc1-c1ccc2ccc3c(c2c1NC(=O)NC(N)=O)CCNC3=O,-10.1,3.30992,0.521060888309328,2.7369360643451035,418.4530000000002,4,4,3,122.55,4,31,0.49428695,0.14469723,True,0.6980822958347115,docking_results_3_27.csv,0.03413605,0.025085157,0.49428695,0.07869378,0.11780539,0.03833745,0.037074693,0.34055737,0.0787827,0.067076035,0.26786315,0.15666811,True,3.30992,3.30992
135,C=1CN2C=CN=C2C=1C3=CC=C4C5=C(CCNC5=O)C=CC4=C3,O=C1NCCc2ccc3cc(C4=CCn5ccnc54)ccc3c21,-10.1,2.767500000000001,0.7510508623889695,3.0594583250100325,301.349,1,2,1,46.92,5,23,0.49496385,0.19757284,True,0.8504132807425538,docking_results_3_29.csv,0.06879579,0.060169898,0.49496385,0.17634034,0.15621501,0.06941727,0.051085174,0.4392001,0.10495722,0.08719487,0.38279948,0.27973506,True,2.767500000000001,2.767500000000001
117,O=C(N1/N=C/C2=CC=CC=C2N1C=C)C3=CC=C4C=CC5=C(CCNC5=O)C4=C3,C=CN1c2ccccc2C=NN1C(=O)c1ccc2ccc3c(c2c1)CCNC3=O,-10.1,3.480500000000002,0.7380153195998418,3.234537448993753,382.4230000000002,1,4,2,65.01,5,29,0.49559996,0.16533409,True,0.6345174451898625,docking_results_3_25.csv,0.039116368,0.030287689,0.49559996,0.10836165,0.13920279,0.047751904,0.042062003,0.37408882,0.084578775,0.06936751,0.362672,0.19091976,True,3.480500000000002,3.480500000000002
249,C=1C(C)N2N=CN=C2C=1C3=CC=C4C5=C(CCNC5=O)C=CC4=C3,CC1C=C(c2ccc3c4c(ccc3c2)CCNC4=O)c2ncnn21,-10.1,2.7235000000000005,0.7507499527228161,3.5921193913928935,316.36400000000003,1,3,1,59.81,5,24,0.49663305,0.17460574,True,0.8569424419745507,docking_results_3_16.csv,0.048312772,0.037280608,0.49663305,0.16112106,0.11769996,0.046675622,0.04531658,0.38811883,0.0911063,0.07671382,0.34188095,0.24440947,True,2.7235000000000005,2.7235000000000005
68,O=C(CCCC1=CC=C2C3=C(CCNC3=O)C=CC2=C14)NCCNC4,O=C1CCCc2ccc3c4c(ccc3c2CNCCN1)CCNC4=O,-10.0,1.6677999999999997,0.6847936853242942,3.314788448297266,337.42300000000006,3,3,0,70.23,4,25,0.080087535,0.028621605,True,0.6706284593314752,docking_results_3_26.csv,0.038042925,0.013306917,0.056708403,0.017366549,0.050894443,0.008631332,0.009619446,0.080087535,0.010761065,0.012238105,0.019303843,0.026498683,True,1.6677999999999997,1.6677999999999995
230,COC(=O)[C@@H1]1CC2=CC=CC=C2CN1CC3=CC=C4C=CC5=C(CCNC5=O)C4=C3,COC(=O)[C@@H]1Cc2ccccc2CN1Cc1ccc2ccc3c(c2c1)CCNC3=O,-10.0,3.225600000000002,0.6861379827711968,2.9917235227556915,400.4780000000002,1,4,3,58.64,5,30,0.10109672,0.043951597,True,0.7077150860017716,docking_results_3_26.csv,0.044895776,0.017658213,0.07510853,0.033343878,0.094921745,0.018342761,0.017110255,0.10109672,0.018186402,0.020866565,0.051929303,0.03395898,True,3.225600000000002,3.225600000000002
170,COC(=O)[C@@H1]1CC2=CC=CC=C2CN1C(=O)C3=CC=C4C=CC5=C(CCNC5=O)C4=C3,COC(=O)[C@@H]1Cc2ccccc2CN1C(=O)c1ccc2ccc3c(c2c1)CCNC3=O,-10.0,2.865800000000001,0.6546084608782231,2.9715526690766403,414.4610000000002,1,4,2,75.71000000000001,5,31,0.12364803,0.05473909,True,0.8086941564067744,docking_results_3_27.csv,0.05742997,0.025868384,0.09465424,0.035780314,0.10952076,0.024186168,0.022281235,0.12364803,0.024579344,0.02439536,0.06878139,0.045743927,True,2.865800000000001,2.865800000000001
203,CC(=O)N1CCC(CC1)C2=CC=C3C=CC4=C(CCNC4=O)C3=C2,CC(=O)N1CCC(c2ccc3ccc4c(c3c2)CCNC4=O)CC1,-10.0,2.8516000000000012,0.8775173286803192,2.4390930046589148,322.408,1,2,1,49.410000000000004,4,24,0.13254872,0.049896155,True,0.8115867034684405,docking_results_3_25.csv,0.04598998,0.02120123,0.07469361,0.038768,0.084258735,0.020849459,0.020692227,0.13254872,0.020200271,0.028068762,0.06468768,0.046795204,True,2.8516000000000012,2.851600000000001
103,CCC(=O)NCCC1=CC=C(C=C1)C2=CC=C3C=C4N(CCNC4=O)C(=O)C3=C2,CCC(=O)NCCc1ccc(-c2ccc3cc4n(c(=O)c3c2)CCNC4=O)cc1,-10.0,2.4806,0.7035614355688196,2.4316743747186305,389.4550000000002,2,3,5,80.2,4,29,0.14510167,0.058737274,True,0.8477743078404489,docking_results_3_14.csv,0.04635105,0.022632716,0.13914648,0.034290437,0.09426399,0.022209972,0.023236081,0.14510167,0.029810354,0.030067477,0.06563448,0.05210253,True,2.4806,2.4806
10,C[C@H1]1CN(CCN1C(=O)C2(N)CCN(CC2)C3=CC=C4C=CC=CC4=C3)C5=CC=CC=C5,C[C@H]1CN(c2ccccc2)CCN1C(=O)C1(N)CCN(c2ccc3ccccc3c2)CC1,-10.0,3.874800000000003,0.6880375441128561,2.8926667984269585,428.58000000000004,1,4,3,52.81,5,32,0.1527644,0.069140784,True,0.4776427061413806,docking_results_3_11.csv,0.039759133,0.01800495,0.13333651,0.071435094,0.12675197,0.02987912,0.026528263,0.1527644,0.034347013,0.041149553,0.10146048,0.054273013,True,3.874800000000003,3.874800000000003
76,C1[C@@H1](CN1C(=O)C2=CC=C3C=CC4=C(CCNC4=O)C3=C2)C5=CC=CC=C5C,Cc1ccccc1C1CN(C(=O)c2ccc3ccc4c(c3c2)CCNC4=O)C1,-10.0,3.673720000000002,0.7481956573592061,2.420165429278047,370.45200000000006,1,2,2,49.410000000000004,5,28,0.15796624,0.06550193,True,0.546387460146376,docking_results_3_26.csv,0.037328165,0.017764566,0.11740771,0.056075603,0.1012162,0.026422322,0.024497826,0.15796624,0.022675687,0.0351959,0.13658315,0.052889783,True,3.673720000000002,3.673720000000002
80,CC1(C)C2C1CCN(CC2)C3=C4C=CC=CC5=C(CCNC5=O)C4=C3,CC1(C)C2CCN(c3cc4c5c(ccccc3-4)C(=O)NCC5)CCC21,-10.0,3.9497000000000027,0.8562963661775579,3.4595210504038674,334.4630000000001,1,2,1,32.34,5,25,0.20264523,0.06661728,True,0.4540154895171907,docking_results_3_29.csv,0.017830484,0.008298439,0.091823846,0.08633538,0.07380541,0.020780528,0.01735107,0.17183672,0.015004886,0.03987603,0.20264523,0.053819317,True,3.9497000000000027,3.949700000000002
7,C[C@@H1]1CC2=CC=CC=C2CN1C3=CC=C4C=CC5=C(CCNC5=O)C4=N3,C[C@@H]1Cc2ccccc2CN1c1ccc2ccc3c(c2n1)CCNC3=O,-10.0,3.4719000000000015,0.7357749257678396,3.0984973377109553,343.4300000000001,1,3,1,45.230000000000004,5,26,0.21421833,0.08120885,True,0.6199090705500833,docking_results_3_23.csv,0.043415945,0.020515753,0.21421833,0.08107442,0.09662862,0.026327321,0.026843349,0.17443174,0.032928668,0.039470352,0.14255528,0.07609639,True,3.4719000000000015,3.471900000000001
189,O=C([C@@H1]1CC2=CC=CC=C2N1CO)C3=CC=C4C=CC5=C(CCNC5=O)C4=C3,O=C1NCCc2c1ccc1ccc(C(=O)[C@@H]3Cc4ccccc4N3CO)cc21,-10.0,2.6895000000000007,0.6938524182788286,3.167392666864073,372.42400000000015,2,4,3,69.64000000000001,5,28,0.22366005,0.09925298,True,0.8371110652271933,docking_results_3_16.csv,0.06651857,0.03930529,0.17644617,0.08151142,0.13960828,0.044066414,0.035084035,0.22366005,0.041915994,0.045079306,0.19317383,0.104666434,True,2.6895000000000007,2.6895000000000007
251,C[C@H1]1CC[C@H1](N)[C@@](C1)C2=CC=C3C4=C(CCNC4=O)C=CC3=C2,C[C@H]1CC[C@H](N)[C](c2ccc3c4c(ccc3c2)CCNC4=O)C1,-10.0,3.195590000000002,0.8498412392390642,3.7075398319563035,307.41700000000003,2,2,1,55.12,4,23,0.22566551,0.09594724,True,0.717747619104711,docking_results_3_17.csv,0.048292473,0.02346582,0.18826866,0.11017389,0.121138744,0.03678115,0.028821507,0.19726,0.03248557,0.047588777,0.22566551,0.09142478,True,3.195590000000002,3.195590000000002
130,CC1=CC=C(C=C1C2=CC=CC(=C2)C#N)C3=CC=CC=4CCN(C)C(=O)C=4C(=O)C3=O,Cc1ccc(-c2cccc3c(c(=O)c2=O)C(=O)N(C)CC3)cc1-c1cccc(C#N)c1,-10.0,3.5492000000000026,0.6077573996975536,2.6152570192522653,408.4570000000003,0,4,2,78.24000000000001,4,31,0.23036017,0.09681684,True,0.5915311409104145,docking_results_3_27.csv,0.044621546,0.025189834,0.23036017,0.077964015,0.1329819,0.0389157,0.035087127,0.20836084,0.046324447,0.050846443,0.18721594,0.08393406,True,3.5492000000000026,3.5492000000000026
242,COC=C1C=CSC2=CC=C(C=C12)C(=O)N3CC=4NC(=O)CC5=CC=CC=C5CNC=43,COC=C1C=CSc2ccc(C(=O)N3CC4=C3NCc3ccccc3CC(=O)N4)cc21,-10.0,3.380300000000001,0.7137510052899518,3.9862267745217563,431.51700000000017,2,5,2,70.67,5,31,0.23111594,0.07395529,True,0.6533439604651485,docking_results_3_15.csv,0.034701906,0.022375276,0.14589174,0.046848163,0.064939335,0.023287471,0.030830633,0.23111594,0.031827156,0.04877873,0.120212264,0.08665488,True,3.380300000000001,3.380300000000001
169,CC(=O)NCCC1=CC=C(C=C1)C2=CC=C3C=CC4=C(CCNC4=O)C3=C2,CC(=O)NCCc1ccc(-c2ccc3ccc4c(c3c2)CCNC4=O)cc1,-10.0,3.471300000000002,0.7502221885202405,2.260391050595418,358.44100000000014,2,2,4,58.2,4,27,0.23895198,0.104241766,True,0.6201292926564665,docking_results_3_20.csv,0.0557098,0.032051053,0.23895198,0.074457414,0.16206366,0.04776218,0.036977097,0.22165653,0.049721908,0.055143297,0.19102252,0.08538382,True,3.471300000000002,3.471300000000002
21,CC(C)(C)C(=O)N1CC2=CC=CC=C2CN1C(=O)C=C3C=C4C=CC=CC4=CC3=C,C=c1cc2ccccc2cc1=CC(=O)N1Cc2ccccc2CN1C(=O)C(C)(C)C,-10.0,3.362700000000002,0.6306978089659125,3.269549856914016,398.50600000000014,0,2,1,40.620000000000005,4,30,0.23953807,0.10123872,True,0.6596980320049182,docking_results_3_22.csv,0.03560194,0.022715544,0.14562066,0.08686358,0.17435174,0.0537957,0.039265882,0.23480554,0.04314378,0.06715206,0.23953807,0.07201011,True,3.362700000000002,3.362700000000002
109,CC1=CN=C(O)C2C1=NC(=N2)C3=CC=C4C=CC5=C(CCNC5=O)C4=C3,CC1=CN=C(O)C2N=C(c3ccc4ccc5c(c4c3)CCNC5=O)N=C12,-10.0,2.5694,0.8328766947592571,3.886188560383019,344.37400000000014,2,4,1,86.41,5,26,0.24360488,0.08631381,True,0.8464315433112061,docking_results_3_21.csv,0.042587124,0.024587892,0.24360488,0.053157456,0.0730854,0.02216322,0.026315058,0.23368432,0.040320642,0.0347372,0.12452589,0.116996564,True,2.5694,2.5694
222,NC(=O)CC1=CC=C(C=C1)C2=CC=C3C=CC4=C(CCNC4=O)C3=C2,NC(=O)Cc1ccc(-c2ccc3ccc4c(c3c2)CCNC4=O)cc1,-10.0,2.820500000000001,0.7749407566296148,2.270530082330488,330.38700000000006,2,2,3,72.19,4,25,0.24408744,0.09471903,True,0.817568091756711,docking_results_3_23.csv,0.06986785,0.038728982,0.24408744,0.05406063,0.1591049,0.042009983,0.032695726,0.19600277,0.05045793,0.041043445,0.12966093,0.07890777,True,2.820500000000001,2.820500000000001
251,C1[NH1+1]CCC[C@@H1]1OC2=CC=C(C=C2)C3=CC=C4C=CC5=C(CCNC5=O)C4=C3,O=C1NCCc2c1ccc1ccc(-c3ccc(O[C@H]4CCC[NH+]C4)cc3)cc21,-10.0,2.6831000000000005,0.742752838268472,3.588605332912884,372.4680000000002,2,3,3,53.93,5,28,0.26735404,0.11996219,True,0.8378207484541286,docking_results_3_12.csv,0.06403533,0.04004065,0.24931292,0.10448357,0.15332569,0.04941461,0.03837002,0.26735404,0.05720263,0.05398542,0.2246353,0.1373861,True,2.6831000000000005,2.6831000000000005
143,C1CN(CC1C(=O)O)C2=CC=C(C=N2)C3=CC=C4C=CC5=C(CCNC5=O)C4=C3,O=C1NCCc2c1ccc1ccc(-c3ccc(N4CCC(C(=O)O)C4)nc3)cc21,-10.0,3.098600000000001,0.7216715934008433,2.942260300132892,387.4390000000002,2,4,3,82.53,5,29,0.27447024,0.10896081,True,0.7485468381753262,docking_results_3_26.csv,0.06600053,0.04672086,0.21338914,0.07241766,0.13360167,0.04531561,0.043043826,0.27447024,0.071353324,0.052419145,0.1420039,0.14679375,True,3.098600000000001,3.098600000000001
114,C1CN(CCN1C2=CC=C3C4=C(CCNC4=O)C=CC3=C2)C(=O)C=CC5=CC=CC=C5,O=C1NCCc2ccc3cc(N4CCN(C(=O)C=Cc5ccccc5)CC4)ccc3c21,-10.0,3.487700000000002,0.6716004116968759,2.462384007913471,411.5050000000001,1,3,3,52.65,5,31,0.28384268,0.107610814,True,0.6141076707113247,docking_results_3_24.csv,0.054228228,0.040499248,0.17570099,0.07917672,0.12612191,0.048382428,0.05238066,0.28384268,0.068625234,0.073672116,0.16118455,0.12751494,True,3.487700000000002,3.487700000000002
143,C1CN(C[C@@H1]1NC(=O)C2=CC=CO2)C3=CC=C4C=CC5=C(CCNC5=O)C4=C3,O=C(N[C@@H]1CCN(c2ccc3ccc4c(c3c2)CCNC4=O)C1)c1ccco1,-10.0,2.7274000000000003,0.7382133559451589,2.9832089270266735,375.42800000000017,2,4,3,74.58000000000001,5,28,0.28660986,0.11765444,True,0.8324300559952167,docking_results_3_22.csv,0.061855577,0.03960556,0.28660986,0.09505707,0.1279262,0.043974698,0.043835282,0.2612034,0.07039669,0.059081096,0.18152735,0.14078045,True,2.7274000000000003,2.7274000000000003
224,CC1=CC=C(NS(=O)(=O)C2=CC=C3NC(=O)CC3=C2)C=C1C=CC4=CNCOC4=C,C=C1OCNC=C1C=Cc1cc(NS(=O)(=O)c2ccc3c(c2)CC(=O)N3)ccc1C,-10.0,3.278520000000001,0.6859050670516698,3.3316823585300455,423.4940000000002,3,5,5,96.53000000000002,4,30,0.29418713,0.08979533,True,0.6895539790425824,docking_results_3_14.csv,0.033345148,0.028073082,0.104435794,0.051606253,0.084034935,0.03806818,0.04267253,0.29418713,0.03762059,0.06897642,0.19335711,0.1011668,True,3.278520000000001,3.278520000000001
101,[NH3+1][C@@H1](CC1=CC=CC(N)=C1)C2=CC=C3C=CC4=C(CCNC4=O)C3=C2,Nc1cccc(C[C@H]([NH3+])c2ccc3ccc4c(c3c2)CCNC4=O)c1,-10.0,2.233599999999999,0.6428391749137761,3.398836999403694,332.4270000000001,3,2,3,82.75999999999999,4,25,0.31304744,0.10687461,True,0.826774462549497,docking_results_3_26.csv,0.038574234,0.018664934,0.31304744,0.09327291,0.14449747,0.03818211,0.0295421,0.19932222,0.040808555,0.04946384,0.24248461,0.0746349,True,2.233599999999999,2.233599999999999
232,CC1=CC=C(C=C1C2=CC=C3C4=C(CCNC4=O)C=CC3=C2C=O)N5CCNCC5,Cc1ccc(N2CCNCC2)cc1-c1ccc2c3c(ccc2c1C=O)CCNC3=O,-10.0,3.323220000000002,0.6635657560522873,2.8240798682819577,399.4940000000002,2,4,3,61.440000000000005,5,30,0.31693497,0.12754136,True,0.6738243604992616,docking_results_3_24.csv,0.04786328,0.032835126,0.31693497,0.10693313,0.113848485,0.040039808,0.039774522,0.3080377,0.069940425,0.06183755,0.22246861,0.16998266,True,3.323220000000002,3.323220000000002
171,C1[C@]([NH3+1])(N=C1N)C2=CC=C(C=C2)C3=CC=C4C=CC5=C(CCNC5=O)C4=C3,NC1=N[C@]([NH3+])(c2ccc(-c3ccc4ccc5c(c4c3)CCNC5=O)cc2)C1,-10.0,1.9483000000000004,0.6535878041199342,3.5066715901999377,357.4370000000002,3,3,2,95.12,5,27,0.3172141,0.12642549,True,0.7623897210249551,docking_results_3_19.csv,0.06507326,0.039568253,0.3172141,0.10415113,0.1535657,0.047672845,0.03640409,0.26538405,0.061625868,0.049021594,0.23790477,0.13952033,True,1.9483000000000004,1.9483000000000004
58,C1COC[C@H1](N)[C@@H1]1N2C=C(C=N2)C3=CC=C4C=CC5=C(CCNC5=O)C4=C3,N[C@H]1COCC[C@H]1n1cc(-c2ccc3ccc4c(c3c2)CCNC4=O)cn1,-10.0,2.2779,0.7327058571226104,3.6233651285482065,362.43300000000016,2,4,2,82.16999999999999,5,27,0.33953702,0.117083974,True,0.8331334780749471,docking_results_3_25.csv,0.06405022,0.03662201,0.33953702,0.105535425,0.121627726,0.036379874,0.035065144,0.24008834,0.067571096,0.04652527,0.16034152,0.1516641,True,2.2779,2.2779
35,CC(C)NC(=O)C1=CC=C(C=C1)C2=CC=C3C=CC4=C(CCNC4=O)C3=C2,CC(C)NC(=O)c1ccc(-c2ccc3ccc4c(c3c2)CCNC4=O)cc1,-10.0,3.930900000000002,0.7452167450243748,2.221629658141717,358.44100000000014,2,2,3,58.2,4,27,0.34618437,0.13359345,True,0.4598278337322044,docking_results_3_29.csv,0.04848862,0.027497826,0.34618437,0.10072318,0.20713349,0.05929182,0.03420459,0.25143135,0.05844139,0.057922725,0.31434536,0.09745679,True,3.930900000000002,3.930900000000002
158,C1C2=CC=C(C=C2C3=CC=C4C5=C(CCNC5=O)C=CC4=C3NC(=O)NC1=O)C=O,O=Cc1ccc2c(c1)-c1ccc3c4c(ccc3c1NC(=O)NC(=O)C2)CCNC4=O,-10.0,2.8094,0.5474562175275566,3.4342944560725757,399.40600000000006,3,4,1,104.37,5,30,0.3517519,0.13687031,True,0.819582878653043,docking_results_3_27.csv,0.07075953,0.053859048,0.3517519,0.079797015,0.13165632,0.04806626,0.04049355,0.3326044,0.07536733,0.054730948,0.21854246,0.18481492,True,2.8094,2.8094
24,CCNC(=O)C1=CC=C(C=C1)C2=CC=C3C=CC4=C(CCNC4=O)C3=C2,CCNC(=O)c1ccc(-c2ccc3ccc4c(c3c2)CCNC4=O)cc1,-10.0,3.5424000000000024,0.763397456015752,2.2018214894636614,344.4140000000001,2,2,3,58.2,4,26,0.3539272,0.12409582,True,0.594023858735302,docking_results_3_21.csv,0.054879498,0.03142108,0.3539272,0.08627743,0.17570937,0.050417278,0.033759255,0.24518894,0.057372678,0.052464742,0.24716814,0.10056414,True,3.5424000000000024,3.5424000000000024
195,C[C@@H1](CO)C1=CC=C(C=C1)C2=CC=C3C4=C(CCNC4=O)C=CC3=C2,C[C@@H](CO)c1ccc(-c2ccc3c4c(ccc3c2)CCNC4=O)cc1,-10.0,3.8885000000000023,0.7648488689809788,2.8105927686344625,331.415,2,2,3,49.33,4,25,0.3553193,0.13340834,True,0.4732290265091959,docking_results_3_17.csv,0.04666129,0.029165935,0.25456536,0.11984808,0.2018589,0.064372905,0.040130932,0.26529658,0.050058573,0.06492724,0.3553193,0.108695015,True,3.8885000000000023,3.8885000000000014
51,FC1=CC=CC=C1C2=CC=C3C4=C(CCNC4=O)C=CC3=C2,O=C1NCCc2ccc3cc(-c4ccccc4F)ccc3c21,-10.0,3.9318000000000026,0.7228369812454533,2.2017550879559877,291.325,1,1,1,29.1,4,22,0.3598336,0.13649702,True,0.4595477320399462,docking_results_3_24.csv,0.049573068,0.029722793,0.3598336,0.12273952,0.17524208,0.0531388,0.038587917,0.26274884,0.054272868,0.061678372,0.31600755,0.1144187,True,3.9318000000000026,3.931800000000002
62,C[NH2+1][C@H1]1CCN(C1)C2=CC=C(C=C2)C3=CC=C4C=CC5=C(CCNC5=O)C4=C3,C[NH2+][C@H]1CCN(c2ccc(-c3ccc4ccc5c(c4c3)CCNC5=O)cc2)C1,-10.0,2.5646000000000013,0.7424110904214414,3.4745498275895272,372.49200000000025,2,2,3,48.95,5,28,0.36978963,0.1657778,True,0.8466258781239958,docking_results_3_19.csv,0.058072448,0.040142458,0.36978963,0.16426611,0.18886176,0.06875335,0.047883388,0.3387069,0.08654212,0.078611486,0.36159006,0.18611388,True,2.5646000000000013,2.5646000000000013
70,O=C(NC1=NN=C(S1)C2CCOCC2)C3=CC=C4C=CC5=C(CCNC5=O)C4=C3,O=C(Nc1nnc(C2CCOCC2)s1)c1ccc2ccc3c(c2c1)CCNC3=O,-10.0,3.123500000000001,0.6945743496989872,2.674535147765571,408.4830000000002,2,6,3,93.21000000000001,5,29,0.37222728,0.13466032,True,0.740901823524773,docking_results_3_18.csv,0.045140494,0.03398376,0.37222728,0.09880645,0.10787448,0.039756794,0.042918388,0.32106745,0.07961309,0.06424548,0.2278263,0.182464,True,3.123500000000001,3.123500000000001
135,CC1=CC=C(C=C1C=C2C=CC3=CN(C)C(=O)C(C)C3=C2)C4=CC=NC=C4,Cc1ccc(-c2ccncc2)cc1C=c1ccc2c(c1)C(C)C(=O)N(C)C=2,-10.0,3.199320000000002,0.7080468146251061,3.619614846943195,354.45300000000003,0,2,2,33.2,4,27,0.3761636,0.15143539,True,0.7165122261473724,docking_results_3_17.csv,0.042972207,0.027621133,0.3333337,0.14651598,0.20875739,0.07271353,0.04966176,0.28643158,0.06884385,0.09226271,0.3761636,0.111947335,True,3.199320000000002,3.199320000000002
81,CC1=CC=CN=C1CNC2=NC(N3CCN(C)CC3)=C(C#N)C4=C2C=C5C=CC=CC5=N4,Cc1cccnc1CNc1nc(N2CCN(C)CC2)c(C#N)c2nc3ccccc3cc12,-10.0,3.722000000000002,0.501106360637135,2.6871915190708755,423.52400000000017,1,7,4,80.97000000000001,5,32,0.37644622,0.09737065,True,0.5292975357661576,docking_results_3_1.csv,0.028186485,0.014870997,0.37644622,0.085737854,0.080241844,0.020374553,0.022901405,0.21889664,0.052976333,0.04036289,0.12347304,0.10397964,True,3.722000000000002,3.722000000000002
210,CNC(=O)C1=CC=C(C=C1)C2=CC=C3C=CC4=C(CCNC4=O)C3=C2,CNC(=O)c1ccc(-c2ccc3ccc4c(c3c2)CCNC4=O)cc1,-10.0,3.152300000000001,0.7582099365845588,2.1978762361766417,330.38700000000006,2,2,2,58.2,4,25,0.37671378,0.12753037,True,0.7318245382766763,docking_results_3_28.csv,0.059408113,0.03485029,0.37671378,0.08112989,0.19171202,0.05291431,0.032714207,0.24828975,0.06284013,0.048590705,0.23833212,0.10286914,True,3.152300000000001,3.152300000000001
199,C1CC[C@@](C)(N)[C@@H1]1N2C=C(C=N2)C3=CC=C4C=CC5=C(CCNC5=O)C4=C3,C[C@@]1(N)CCC[C@H]1n1cc(-c2ccc3ccc4c(c3c2)CCNC4=O)cn1,-10.0,3.4316000000000013,0.7352658082463078,3.732174326361104,360.4610000000002,2,3,2,72.94,5,27,0.37735614,0.12833019,True,0.6346756161362502,docking_results_3_27.csv,0.0489973,0.027221207,0.37735614,0.1341396,0.12929638,0.04004882,0.03326651,0.2507137,0.061917745,0.055559836,0.24376415,0.13768081,True,3.4316000000000013,3.4316000000000013
119,C#CCN(C1CNC1)C2=CC=C(C=N2)C3=CC=C4C=CC5=C(CCNC5=O)C4=C3,C#CCN(c1ccc(-c2ccc3ccc4c(c3c2)CCNC4=O)cn1)C1CNC1,-10.0,2.5991,0.6813496774611577,3.017993492949797,382.4670000000002,2,4,4,57.26,5,29,0.38261342,0.16836177,True,0.8449216444738378,docking_results_3_27.csv,0.063444525,0.05539767,0.36536512,0.14964089,0.14284162,0.06546375,0.064764634,0.38261342,0.11371776,0.09990447,0.27266428,0.24452306,True,2.5991,2.5991
237,C1C(C)[C@@H1](N)[C@@H1]1N2C=C(C=N2)C3=CC=C4C=CC5=C(CCNC5=O)C4=C3,CC1C[C@@H](n2cc(-c3ccc4ccc5c(c4c3)CCNC5=O)cn2)[C@@H]1N,-10.0,2.897400000000001,0.7492685711387961,3.8305944005331476,346.43400000000014,2,3,2,72.94,5,26,0.38356942,0.12906729,True,0.8019047189530807,docking_results_3_19.csv,0.05673991,0.030914286,0.38356942,0.1267668,0.14006126,0.040875494,0.03296651,0.2464624,0.066676095,0.050257225,0.22740203,0.14611596,True,2.897400000000001,2.897400000000001
30,CC(=O)N[C@@H1](C#C)C(=O)N1CCCC2=C1C=CC=C2C3=CC=C4C=CN=CC4=C3,C#C[C@H](NC(C)=O)C(=O)N1CCCc2c(-c3ccc4ccncc4c3)cccc21,-10.0,3.318900000000002,0.7060274872511845,3.273675499391466,383.451,1,3,3,62.300000000000004,4,29,0.38548833,0.17816044,True,0.675357850356305,docking_results_3_16.csv,0.072474346,0.0695042,0.31744596,0.15083726,0.18367033,0.0911005,0.08836058,0.38548833,0.13722695,0.12780768,0.2857375,0.22827172,True,3.318900000000002,3.318900000000002
93,CC(C1)=CC=C(C=N1)C2=CC=C3C=CC4=C(CCNC4=O)C3=C2,CC1=CC=C(c2ccc3ccc4c(c3c2)CCNC4=O)C=NC1,-10.0,3.5398000000000023,0.8598403128871357,3.1728116443860035,302.37700000000007,1,2,1,41.46,4,23,0.38637573,0.15301035,True,0.594977340952489,docking_results_3_22.csv,0.06018447,0.052287932,0.29782182,0.1179938,0.1327442,0.06251299,0.05879474,0.38637573,0.08897234,0.098757945,0.278137,0.20154129,True,3.5398000000000023,3.5398000000000023
159,C1C2=CC=C(F)C=C2C=C1C3=CC=C4C=CC5=C(CCNC5=O)C4=N3,O=C1NCCc2c1ccc1ccc(C3=Cc4cc(F)ccc4C3)nc21,-10.0,3.7565000000000026,0.7381127246619088,2.8586944395486125,330.3620000000001,1,2,1,41.99,5,25,0.38686854,0.17081982,True,0.5172838782320694,docking_results_3_29.csv,0.07083809,0.057295866,0.37724945,0.15981585,0.15113732,0.06634018,0.04661755,0.38686854,0.06959619,0.080342986,0.36480257,0.21893322,True,3.7565000000000026,3.7565000000000026
231,O=C(CC1=C[NH1]C2=CC=CC=C12)N3C=NC=CC4=CC5=C(CCNC5=O)C=C34,O=C1NCCc2cc3c(cc21)C=CN=CN3C(=O)Cc1c[nH]c2ccccc12,-10.0,3.0421000000000014,0.727321466521446,3.1719461938183855,370.4120000000002,2,3,2,77.56,5,28,0.38740885,0.13670237,True,0.7651277408359438,docking_results_3_22.csv,0.045484155,0.0340467,0.38740885,0.09444371,0.109093,0.040751897,0.046616156,0.32639766,0.07569576,0.072366945,0.24044554,0.16767813,True,3.0421000000000014,3.0421000000000014
148,C1C[C@@H1](C)[C@@H1]1N2C=C(C=N2)C3=CC=C4C=CC5=C(CCNC5=O)C4=C3,C[C@@H]1CC[C@H]1n1cc(-c2ccc3ccc4c(c3c2)CCNC4=O)cn1,-10.0,3.960200000000003,0.7724517481889734,3.4364119618896423,331.41900000000004,1,2,2,46.92,5,25,0.39893404,0.17787719,True,0.4508049970759747,docking_results_3_29.csv,0.068343766,0.048386153,0.39893404,0.19408025,0.18237674,0.072745234,0.05233906,0.34295124,0.089719705,0.08238254,0.38671833,0.21554923,True,3.960200000000003,3.960200000000003
256,O=C(N[C@@H1]1CCC2=CC=CC=C2C1)C=C3C=CC4=CC=C(N5C=CN=C5)N=C4C3,O=C(C=C1C=Cc2ccc(-n3ccnc3)nc2C1)N[C@@H]1CCc2ccccc2C1,-10.0,3.436700000000002,0.7062075504483656,3.5856636990595465,382.4670000000001,1,3,3,59.81,5,29,0.40832865,0.1710366,True,0.6328105001952935,docking_results_3_24.csv,0.07673331,0.07188849,0.25280914,0.16172132,0.1680968,0.08963018,0.068956405,0.40832865,0.091263145,0.12227995,0.32547626,0.21525553,True,3.436700000000002,3.436700000000002
160,N#CC1=CC=CC(=C1)C2=CC=C3C=CC4=C(CCNC4=O)C3=C2,N#Cc1cccc(-c2ccc3ccc4c(c3c2)CCNC4=O)c1,-10.0,3.664380000000002,0.7450333991012726,2.311855731642032,298.345,1,2,1,52.89,4,23,0.4096385,0.16855896,True,0.5497264695136056,docking_results_3_29.csv,0.07517295,0.05540271,0.4096385,0.13520268,0.22621034,0.0827696,0.050316583,0.3231063,0.08927992,0.07462216,0.3372587,0.16372715,True,3.664380000000002,3.664380000000002
220,C1OC(=O)N1C2=CC=C(C=N2)C3=CC=C4C=CC5=C(CCNC5=O)C4=C3,O=C1NCCc2c1ccc1ccc(-c3ccc(N4COC4=O)nc3)cc21,-10.0,3.101800000000001,0.7746235922233748,2.782457424686333,345.3580000000001,1,4,2,71.53,5,26,0.41062754,0.16765016,True,0.7475753647195305,docking_results_3_27.csv,0.085478656,0.06820818,0.41062754,0.12022457,0.18029481,0.06924771,0.0541995,0.35964602,0.11162122,0.06901717,0.25963834,0.22359802,True,3.101800000000001,3.101800000000001
186,C1C(C)[C@@H1](N)[C@H1]1OC2=CC=C(C=N2)C3=CC=C4C=CC5=C(CCNC5=O)C4=C3,CC1C[C@H](Oc2ccc(-c3ccc4ccc5c(c4c3)CCNC5=O)cn2)[C@@H]1N,-10.0,3.302200000000002,0.7384489498881674,3.7509350540227473,373.4560000000002,2,4,3,77.24000000000001,5,28,0.41063508,0.16145322,True,0.681260285140383,docking_results_3_26.csv,0.06742552,0.042707585,0.41063508,0.15872356,0.18698508,0.06381017,0.045240454,0.2992576,0.08658603,0.06816295,0.32520512,0.18269958,True,3.302200000000002,3.302200000000002
149,O=C(CN1C=CN=C1C2=CC=C3C4=C(CCNC4=O)C=CC3=C2NC5=C)C=CC=C5,C=C1C=CC=CC(=O)Cn2ccnc2-c2ccc3c4c(ccc3c2N1)CCNC4=O,-10.0,3.6099000000000014,0.6087050085126551,3.949312382172139,396.4500000000001,2,4,0,76.02,5,30,0.41127083,0.1476665,True,0.5693772402541595,docking_results_3_22.csv,0.06053419,0.05862366,0.3551063,0.09111355,0.09642431,0.046784878,0.051111218,0.41127083,0.09552452,0.08343334,0.18899147,0.23307964,True,3.6099000000000014,3.6099000000000014
49,CCC1ON=C(N)N1C2=CC=C(C=C2)C3=CC=C4C=CC5=C(CCNC5=O)C4=C3,CCC1ON=C(N)N1c1ccc(-c2ccc3ccc4c(c3c2)CCNC4=O)cc1,-10.0,3.595100000000002,0.7208536949747856,3.3984449155175076,386.4550000000002,2,5,3,79.95,5,29,0.42297944,0.15327297,True,0.5747586988216411,docking_results_3_16.csv,0.06100279,0.0408928,0.42297944,0.11332392,0.16862847,0.055236388,0.041244637,0.32273158,0.08458595,0.05944264,0.2903333,0.17887391,True,3.595100000000002,3.595100000000002
129,CC1(C)C[C@H1]1NC(=O)C2=CN=C(C=N2)C3=CC=C4C=CC5=C(CCNC5=O)C4=C3,CC1(C)C[C@H]1NC(=O)c1cnc(-c2ccc3ccc4c(c3c2)CCNC4=O)cn1,-10.0,3.1110000000000015,0.7244426760204926,3.2031556097013727,386.4550000000002,2,4,3,83.97999999999999,5,29,0.42408943,0.15989459,True,0.7447640854796753,docking_results_3_21.csv,0.04401549,0.030711,0.42408943,0.14967032,0.15297043,0.054104604,0.04166751,0.33411127,0.08668747,0.072370395,0.34372136,0.18461555,True,3.1110000000000015,3.111000000000001
42,C1NC(=O)N1C2=CC=C(C=N2)C3=CC=C4C=CC5=C(CCNC5=O)C4=C3,O=C1NCCc2c1ccc1ccc(-c3ccc(N4CNC4=O)nc3)cc21,-10.0,2.6748000000000003,0.7505092098290289,2.7844487202328914,344.37400000000014,2,3,2,74.33000000000001,5,26,0.42770758,0.16897553,True,0.838705992380861,docking_results_3_26.csv,0.08144718,0.06436409,0.42770758,0.123850614,0.16635162,0.06412858,0.054029323,0.36843935,0.112514265,0.07012809,0.25763288,0.23711291,True,2.6748000000000003,2.6748000000000003
103,CC1=CC=CC=C1C2=CC=C3C=CC4=C(CCNC4=O)C3=C2C#N,Cc1ccccc1-c1ccc2ccc3c(c2c1C#N)CCNC3=O,-10.0,3.972800000000003,0.7388595594685667,2.502851533087009,312.37200000000007,1,2,1,52.89,4,24,0.43331745,0.17510273,True,0.4469867935580248,docking_results_3_15.csv,0.047092456,0.035839655,0.43331745,0.16294852,0.18290947,0.06935292,0.049931034,0.3532903,0.079969905,0.08667384,0.42323008,0.17667721,True,3.972800000000003,3.972800000000003
245,CC(=O)N(C)C1=CC=C(C=C1)C2=CC=C3C=CC4=C(CCNC4=O)C3=C2,CC(=O)N(C)c1ccc(-c2ccc3ccc4c(c3c2)CCNC4=O)cc1,-10.0,3.775400000000002,0.7691210833874246,2.375763585097756,344.41400000000016,1,2,2,49.410000000000004,4,26,0.43820164,0.16737854,True,0.510781483040206,docking_results_3_18.csv,0.06343559,0.044002175,0.43820164,0.12774155,0.2234833,0.07621826,0.046886016,0.3244978,0.09201221,0.076250285,0.3430622,0.1527516,True,3.775400000000002,3.775400000000002
173,COC1=CC=C(C=C1C2=CC=C3C4=C(CCNC4=O)C=CC3=C2)C(=O)NC,CNC(=O)c1ccc(OC)c(-c2ccc3c4c(ccc3c2)CCNC4=O)c1,-10.0,3.1609000000000007,0.7539167737628016,2.351616271528332,360.41300000000007,2,3,3,67.42999999999999,4,27,0.45298836,0.12843387,True,0.7290678402897457,docking_results_3_24.csv,0.04648211,0.026214132,0.45298836,0.08301427,0.15162571,0.0413016,0.029803248,0.25059205,0.06122691,0.048548378,0.2418509,0.10755878,True,3.1609000000000007,3.1609000000000007
152,C1C=2OC=CC=2C=C1C3=CC=C4C5=C(CCNC5=O)C=CC4=C3,O=C1NCCc2ccc3cc(C4=Cc5ccoc5C4)ccc3c21,-10.0,3.815400000000002,0.7422760409858827,3.071286605553018,301.34499999999997,1,2,1,42.24,5,23,0.4666675,0.22392304,True,0.4972217903519886,docking_results_3_18.csv,0.10744038,0.09902656,0.4564566,0.19704819,0.23828386,0.11964519,0.05618936,0.4666675,0.1045167,0.1020773,0.46202117,0.27770346,True,3.815400000000002,3.815400000000002
79,CN1C=C(N=C1C2=CC=CC(=C2)C3=CC=C(Cl)C=C3)C=C4C=CC5NC(=O)C(=O)NC5=C4,Cn1cc(C=C2C=CC3NC(=O)C(=O)NC3=C2)nc1-c1cccc(-c2ccc(Cl)cc2)c1,-10.0,3.859200000000003,0.6046247453799994,3.7495032748537565,442.9060000000001,2,3,3,76.02,5,32,0.46934664,0.18837881,True,0.4827163275756251,docking_results_3_4.csv,0.034999553,0.036181927,0.39689577,0.14736989,0.1311476,0.06405906,0.07125066,0.46934664,0.10363515,0.13591048,0.42531437,0.24443448,True,3.859200000000003,3.859200000000003
64,CCN(CC)C(=O)C1=CC=C(C=C1)C=C2C=C3C=CC4=C(CCNC4=O)C3=C=C2,CCN(CC)C(=O)c1ccc(C=C2C=C=c3c4c(ccc3=C2)C(=O)NCC4)cc1,-10.0,2.2678000000000003,0.8792426028117749,3.3791216407056552,384.4790000000002,1,2,4,49.410000000000004,4,29,0.47095758,0.17551237,True,0.8317794268678481,docking_results_3_22.csv,0.05533065,0.060626455,0.19331743,0.14037101,0.17101604,0.103614345,0.057218947,0.47095758,0.06477634,0.13696103,0.45426163,0.19769727,True,2.2678000000000003,2.2678000000000003
135,O=C(OC1=CC=CN=C1N)C=CC2=CC=C3C4=C(CCNC4=O)C=CC3=C2,Nc1ncccc1OC(=O)C=Cc1ccc2c3c(ccc2c1)CCNC3=O,-10.0,2.7217000000000002,0.5538417150251868,2.6875502221930514,359.38500000000005,2,5,3,94.31,4,27,0.47664544,0.18253432,True,0.8331859268836938,docking_results_3_21.csv,0.0651008,0.05883223,0.47664544,0.1143618,0.18441246,0.07761892,0.06167992,0.4048362,0.13175991,0.09965113,0.30143353,0.21407942,True,2.7217000000000002,2.7217
113,CC(=O)C=1C=NN(N=1)C2=CC=C(C=C2)C3=CC=C4C=CC5=C(CCNC5=O)C4=C3,CC(=O)c1cnn(-c2ccc(-c3ccc4ccc5c(c4c3)CCNC5=O)cc2)n1,-10.0,3.5760000000000023,0.549661835765482,2.655474811631116,382.42300000000023,1,4,3,76.88,5,29,0.4767751,0.15465485,True,0.5817248255553882,docking_results_3_13.csv,0.067342706,0.047374975,0.4767751,0.11208329,0.17127454,0.0552501,0.0424035,0.3129174,0.09868099,0.058197137,0.23666735,0.17689109,True,3.5760000000000023,3.5760000000000023
92,C1[C@@H1](C#N)C(N)(C1)C2=CC=C(C=C2)C3=CC=C4C=CC5=C(CCNC5=O)C4=C3,N#C[C@@H]1CCC1(N)c1ccc(-c2ccc3ccc4c(c3c2)CCNC4=O)cc1,-10.0,3.8802800000000026,0.7213298471711513,3.6614215896591187,367.4520000000002,2,3,2,78.91,5,28,0.49282482,0.21116602,True,0.4758724643464847,docking_results_3_18.csv,0.101075515,0.08481539,0.34358335,0.22077404,0.2613806,0.12617506,0.05779809,0.41108796,0.0918375,0.09924061,0.49282482,0.24339905,True,3.8802800000000026,3.8802800000000026
125,C[C@H1]1CCC[C@](O1)(C(N)=O)C2=CC=C3C=CC4=C(CCNC4=O)C3=C2,C[C@H]1CCC[C@](C(N)=O)(c2ccc3ccc4c(c3c2)CCNC4=O)O1,-9.9,2.3952999999999998,0.8820451245786805,3.775427144661723,338.4070000000001,2,3,2,81.41999999999999,4,25,0.14947645,0.06549774,True,0.8164555090157575,docking_results_3_26.csv,0.05491671,0.026124584,0.10974523,0.057664137,0.09993652,0.027102873,0.024734057,0.14947645,0.025294708,0.030694269,0.113513984,0.06676936,True,2.3952999999999998,2.3953
134,CC[C@@H1]1CCC[C@](O1)(C(N)=O)C2=CC=C3C=CC4=C(CCNC4=O)C3=C2,CC[C@@H]1CCC[C@](C(N)=O)(c2ccc3ccc4c(c3c2)CCNC4=O)O1,-9.9,2.785400000000001,0.8911047598927098,3.7814059045224866,352.43400000000014,2,3,3,81.41999999999999,4,26,0.1515384,0.066222,True,0.7962906049359002,docking_results_3_15.csv,0.061361127,0.029882899,0.09393775,0.05920243,0.10377951,0.02945981,0.026077878,0.1515384,0.024656376,0.0315122,0.11430594,0.068949655,True,2.785400000000001,2.785400000000001
178,N#CC1=CC=C(C=C1)C2=CC=CC(=C2)C(=O)N3CCC(CC3)NC(=O)NCC4C(O)CC4,N#Cc1ccc(-c2cccc(C(=O)N3CCC(NC(=O)NCC4CCC4O)CC3)c2)cc1,-9.9,2.899980000000001,0.6754958506525586,3.053663245586371,432.52400000000017,3,4,5,105.46000000000001,4,32,0.1624698,0.061353657,True,0.7746470859045566,docking_results_3_5.csv,0.043651372,0.02375477,0.07022744,0.046135336,0.112852864,0.03188857,0.02882744,0.1624698,0.029953135,0.04173944,0.08707173,0.057672024,True,2.899980000000001,2.899980000000001
216,C#CCN1CCC(CC1)C2=CC=C3C4=C(CCNC4=O)C=CC3=C2,C#CCN1CCC(c2ccc3c4c(ccc3c2)CCNC4=O)CC1,-9.9,2.938300000000001,0.8636243794169328,2.6842369798141945,318.42,1,2,2,32.34,4,24,0.16349696,0.054157924,True,0.7660358610923466,docking_results_3_15.csv,0.035753883,0.019750256,0.070964396,0.05126992,0.06649308,0.020868266,0.024186123,0.16349696,0.02171523,0.037137434,0.07503391,0.063225634,True,2.938300000000001,2.938300000000001
4,C1[C@H1](C=CC(=O)N1C)C2=CC=C3C=CC4=C(CCNC4=O)C3=C2,CN1C[C@@H](c2ccc3ccc4c(c3c2)CCNC4=O)C=CC1=O,-9.9,2.2375,0.8782001222467785,3.4390645222148706,306.36500000000007,1,2,1,49.410000000000004,4,23,0.16900794,0.059513856,True,0.799828018740919,docking_results_3_24.csv,0.048866276,0.025347082,0.09765855,0.043505248,0.077324115,0.02215456,0.024311837,0.16900794,0.025144579,0.03207488,0.08086296,0.0679083,True,2.2375,2.2375
149,CSCC1=CC=CC=C1C2=CC=C(C=C2)C(=O)N3CCC[C@H1]3C(=O)NC4CNCCO4,CSCc1ccccc1-c1ccc(C(=O)N2CCC[C@H]2C(=O)NC2CNCCO2)cc1,-9.9,2.883300000000001,0.7243794282280979,3.350394671675776,439.5810000000003,2,5,6,70.67,4,31,0.17660664,0.06621722,True,0.7781892260085264,docking_results_3_15.csv,0.04691136,0.02601817,0.07791879,0.053350892,0.11866066,0.032096744,0.029225653,0.17660664,0.033309784,0.04120372,0.09043349,0.06887081,True,2.883300000000001,2.883300000000001
245,O=C([O-1])[C@@H1]1CNC[C@@H1]1C2=CC=C(C=C2)C3=CC=C4C=CC5=C(CCNC5=O)C4=C3,O=C1NCCc2c1ccc1ccc(-c3ccc([C@H]4CNC[C@H]4C(=O)[O-])cc3)cc21,-9.9,1.8456000000000004,0.7210126228373643,3.5667822632209782,385.4430000000002,2,4,3,81.25999999999999,5,29,0.17718364,0.076422475,True,0.7068077168482322,docking_results_3_19.csv,0.074985534,0.04045829,0.11258365,0.050554153,0.14352772,0.03611678,0.028023668,0.17718364,0.03521671,0.030146848,0.10771869,0.08055407,True,1.8456000000000004,1.8456000000000004
28,C1[C@H1]([NH2+1][C@H1]1NC(=O)C2=CC=CC=C2C)C3=CC=C4C=CC5=C(CCNC5=O)C4=C3,Cc1ccccc1C(=O)N[C@H]1C[C@@H](c2ccc3ccc4c(c3c2)CCNC4=O)[NH2+]1,-9.9,2.1984200000000005,0.6455867616398333,3.805530866425004,386.4750000000002,3,2,3,74.81,5,29,0.18096513,0.075025775,True,0.7936276907147402,docking_results_3_25.csv,0.036112472,0.015644552,0.18096513,0.06911032,0.10841418,0.025908062,0.022551715,0.15772396,0.024799513,0.03464087,0.1667034,0.05773509,True,2.1984200000000005,2.1984200000000005
10,CN(CC=[NH1+1]CC)CC1=CC=C(C=N1)C2=CC=C3C=CC4=C(CCNC4=O)C3=C2,CC[NH+]=CCN(C)Cc1ccc(-c2ccc3ccc4c(c3c2)CCNC4=O)cn1,-9.9,1.7908,0.6342878970507019,3.3088731632794666,387.50700000000023,2,3,6,59.2,4,29,0.182875,0.064883046,True,0.6894751829259734,docking_results_3_19.csv,0.035894852,0.015999498,0.182875,0.053734284,0.08952223,0.021072853,0.019019226,0.1550457,0.029543437,0.032187637,0.088107675,0.05559406,True,1.7908,1.7908
35,C1C=CC(N=C1N)C2=CC=C3C=CC4=C(CCNC4=O)C3=C2,NC1=NC(c2ccc3ccc4c(c3c2)CCNC4=O)C=CC1,-9.9,2.4839,0.7926249143593582,3.6366713800291928,291.35400000000004,2,3,1,67.47999999999999,4,22,0.20419957,0.066937186,True,0.8195798345208156,docking_results_3_25.csv,0.044145267,0.020849906,0.20419957,0.04320418,0.079660356,0.019743426,0.02268594,0.1599909,0.032125317,0.031137316,0.079393014,0.06611109,True,2.4839,2.4839
20,CC(C)(C)C(=O)N1CCC(CC1)C=C2C=C3C=CC4=C(CCNC4=O)C3=CC2,CC(C)(C)C(=O)N1CCC(C=C2C=c3ccc4c(c3=CC2)CCNC4=O)CC1,-9.9,2.1483,0.8140835835292838,3.5549442535234226,378.51600000000025,1,2,1,49.410000000000004,4,28,0.20522022,0.060102355,True,0.7845435447861886,docking_results_3_14.csv,0.036187112,0.023990028,0.032590542,0.05230428,0.07477717,0.029505532,0.027691869,0.20522022,0.018779717,0.048118453,0.105600454,0.066462815,True,2.1483,2.1483
154,CNC1OC(CN1C2=CC=CC=C2)C3=CC=C4C=CC5=C(CCNC5=O)C4=C3,CNC1OC(c2ccc3ccc4c(c3c2)CCNC4=O)CN1c1ccccc1,-9.9,3.2066000000000017,0.7403160687628622,3.6247110830925138,373.45600000000024,2,4,3,53.6,5,28,0.2127494,0.081188515,True,0.6903139300393076,docking_results_3_14.csv,0.045240022,0.019322403,0.2127494,0.074898675,0.1277763,0.029260669,0.024857217,0.16297111,0.034948185,0.03630205,0.14062254,0.0653136,True,3.2066000000000017,3.2066000000000017
50,C[C@H1]1CC[C@@H1](O)C[C@@H1](O1)C2=CC=C3C4=C(CCNC4=O)C=CC3=C2,C[C@H]1CC[C@@H](O)C[C@H](c2ccc3c4c(ccc3c2)CCNC4=O)O1,-9.9,3.1167000000000016,0.8468072063673442,3.6597466381364283,325.408,2,3,1,58.56,4,24,0.21308741,0.086687535,True,0.7182685660375268,docking_results_3_15.csv,0.051864605,0.02386076,0.13763107,0.10102988,0.12844005,0.03656317,0.027729081,0.17032844,0.027256243,0.040451508,0.21308741,0.08200821,True,3.1167000000000016,3.1167000000000016
34,C[C@@H1](C(=O)NC1CCCCC1)N2C=C(C=N2)C3=CC=C4C=CC5=C(CCNC5=O)C4=C3,C[C@@H](C(=O)NC1CCCCC1)n1cc(-c2ccc3ccc4c(c3c2)CCNC4=O)cn1,-9.9,3.999100000000003,0.6749991907420635,3.0854421591371413,416.5250000000002,2,3,4,76.02000000000001,5,31,0.25535038,0.11686782,True,0.4245177901016905,docking_results_3_14.csv,0.051273953,0.03095757,0.25535038,0.111366555,0.1373005,0.047024548,0.040606365,0.2532631,0.06154151,0.0648618,0.22254331,0.12632415,True,3.999100000000003,3.999100000000003
170,C1[C@H1](CC=C1C(N)=N)C2=CC=C3C=CC4=C(CCNC4=O)C3=C2,N=C(N)C1=CC[C@H](c2ccc3ccc4c(c3c2)CCNC4=O)C1,-9.9,2.865470000000001,0.5890004119063786,3.46075473200508,305.3810000000001,3,2,2,78.97,4,23,0.26092276,0.10030285,True,0.7818327405755412,docking_results_3_25.csv,0.092507906,0.060265336,0.14383596,0.064997196,0.13856173,0.049860865,0.03244296,0.26092276,0.042897653,0.0454996,0.15523557,0.11660669,True,2.865470000000001,2.865470000000001
153,CC(=O)N1CC=C(C1=O)C2=CC=C3C4=C(CCNC4=O)C=CC3=C2,CC(=O)N1CC=C(c2ccc3c4c(ccc3c2)CCNC4=O)C1=O,-9.9,1.8978000000000002,0.8725083128001427,2.904678279103141,320.348,1,3,1,66.48,4,24,0.28552532,0.10381862,True,0.7225653613669312,docking_results_3_19.csv,0.06771447,0.048357286,0.1933922,0.0633315,0.11211467,0.04127111,0.037539463,0.28552532,0.056129754,0.051847298,0.15171108,0.13688928,True,1.8978000000000002,1.8978
251,N#CC1=CC(C2=CC=CC=C2)C3=CC=C(O4)C(CCNC4=O)=C13,N#CC1=CC(c2ccccc2)c2ccc3c(c21)CCNC(=O)O3,-9.9,3.383580000000001,0.8780439062162143,3.5389330849953744,302.33299999999997,1,3,1,62.12,4,23,0.29578903,0.11373523,True,0.6304413140713729,docking_results_3_9.csv,0.056363158,0.04284143,0.14079876,0.0904472,0.13949522,0.056141,0.04648944,0.29578903,0.046088982,0.07026049,0.25477982,0.12532829,True,3.383580000000001,3.383580000000001
195,NC(=O)C1=CC=C(C=C1)C2=CC=C3C4=C(CCNC4=O)C=CC3=C2,NC(=O)c1ccc(-c2ccc3c4c(ccc3c2)CCNC4=O)cc1,-9.9,2.8916000000000004,0.762812968970714,2.2188368173679436,316.36,2,2,2,72.19,4,24,0.29710183,0.09692368,True,0.7764426156317225,docking_results_3_16.csv,0.06522713,0.0342132,0.29710183,0.050443567,0.1640322,0.03888691,0.025471298,0.19134237,0.045538176,0.03252005,0.14428455,0.07402294,True,2.8916000000000004,2.8916000000000004
124,CC1=CC(N2CCOCC2)=NC(=N1)C3=CC=C4C=CC5=C(CCNC5=O)C4=C3,Cc1cc(N2CCOCC2)nc(-c2ccc3ccc4c(c3c2)CCNC4=O)n1,-9.9,2.7277200000000006,0.7470804723539699,2.569349758546341,374.4440000000002,1,5,2,67.35,5,28,0.29963052,0.09497234,True,0.8046706758279284,docking_results_3_28.csv,0.047698658,0.027615575,0.29963052,0.07656691,0.083549425,0.024608206,0.029724281,0.22510897,0.05552675,0.04093946,0.103531264,0.12516807,True,2.7277200000000006,2.7277200000000006
24,C1[C@@H1](NC(=O)C1(C)N)C2=CC=C(C=C2)C3=CC=C4C=CC=CC4=C3,CC1(N)C[C@H](c2ccc(-c3ccc4ccccc4c3)cc2)NC1=O,-9.9,3.7852000000000023,0.7556328865610973,3.070149859019919,316.40400000000005,2,2,2,55.120000000000005,4,24,0.30593196,0.13408215,True,0.4905370713149218,docking_results_3_23.csv,0.054647595,0.027131712,0.2926821,0.123632856,0.28891167,0.0737729,0.038684968,0.20867388,0.059658937,0.05934118,0.30593196,0.07591621,True,3.7852000000000023,3.7852000000000015
188,C1OC=CC(C=C1C2=CC=C3C4=C(CCNC4=O)C=CC3=C2)C#N,N#CC1C=COCC(c2ccc3c4c(ccc3c2)CCNC4=O)=C1,-9.9,3.1927800000000017,0.8786094781086248,3.8238130177665193,316.36,1,3,1,62.12,4,24,0.30601957,0.112510264,True,0.6947459380758151,docking_results_3_29.csv,0.075906746,0.05979674,0.16670309,0.08162137,0.11141727,0.0510562,0.049136925,0.30601957,0.059978317,0.07171141,0.16407931,0.15269622,True,3.1927800000000017,3.1927800000000017
256,CC[NH1+1](C(N)=O)C1=CC=C(C=C1)C2=CC=C3C=CC4=C(CCNC4=O)C3=C2,CC[NH+](C(N)=O)c1ccc(-c2ccc3ccc4c(c3c2)CCNC4=O)cc1,-9.9,2.4077,0.6707982177587328,3.7238044573328057,360.4370000000002,3,2,3,76.63,4,27,0.30685827,0.1318041,True,0.8171671258466139,docking_results_3_27.csv,0.049444787,0.033739258,0.30685827,0.09922192,0.16167468,0.054012824,0.040571883,0.2971313,0.06343512,0.065495625,0.27997705,0.13008644,True,2.4077,2.4077
67,CC(=O)NCC1=CC=C(C=N1)C2=CC=C3C=CC4=C(CCNC4=O)C3=C2,CC(=O)NCc1ccc(-c2ccc3ccc4c(c3c2)CCNC4=O)cn1,-9.9,2.8238000000000003,0.76671811301479,2.453732874079046,345.40200000000016,2,3,3,71.09,4,26,0.31214443,0.09606293,True,0.789754187052024,docking_results_3_13.csv,0.062179524,0.03177138,0.31214443,0.060404222,0.14069189,0.035811823,0.030712014,0.1852913,0.057311825,0.040905546,0.114408374,0.08112273,True,2.8238000000000003,2.8238000000000003
80,C[NH1+1](C)CCC1=CC=C(C=C1)C2=CC=C3C=CC4=C(CCNC4=O)C3=C2,C[NH+](C)CCc1ccc(-c2ccc3ccc4c(c3c2)CCNC4=O)cc1,-9.9,2.4797000000000002,0.748337935636766,3.011919335617508,345.4660000000001,2,1,4,33.54,4,26,0.31717265,0.10855193,True,0.8195350888291566,docking_results_3_16.csv,0.031786025,0.017850084,0.19775744,0.10527647,0.16461506,0.047587246,0.027404945,0.23123576,0.032725133,0.054214306,0.31717265,0.07499802,True,2.4797000000000002,2.4797
13,CC(=O)C1=CC=C(C=C1)C2=CC=C3C=CC4=C(CCNC4=O)C3=C2,CC(=O)c1ccc(-c2ccc3ccc4c(c3c2)CCNC4=O)cc1,-9.9,3.995300000000003,0.7267058172986859,2.168571265528481,315.372,1,2,2,46.17,4,24,0.31845534,0.13037004,True,0.425603734755832,docking_results_3_23.csv,0.07033377,0.043315303,0.31845534,0.08808494,0.21570206,0.064254284,0.035842024,0.25298285,0.05846898,0.052033935,0.2618311,0.10313592,True,3.995300000000003,3.995300000000003
249,CCN(C)C(=O)C1=CC=C(C=C1)C2=CC=C3C=CC4=C(CCNC4=O)C3=C2,CCN(C)C(=O)c1ccc(-c2ccc3ccc4c(c3c2)CCNC4=O)cc1,-9.9,3.8846000000000025,0.7722704400917467,2.324493993806053,358.44100000000014,1,2,3,49.410000000000004,4,27,0.32259586,0.12608567,True,0.4586823754551843,docking_results_3_12.csv,0.050077964,0.029157944,0.32259586,0.0974481,0.1837058,0.053983875,0.03496863,0.2516486,0.058299184,0.056575283,0.27344367,0.101123124,True,3.8846000000000025,3.8846000000000025
131,CC(C)(O)C1=CC=C(C=N1)C2=CC=C3C=CC4=C(CCNC4=O)C3=C2,CC(C)(O)c1ccc(-c2ccc3ccc4c(c3c2)CCNC4=O)cn1,-9.9,3.4151000000000016,0.7557760444331424,2.5575017237172712,332.4030000000001,2,3,2,62.220000000000006,4,25,0.32666686,0.12010461,True,0.6193663387051039,docking_results_3_29.csv,0.042144008,0.022345025,0.32666686,0.11016562,0.16123264,0.04463876,0.029730821,0.22822997,0.047179624,0.05031017,0.28370237,0.09490955,True,3.4151000000000016,3.4151000000000016
68,CCC1=CC=C(C=C1C2=CC=C3C4=C(CCNC4=O)C=CC3=C2)C(=O)NC,CCc1ccc(C(=O)NC)cc1-c1ccc2c3c(ccc2c1)CCNC3=O,-9.9,3.7147000000000023,0.7497277279100851,2.44081786992993,358.44100000000003,2,2,3,58.2,4,27,0.3291722,0.1092817,True,0.5141522078417079,docking_results_3_24.csv,0.038886666,0.020993106,0.3291722,0.08020111,0.13493977,0.036845025,0.027775561,0.224988,0.042155236,0.047231287,0.24224642,0.08594596,True,3.7147000000000023,3.7147000000000014
124,CC1(C)C[C@@H1]1N2C=C(C=N2)C3=CC=C4C=CC5=C(CCNC5=O)C4=C3,CC1(C)C[C@@H]1n1cc(-c2ccc3ccc4c(c3c2)CCNC4=O)cn1,-9.9,3.960200000000003,0.7724517481889734,3.288483667876066,331.41900000000004,1,2,2,46.92,5,25,0.33074588,0.13667814,True,0.4357943194591583,docking_results_3_29.csv,0.03939997,0.024453616,0.33074588,0.15531565,0.13429843,0.045186315,0.03453731,0.28399378,0.055930335,0.0619578,0.32909083,0.14522776,True,3.960200000000003,3.960200000000003
160,CCCNC(=O)C1=CC=C(C=C1)C2=CC=C3C=CC4=C(CCNC4=O)C3=C2,CCCNC(=O)c1ccc(-c2ccc3ccc4c(c3c2)CCNC4=O)cc1,-9.9,3.9325000000000028,0.7422869791960555,2.194376849411986,358.44100000000014,2,2,4,58.2,4,27,0.33494532,0.13054948,True,0.4440354639664153,docking_results_3_23.csv,0.057512365,0.03529563,0.33494532,0.0917878,0.19070673,0.05828229,0.03936165,0.26200843,0.06697181,0.059723716,0.25913385,0.110864185,True,3.9325000000000028,3.9325000000000023
217,C[C@@H1]([C@@H1](C)N)C1=CC=C(C=N1)C2=CC=C3C=CC4=C(CCNC4=O)C3=C2,C[C@H](c1ccc(-c2ccc3ccc4c(c3c2)CCNC4=O)cn1)[C@@H](C)N,-9.9,3.6384000000000025,0.7614111074725732,3.3311158837324664,345.44600000000014,2,3,3,68.00999999999999,4,26,0.35051543,0.12103343,True,0.5404474846254818,docking_results_3_27.csv,0.050511602,0.025762295,0.35051543,0.1104603,0.16948631,0.045909874,0.031029778,0.21758567,0.053212702,0.05115196,0.24971963,0.097055726,True,3.6384000000000025,3.6384000000000025
70,N#C[C@@H1](CCC#N)N1C=C(C=N1)C2=CC=C3C=CC4=C(CCNC4=O)C3=C2,N#CCC[C@H](C#N)n1cc(-c2ccc3ccc4c(c3c2)CCNC4=O)cn1,-9.9,3.357660000000002,0.7761881184343278,3.5354467842366697,355.4010000000002,1,4,4,94.5,4,27,0.35296255,0.16358869,True,0.6394850260677347,docking_results_3_16.csv,0.07667214,0.06506944,0.3412885,0.15382119,0.14242,0.067015834,0.0647274,0.35296255,0.10875285,0.08907898,0.2607316,0.24052367,True,3.357660000000002,3.357660000000002
72,CN(CCS(C)(=O)=O)C1=CC=C(C=N1)C2=CC=C3C=CC4=C(CCNC4=O)C3=C2,CN(CCS(C)(=O)=O)c1ccc(-c2ccc3ccc4c(c3c2)CCNC4=O)cn1,-9.9,2.6685000000000008,0.7008966033156294,2.726212013453683,409.51100000000025,1,5,5,79.37,4,29,0.3537095,0.16147979,True,0.8114030436879397,docking_results_3_18.csv,0.057912104,0.04647661,0.32591718,0.14226718,0.18876901,0.07440304,0.059168573,0.3537095,0.10595519,0.09137064,0.30540588,0.18640256,True,2.6685000000000008,2.6685000000000008
17,CC1(C)C[C@H1]1N2C=C(C=N2)C3=CC=C4C=CC5=C(CCNC5=O)C4=C3,CC1(C)C[C@H]1n1cc(-c2ccc3ccc4c(c3c2)CCNC4=O)cn1,-9.9,3.960200000000003,0.7724517481889734,3.288483667876066,331.41900000000004,1,2,2,46.92,5,25,0.367237,0.14476167,True,0.4357943194591583,docking_results_3_29.csv,0.03872051,0.024088759,0.367237,0.16215226,0.14105953,0.047119275,0.03504645,0.2946826,0.06035957,0.06496322,0.35146958,0.1502411,True,3.960200000000003,3.960200000000003
107,CC1CC=C(C(N)=N1)C2=CC=C3C=CC4=C(CCNC4=O)C3=C2,CC1CC=C(c2ccc3ccc4c(c3c2)CCNC4=O)C(N)=N1,-9.9,2.6585,0.850278195601525,3.538805081655431,305.3810000000001,2,3,1,67.47999999999999,4,23,0.3678495,0.12716654,True,0.8123475632888499,docking_results_3_25.csv,0.04673213,0.028985905,0.3678495,0.09761465,0.11934808,0.03945129,0.034492377,0.28741148,0.0629892,0.05773947,0.24023157,0.14315264,True,2.6585,2.6585
148,CC1C=C(C)N=C(N1)C2=CC=C3C4=C(CCNC4=O)C=CC3=C2,CC1=CC(C)NC(c2ccc3c4c(ccc3c2)CCNC4=O)=N1,-9.9,2.7678000000000003,0.8509870529581117,3.6150575292078777,305.38100000000003,2,3,1,53.49,4,23,0.37130842,0.097425185,True,0.7990336849983521,docking_results_3_20.csv,0.035827707,0.016492885,0.37130842,0.07380753,0.0902919,0.02377461,0.024032839,0.19870447,0.039858554,0.041982368,0.16869596,0.08432495,True,2.7678000000000003,2.7678000000000003
11,C[C@@H1]1OCC[C@H1]1N2C=C(C=N2)C3=CC=C4C=CC5=C(CCNC5=O)C4=C3,C[C@@H]1OCC[C@H]1n1cc(-c2ccc3ccc4c(c3c2)CCNC4=O)cn1,-9.9,3.339100000000002,0.7734645476730386,3.6068759231240834,347.4180000000001,1,3,2,56.15,5,26,0.37196395,0.13855584,True,0.6459173244808616,docking_results_3_20.csv,0.06437467,0.039384812,0.37196395,0.138075,0.14153183,0.047633182,0.04170867,0.27166843,0.07547843,0.05974838,0.24313731,0.16796543,True,3.339100000000002,3.339100000000002
241,C1CC([NH3+1])(C1)C2=CC=C(C=N2)C3=CC=C4C=CC5=C(CCNC5=O)C4=C3,[NH3+]C1(c2ccc(-c3ccc4ccc5c(c4c3)CCNC5=O)cn2)CCC1,-9.9,2.8088000000000006,0.7504099647210315,3.0926811817713524,344.43800000000016,2,2,2,69.63,5,26,0.3752178,0.14721014,True,0.7923963368152767,docking_results_3_26.csv,0.051286116,0.032932382,0.3752178,0.15308464,0.15225272,0.053026043,0.040905874,0.29774746,0.068928555,0.06841017,0.31542343,0.15730631,True,2.8088000000000006,2.8088000000000006
256,C[NH2+1][C@@H1]1CCC[C@@H1]1OC2=CC=C(C=N2)C3=CC=C4C=CC5=C(CCNC5=O)C4=C3,C[NH2+][C@@H]1CCC[C@@H]1Oc1ccc(-c2ccc3ccc4c(c3c2)CCNC4=O)cn1,-9.9,2.6808000000000005,0.7221224087311803,3.9539312742099906,388.4910000000002,2,3,4,67.83000000000001,5,29,0.38049433,0.16930838,True,0.8101644027086723,docking_results_3_22.csv,0.07214984,0.050270088,0.33914825,0.17658967,0.20045146,0.07846663,0.048553064,0.3313615,0.08140148,0.07741011,0.38049433,0.19540426,True,2.6808000000000005,2.6808000000000005
72,CNC(=O)C1=CC=C(C=C1)C2=CC=C3C4=C(CCNC4=O)C=CC3=C2,CNC(=O)c1ccc(-c2ccc3c4c(ccc3c2)CCNC4=O)cc1,-9.9,3.152300000000001,0.7582099365845588,2.2244820054074115,330.38700000000006,2,2,2,58.2,4,25,0.38522348,0.12680638,True,0.7074566135921694,docking_results_3_15.csv,0.05682283,0.03268041,0.38522348,0.08125357,0.1866405,0.05068149,0.03179248,0.24606645,0.061060026,0.0480877,0.24025795,0.101109475,True,3.152300000000001,3.152300000000001
117,CCN(C[C@H1]1CCN1)C2=CC=C(C=N2)C3=CC=C4C=CC5=C(CCNC5=O)C4=C3,CCN(C[C@H]1CCN1)c1ccc(-c2ccc3ccc4c(c3c2)CCNC4=O)cn1,-9.9,3.3759000000000015,0.7058906693547651,3.2566273330999254,386.4990000000002,2,4,5,57.26,5,29,0.3857675,0.14893742,True,0.6331276303516742,docking_results_3_24.csv,0.05353223,0.035373632,0.3857675,0.14540043,0.14568174,0.05174578,0.043496277,0.31184274,0.080642,0.07209469,0.28215548,0.17951643,True,3.3759000000000015,3.375900000000001
185,C1C[C@H1]2CCCC1N(C2)C3=CC=C4C=CC5=C(CCNC5=O)C4=C3,O=C1NCCc2c1ccc1ccc(N3C[C@@H]4CCCC3CC4)cc21,-9.9,3.894600000000003,0.8642400972724291,3.987748217926592,320.43600000000004,1,2,1,32.34,6,24,0.3891101,0.16468187,True,0.4555843673309471,docking_results_3_28.csv,0.08114665,0.059817724,0.2107538,0.19090739,0.17796129,0.08458688,0.053260885,0.35826686,0.06733494,0.089367956,0.3891101,0.21366794,True,3.894600000000003,3.894600000000003
256,BrC[C@H1](C1[C@@H1]C(=O)NC(N)=N1)OC2=CC=C(C=C2)C3=CC=C4C=CC=CC4=C3,NC1=NC([C@@H](CBr)Oc2ccc(-c3ccc4ccccc4c3)cc2)[CH]C(=O)N1,-9.9,3.6664900000000022,0.5985219353266369,3.627995948633478,437.3170000000001,2,4,5,76.71000000000001,4,28,0.39328748,0.16698234,True,0.5306919324411974,docking_results_3_11.csv,0.069727734,0.04882668,0.39328748,0.12790316,0.23497865,0.08126455,0.06409824,0.3157226,0.11228604,0.08958624,0.3044895,0.16161707,True,3.6664900000000022,3.666490000000002
54,CC1=CC=CC=C1C2=CC=C(C=N2)C3=CC=C4C=C5N(CCNC5=O)C(=O)C4=C3,Cc1ccccc1-c1ccc(-c2ccc3cc4n(c(=O)c3c2)CCNC4=O)cn1,-9.9,3.782320000000003,0.574689449718478,2.4725358006421043,381.4350000000002,1,3,2,63.99,5,29,0.39519358,0.1182219,True,0.491486609151773,docking_results_3_13.csv,0.05260473,0.029258214,0.39519358,0.088609345,0.1481597,0.039102472,0.034642294,0.22665504,0.06515972,0.04732553,0.18546197,0.1064902,True,3.782320000000003,3.782320000000003
153,C1C=NC2=NC=NC2=C1C3=CC=C4C=CC5=C(CCNC5=O)C4=C3,O=C1NCCc2c1ccc1ccc(C3=C4N=CN=C4N=CC3)cc21,-9.9,2.7517000000000005,0.8638957083448544,3.4062503554526398,314.348,1,4,1,66.18,5,24,0.4040669,0.1569049,True,0.8014008044362925,docking_results_3_23.csv,0.056232423,0.046224236,0.4040669,0.10607666,0.1122569,0.046025414,0.041244432,0.3981521,0.07647276,0.06519827,0.29956797,0.23134086,True,2.7517000000000005,2.7517000000000005
141,C1C(C)[C@H1](N)[C@@H1]1N2C=C(C=N2)C3=CC=C4C=CC5=C(CCNC5=O)C4=C3,CC1C[C@@H](n2cc(-c3ccc4ccc5c(c4c3)CCNC5=O)cn2)[C@H]1N,-9.9,2.897400000000001,0.7492685711387961,3.8305944005331476,346.43400000000014,2,3,2,72.94,5,26,0.4130015,0.13491434,True,0.7752032997281739,docking_results_3_27.csv,0.05524296,0.030088702,0.4130015,0.13280782,0.14551105,0.042253166,0.03298075,0.25284877,0.0701655,0.052201383,0.24293765,0.1489328,True,2.897400000000001,2.897400000000001
229,O=C(/C=C/C1=CC=CC=C1)NC(=O)C2=CC=C3C=CC4=C(CCNC4=O)C3=C2,O=C(/C=C/c1ccccc1)NC(=O)c1ccc2ccc3c(c2c1)CCNC3=O,-9.9,3.0955000000000013,0.6959096897739883,2.374335749790868,370.4080000000002,2,3,3,75.27000000000001,4,28,0.4173632,0.16857217,True,0.7245288143804245,docking_results_3_23.csv,0.050256874,0.052566756,0.3038188,0.0973839,0.19328631,0.089110404,0.07119475,0.4173632,0.102779776,0.1205042,0.35067853,0.17392243,True,3.0955000000000013,3.0955000000000013
51,CCCCS(=O)(=O)C1=CC=C(C=C1)C=C2C=C3C=CC4=C(CCNC4=O)C3=C=C2,CCCCS(=O)(=O)c1ccc(C=C2C=C=c3c4c(ccc3=C2)C(=O)NCC4)cc1,-9.9,2.3596000000000004,0.8307195111717046,3.4487227528465265,405.51900000000023,1,3,5,63.24,4,29,0.4213908,0.15425697,True,0.813913629880551,docking_results_3_25.csv,0.06634944,0.07491586,0.08439153,0.11839388,0.18594211,0.11543602,0.059851456,0.4213908,0.046348248,0.124221124,0.3998308,0.15401247,True,2.3596000000000004,2.3596000000000004
180,C=1[C@@H1](SCCNC=1C(=O)C2CC2)C3=CC=C4C=CC5=C(CCNC5=O)C4=C3,O=C1NCCc2c1ccc1ccc([C@H]3C=C(C(=O)C4CC4)NCCS3)cc21,-9.9,3.366200000000002,0.8598437340461368,3.783191754650871,378.4970000000002,2,4,3,58.2,5,27,0.4275852,0.17586271,True,0.6365126307320551,docking_results_3_25.csv,0.06323846,0.058285035,0.2344841,0.16613439,0.15188824,0.08312862,0.06766963,0.4275852,0.08371573,0.12235272,0.40932012,0.24255024,True,3.366200000000002,3.366200000000002
162,CNC(=O)C1=CC=C(C=N1)C2=CC=C3C=CC4=C(CCNC4=O)C3=C2,CNC(=O)c1ccc(-c2ccc3ccc4c(c3c2)CCNC4=O)cn1,-9.9,2.5473,0.7579723793145594,2.4242320054074114,331.37500000000006,2,3,2,71.09,4,25,0.43050674,0.12262913,True,0.819001144154602,docking_results_3_27.csv,0.055656355,0.032257766,0.43050674,0.07698809,0.1482073,0.04061896,0.03178529,0.24215403,0.06963982,0.045605097,0.18386202,0.1142681,True,2.5473,2.5473
107,O=S(=O)C1CC1C2=CC=C(C=C2)C3=CC=C4C=CC5=C(CCNC5=O)C4=C3,O=C1NCCc2c1ccc1ccc(-c3ccc(C4CC4[SH](=O)=O)cc3)cc21,-9.9,3.2600000000000016,0.6889101865650353,3.7311287642309257,377.4650000000002,2,3,3,63.24,5,27,0.43318954,0.17380804,True,0.6727980091714914,docking_results_3_18.csv,0.071740255,0.05850596,0.21307735,0.16742738,0.2551497,0.109408185,0.06584445,0.3594188,0.07657966,0.0982843,0.43318954,0.17707092,True,3.2600000000000016,3.2600000000000016
69,CC1=CC=CC=C1C2=CC=C3C4=C(CCNC4=O)C=CC3=C2C#N,Cc1ccccc1-c1ccc2c3c(ccc2c1C#N)CCNC3=O,-9.9,3.972800000000003,0.7388595594685667,2.474284309006741,312.372,1,2,1,52.89,4,24,0.4376988,0.1748498,True,0.4321032525578278,docking_results_3_17.csv,0.047267515,0.03535363,0.4376988,0.16207877,0.18480971,0.069167614,0.048035774,0.3512238,0.07855337,0.08491432,0.42503846,0.17405592,True,3.972800000000003,3.972800000000003
231,CCNC(=O)C1=CC=C(C=C1)C=C2C=C3C=CC4=C(CCNC4=O)C3=C=C2,CCNC(=O)c1ccc(C=C2C=C=c3c4c(ccc3=C2)C(=O)NCC4)cc1,-9.9,1.5355,0.8764484421455961,3.3522490387610997,356.4250000000001,2,2,3,58.2,4,27,0.44171092,0.16052724,True,0.6018927269594617,docking_results_3_25.csv,0.06923612,0.07043134,0.21154343,0.106917016,0.16830239,0.09133466,0.047916643,0.44171092,0.061025597,0.105824254,0.36823523,0.18384948,True,1.5355,1.5355
180,FC1=CC=CN=C1C2=CC=C3C4=C(CCNC4=O)C=CC3=C2,O=C1NCCc2ccc3cc(-c4ncccc4F)ccc3c21,-9.9,3.3268000000000013,0.7472572697299354,2.4176144629559886,292.313,1,2,1,41.99,4,22,0.44917816,0.14107838,True,0.6501572982407569,docking_results_3_15.csv,0.054480292,0.03306684,0.44917816,0.12529537,0.14563508,0.044872947,0.038838714,0.27393353,0.07091917,0.059780974,0.25430483,0.1426348,True,3.3268000000000013,3.3268000000000013
159,NC1=NN=NN1C2=CC=C(C=C2)C3=CC=C4C=CC5=C(CCNC5=O)C4=C3,Nc1nnnn1-c1ccc(-c2ccc3ccc4c(c3c2)CCNC4=O)cc1,-9.9,2.350599999999999,0.5743546807038628,2.609259165343376,356.3890000000002,2,5,2,98.72,5,27,0.47131512,0.1473027,True,0.8131581015823859,docking_results_3_16.csv,0.060918514,0.042608697,0.47131512,0.10710039,0.14526711,0.044425692,0.035604134,0.3197667,0.09323022,0.048172366,0.20890698,0.19031648,True,2.350599999999999,2.350599999999999
209,COC(=O)C1=CC=CC=C1C2=CC=C(C=N2)C3=CC=C4C=C5N(CCNC5=O)C4=C3,COC(=O)c1ccccc1-c1ccc(-c2ccc3cc4n(c3c2)CCNC4=O)cn1,-9.9,3.9003000000000023,0.5323344360769726,2.518385438573734,397.4340000000002,1,4,3,73.22,5,30,0.47644636,0.13443331,True,0.4538278421597091,docking_results_3_13.csv,0.054402497,0.033398785,0.47644636,0.08981748,0.15512206,0.043800563,0.038275633,0.25509843,0.08431894,0.052585408,0.20216192,0.1277718,True,3.9003000000000023,3.9003000000000014
120,CC1=C(Cl)C=CC=C1NC(=O)C=C2C=C3C=CC4=C(CCNC4=O)C3=CC2,Cc1c(Cl)cccc1NC(=O)C=C1C=c2ccc3c(c2=CC1)CCNC3=O,-9.9,2.4641200000000003,0.7886025310474601,3.2478634243754847,378.8590000000002,2,2,2,58.2,4,27,0.48367858,0.18211605,True,0.8192789720028522,docking_results_3_15.csv,0.05353571,0.058027226,0.26686448,0.140759,0.14917134,0.08667692,0.06289915,0.48367858,0.077079765,0.13734685,0.4390553,0.23029834,True,2.4641200000000003,2.4641200000000003
42,CCCN1C=NN=C(C1=O)C2=CC=C(C=C23)C(C)CN(CC4=CC=CC=C4)CC3,CCCn1cnnc(-c2ccc3cc2CCN(Cc2ccccc2)CC3C)c1=O,-9.8,3.877100000000003,0.6656324589474067,3.70237104842605,388.51500000000016,0,4,5,51.02,4,29,0.06814484,0.02764524,True,0.4428539708045193,docking_results_3_12.csv,0.02040915,0.006252907,0.0517843,0.028693354,0.058678802,0.009486869,0.0098755285,0.06814484,0.008346566,0.016697485,0.03718703,0.016186014,True,3.877100000000003,3.877100000000003
153,CC1=CC=C(C=C1C2=CC=C(C=N2)C(=O)N3CCCN(CC3)C(=O)N)C4CCNCC4,Cc1ccc(C2CCNCC2)cc1-c1ccc(C(=O)N2CCCN(C(N)=O)CC2)cn1,-9.8,2.7506199999999996,0.7972051131570241,2.489034904985285,421.54500000000024,2,4,3,91.56,4,31,0.08628647,0.025781361,True,0.7699712117083775,docking_results_3_16.csv,0.028482316,0.011550161,0.030899704,0.014235381,0.05320648,0.009407487,0.0104231965,0.08628647,0.010993037,0.014322954,0.016430706,0.023138447,True,2.7506199999999996,2.75062
161,C[C@H1](C(=O)NCC1=CC=CC=C1)C2=CC=C3C=CC4=C(CCNC4=O)C3=C2,C[C@H](C(=O)NCc1ccccc1)c1ccc2ccc3c(c2c1)CCNC3=O,-9.8,3.545600000000002,0.7493447307223254,2.733268086011817,358.44100000000014,2,2,4,58.2,4,27,0.12235177,0.05559641,True,0.550528058108759,docking_results_3_15.csv,0.042134255,0.01740023,0.095734775,0.042252257,0.12235177,0.027209762,0.02347068,0.114628084,0.020066021,0.03145058,0.097807884,0.032650676,True,3.545600000000002,3.545600000000002
164,CC(C)(C)C(=O)N1CCC(CC1)C2=CC=C3C=CC4=C(CCNC4=O)C3=C2,CC(C)(C)C(=O)N1CCC(c2ccc3ccc4c(c3c2)CCNC4=O)CC1,-9.8,3.8778000000000024,0.8348109254933316,2.566150050906849,364.4890000000002,1,2,1,49.410000000000004,4,27,0.13594395,0.048301652,True,0.4426439751526225,docking_results_3_19.csv,0.032620285,0.015280918,0.046967212,0.047012746,0.08490511,0.022240717,0.019212902,0.13594395,0.014769251,0.030777952,0.08961675,0.040272024,True,3.8778000000000024,3.8778000000000015
216,CC(C)NS(=O)(=O)C1=CC=C(C=C1)C2=CC=C3C=CC4=C(CCNC4=O)C3=C2,CC(C)NS(=O)(=O)c1ccc(-c2ccc3ccc4c(c3c2)CCNC4=O)cc1,-9.8,3.479400000000002,0.7113787610556658,2.351757301235205,394.4960000000002,2,3,4,75.27000000000001,4,28,0.13614942,0.06085032,True,0.5730980457080813,docking_results_3_18.csv,0.040875755,0.01603196,0.10528974,0.049403712,0.13614942,0.027174009,0.017811496,0.12344362,0.017990664,0.024782447,0.13372724,0.03752376,True,3.479400000000002,3.479400000000002
57,C1[C@@H1](CC2C1OCCN2)C3=CC=C4C=CC5=C(CCNC5=O)C4=C3,O=C1NCCc2c1ccc1ccc([C@@H]3CC4NCCOC4C3)cc21,-9.8,2.3601,0.8473176726791796,3.8571115352111844,322.408,2,3,1,50.36,5,24,0.14102788,0.061164368,True,0.7818822063470753,docking_results_3_27.csv,0.057954617,0.024953173,0.10214404,0.060788352,0.096639216,0.022949614,0.02050473,0.14102788,0.022953773,0.026445325,0.088450745,0.06916097,True,2.3601,2.3601
250,CC(C1)CCC2=CC(=CC=C2O1)C3=CC=C(C=N3)C(=O)N4CCC(N)CC4,CC1CCc2cc(-c3ccc(C(=O)N4CCC(N)CC4)cn3)ccc2OC1,-9.8,3.2730000000000006,0.886781223090838,2.843714239857972,365.4770000000002,1,4,2,68.45,4,27,0.14494203,0.0639975,True,0.6421104295281715,docking_results_3_10.csv,0.04055091,0.017782582,0.14494203,0.058129862,0.107667774,0.02537988,0.021624874,0.14362678,0.031403825,0.03518835,0.08837861,0.053294457,True,3.2730000000000006,3.273000000000001
225,CS(=O)(=O)C1=CC=C(C=C1)C2=CC=C3C=CC4=C(CCNC4=O)C3=C2,CS(=O)(=O)c1ccc(-c2ccc3ccc4c(c3c2)CCNC4=O)cc1,-9.8,3.196200000000001,0.771110280965024,2.2463474441939777,351.42700000000013,1,3,2,63.24,4,25,0.14789882,0.06738631,True,0.6663214773969793,docking_results_3_20.csv,0.051226594,0.024182966,0.10815376,0.046912212,0.14789882,0.03241411,0.022987125,0.14041263,0.02161444,0.026166923,0.14096326,0.045702834,True,3.196200000000001,3.196200000000001
112,O=C(C1=CC=CC(=C1)C2=CC=CC(=C2)C#N)N3CCC=4CNCCC=4C3,N#Cc1cccc(-c2cccc(C(=O)N3CCC4=C(CCNC4)C3)c2)c1,-9.8,3.361080000000001,0.850855263148797,2.6398092465486815,343.4300000000002,1,3,2,56.13,4,26,0.1503789,0.05812091,True,0.6131449747504706,docking_results_3_23.csv,0.052716963,0.02875839,0.07546114,0.039095346,0.11458273,0.029197067,0.026836678,0.1503789,0.032099638,0.03345582,0.060427908,0.054440342,True,3.361080000000001,3.361080000000001
251,C[C@@H1](CN1C(=O)C2=CC=CC=C2S1(=O)=O)N3C=C(C=N3)C=C4C=CC5=CC=CC=C5C4,C[C@@H](CN1C(=O)c2ccccc2S1(=O)=O)n1cc(C=C2C=Cc3ccccc3C2)cn1,-9.8,3.9417000000000026,0.6272730738960884,3.684649816872664,431.51700000000017,0,4,4,72.27000000000001,5,31,0.17611276,0.06769866,True,0.4238916319966921,docking_results_3_14.csv,0.04011333,0.023195563,0.06399061,0.06422482,0.09593804,0.031806592,0.032324713,0.17611276,0.01961412,0.044284534,0.16123603,0.059542816,True,3.9417000000000026,3.941700000000002
190,CC(=O)NCC1=CC=C(C=C1)C2CCN(CC2)C(=O)C=CC3=C4C=CC=CC4=NN=C3N,CC(=O)NCc1ccc(C2CCN(C(=O)C=Cc3c(N)nnc4ccccc34)CC2)cc1,-9.8,3.267500000000001,0.6064019483012896,2.57149568888423,429.5240000000001,2,5,5,101.21,4,32,0.17776433,0.06661096,True,0.6438813849481334,docking_results_3_13.csv,0.039450727,0.022521092,0.12476052,0.044223383,0.10458268,0.029313486,0.030267132,0.17776433,0.041058023,0.04544152,0.080154724,0.05979393,True,3.267500000000001,3.267500000000001
170,CNC(=O)[C@H1]1CC2=CC=CC=C2CN1C3=CC=C4C=CC5=C(CCNC5=O)C4=C3,CNC(=O)[C@H]1Cc2ccccc2CN1c1ccc2ccc3c(c2c1)CCNC3=O,-9.8,2.803000000000001,0.7131689147182766,3.081422388044981,385.46700000000016,2,3,2,61.440000000000005,5,29,0.18263607,0.07474483,True,0.7621259352624958,docking_results_3_21.csv,0.05076829,0.023310313,0.18263607,0.058625244,0.11687392,0.02810727,0.025385812,0.16211623,0.035138242,0.033973075,0.11364945,0.066353984,True,2.803000000000001,2.803000000000001
225,CC(C1)C=NN=C(O1)C2=CC=C3C4=C(CCNC4=O)C=CC3=C2,CC1C=NN=C(c2ccc3c4c(ccc3c2)CCNC4=O)OC1,-9.8,2.524400000000001,0.879663557869272,3.6348352663960632,307.353,1,4,1,63.050000000000004,4,23,0.1839389,0.06264416,True,0.7871916168057781,docking_results_3_21.csv,0.04285083,0.018906113,0.1839389,0.040049404,0.08480801,0.018541636,0.018854385,0.15041822,0.028757162,0.0243723,0.07773998,0.062493093,True,2.524400000000001,2.524400000000001
128,O=C([O-1])CC1=CC=C(C=C1)C2=CC=C3C=CC4=C(CCNC4=O)C3=C2,O=C([O-])Cc1ccc(-c2ccc3ccc4c(c3c2)CCNC4=O)cc1,-9.8,2.0850999999999997,0.7993033850437157,2.5970012361766415,330.36300000000006,1,3,3,69.22999999999999,4,25,0.20348194,0.09106927,True,0.7409774198658423,docking_results_3_29.csv,0.06885753,0.040942743,0.17414254,0.053523123,0.16437212,0.045815155,0.033368517,0.20348194,0.042433754,0.04102439,0.14799796,0.07687149,True,2.0850999999999997,2.0851
158,C[C@H1]1CC2=CC=CC=C2CN1C3=CC=C4C=CC5=C(CCNC5=O)C4=N3,C[C@H]1Cc2ccccc2CN1c1ccc2ccc3c(c2n1)CCNC3=O,-9.8,3.4719000000000015,0.7357749257678396,3.0984973377109553,343.4300000000001,1,3,1,45.230000000000004,5,26,0.24261451,0.0840457,True,0.5756548475470177,docking_results_3_26.csv,0.03920202,0.018230997,0.24261451,0.08299315,0.09803814,0.025812129,0.026060438,0.17595987,0.03424823,0.040357366,0.1504768,0.07455473,True,3.4719000000000015,3.471900000000001
162,CC(C)S(=O)(=O)C1=CC=C(C=C1)C2=CC=C3C=CC4=C(CCNC4=O)C3=C2,CC(C)S(=O)(=O)c1ccc(-c2ccc3ccc4c(c3c2)CCNC4=O)cc1,-9.8,3.9748000000000028,0.7487689860740264,2.3743298079918667,379.4810000000002,1,3,3,63.24,4,27,0.24628612,0.09578976,True,0.4145176239287891,docking_results_3_17.csv,0.045383334,0.02520438,0.14200285,0.08180495,0.18991078,0.051452745,0.031277195,0.19356899,0.03247712,0.0451478,0.24628612,0.06496085,True,3.9748000000000028,3.9748000000000023
133,CC1CCCC(=O)N1C2=CC=C3C=CC4=C(CCNC4=O)C3=C2,CC1CCCC(=O)N1c1ccc2ccc3c(c2c1)CCNC3=O,-9.8,3.0311000000000012,0.8800923551100228,3.002056829907179,308.3810000000001,1,2,1,49.410000000000004,4,23,0.24731243,0.10486511,True,0.7133810754212531,docking_results_3_26.csv,0.04737025,0.028378008,0.22842604,0.09452104,0.10988603,0.03738458,0.03547141,0.24731243,0.047853947,0.05564203,0.20568003,0.120455585,True,3.0311000000000012,3.031100000000001
18,C=1C2=CC=C(C=C2C=1C3=CC=CC=C3)C(=O)N4CCC(CC4)CC5NCCNC5,O=C(c1ccc2c(c1)C(c1ccccc1)=C2)N1CCC(CC2CNCCN2)CC1,-9.8,3.3926000000000016,0.7212635179376711,3.1486452732992607,387.5270000000002,2,3,4,44.370000000000005,5,29,0.24846023,0.09202254,True,0.6025632147158603,docking_results_3_24.csv,0.044225857,0.02813238,0.09573395,0.08771108,0.13721639,0.04499387,0.034664832,0.24846023,0.041262534,0.05770705,0.17962265,0.10453959,True,3.3926000000000016,3.3926000000000016
13,C[NH1+1](C1)[C@@H1]CN(C1)C2=CC=C(C=N2)C3=CC=C4C=CC5=C(CCNC5=O)C4=C3,C[NH+]1[CH]CN(c2ccc(-c3ccc4ccc5c(c4c3)CCNC5=O)cn2)CC1,-9.8,1.6841900000000007,0.7197637866387963,3.8473440114544415,372.4720000000002,2,3,2,49.67,5,28,0.25535378,0.09547005,True,0.6281622904581613,docking_results_3_25.csv,0.04848462,0.026208151,0.25535378,0.08209515,0.11032673,0.030148873,0.02732498,0.22387001,0.0494084,0.04031746,0.14057212,0.111530386,True,1.6841900000000007,1.6841900000000007
52,C12CCN(CCC1C(=O)N2)C3=CC=C4C=CC5=C(CCNC5=O)C4=C3,O=C1NCCc2c1ccc1ccc(N3CCC4NC(=O)C4CC3)cc21,-9.8,1.8404999999999998,0.7819666832777167,3.4324857237442252,335.4070000000001,2,3,1,61.440000000000005,5,25,0.26227975,0.10132757,True,0.6774389881924777,docking_results_3_15.csv,0.058454107,0.037620123,0.18745095,0.08479933,0.10522195,0.03702982,0.03939129,0.26227975,0.057094574,0.05339588,0.14615408,0.14703909,True,1.8404999999999998,1.8405
7,O=C(C[NH1+1]1C(=O)NC2=CC=CC=C21)C3=CC=C4C=CC5=C(CCNC5=O)C4=C3,O=C(C[NH+]1C(=O)Nc2ccccc21)c1ccc2ccc3c(c2c1)CCNC3=O,-9.8,2.0704999999999996,0.6160414693511648,3.90583027370168,372.4040000000002,3,3,3,79.71000000000001,5,28,0.2642087,0.11119982,True,0.7378064081077655,docking_results_3_24.csv,0.057295658,0.03703191,0.24913166,0.07518245,0.13387586,0.042272985,0.038420513,0.2642087,0.05733405,0.05007845,0.20378953,0.12577601,True,2.0704999999999996,2.0705
169,NC(=O)COC1=CC=C(C=C1)C2=CC=C3C=CC4=C(CCNC4=O)C3=C2,NC(=O)COc1ccc(-c2ccc3ccc4c(c3c2)CCNC4=O)cc1,-9.8,2.6568000000000005,0.7619160823819597,2.258239951002121,346.38600000000014,2,3,4,81.42000000000002,4,26,0.26859897,0.10519144,True,0.7804876864596574,docking_results_3_22.csv,0.089166984,0.053826194,0.26859897,0.053245664,0.1773853,0.049535755,0.035027597,0.21764478,0.062130783,0.042015098,0.11972558,0.093994506,True,2.6568000000000005,2.6568000000000005
146,OCC1=CC=CC(=C1)C2=CC=C3C4=C(CCNC4=O)C=CC3=C2,O=C1NCCc2ccc3cc(-c4cccc(CO)c4)ccc3c21,-9.8,3.285000000000001,0.7630319256215777,2.2797078556374384,303.361,2,2,2,49.33,4,23,0.28580424,0.114693016,True,0.6382290743788553,docking_results_3_16.csv,0.052873414,0.029636208,0.28580424,0.09099119,0.17389242,0.04902782,0.033377744,0.2256118,0.046312526,0.049428385,0.24786283,0.091497615,True,3.285000000000001,3.285000000000001
91,C[C@H1]([NH3+1])C1=CC=C(C=C1)C2=CC=C3C=CC4=C(CCNC4=O)C3=C2,C[C@H]([NH3+])c1ccc(-c2ccc3ccc4c(c3c2)CCNC4=O)cc1,-9.8,3.095600000000001,0.7495519082453803,3.1476462428023533,317.412,2,1,2,56.74,4,24,0.2903058,0.11241439,True,0.6959523240626393,docking_results_3_25.csv,0.04496531,0.022816017,0.25927037,0.10006084,0.18236141,0.048497766,0.029695718,0.20838122,0.038061664,0.047536008,0.2903058,0.07702049,True,3.095600000000001,3.095600000000001
239,C[C@H1]1CN(CCN1C2=CC=C(C=N2)C#N)C3=CC=C4C=CC5=C(CCNC5=O)C4=C3,C[C@H]1CN(c2ccc3ccc4c(c3c2)CCNC4=O)CCN1c1ccc(C#N)cn1,-9.8,3.1074800000000016,0.7194183400156531,3.1742938145328807,397.4820000000002,1,5,2,72.25999999999999,5,30,0.29427513,0.11443994,True,0.6925984699393793,docking_results_3_28.csv,0.056315724,0.036084175,0.29427513,0.10289243,0.10751357,0.038086087,0.04127543,0.25954896,0.070479944,0.058663182,0.15923688,0.1489078,True,3.1074800000000016,3.1074800000000016
93,CC1=C(C=CC=C1C2=CC3=CC=C(O)C=C3O2)C(=O)NCCC=4NCC(=O)N(C)CC=4,Cc1c(C(=O)NCCC2=CCN(C)C(=O)CN2)cccc1-c1cc2ccc(O)cc2o1,-9.8,3.179220000000001,0.590512264815924,3.0161096476583413,419.4810000000002,3,5,5,94.80999999999999,4,31,0.2988224,0.12320942,True,0.6715056075173615,docking_results_3_20.csv,0.057788372,0.041869693,0.2877658,0.074040666,0.14616162,0.052399524,0.045756117,0.2988224,0.08343653,0.06867256,0.1801398,0.14166012,True,3.179220000000001,3.179220000000001
101,CC(=O)CC1=CC=C(C=C1)C2=CC=C3C=CC4=C(CCNC4=O)C3=C2,CC(=O)Cc1ccc(-c2ccc3ccc4c(c3c2)CCNC4=O)cc1,-9.8,3.9242000000000026,0.7913586588224989,2.2812993130997192,329.39900000000006,1,2,3,46.17,4,25,0.29898596,0.13787693,True,0.4289432470589437,docking_results_3_27.csv,0.0631846,0.04208545,0.2817935,0.110005416,0.21953946,0.07364179,0.04597654,0.27191982,0.064546965,0.07001328,0.29898596,0.11283041,True,3.9242000000000026,3.9242000000000026
71,C1[C@H1][C@H1](C(=O)O)C1OC2=CC=C(C=C2)C3=CC=C4C=CC5=C(CCNC5=O)C4=C3,O=C1NCCc2c1ccc1ccc(-c3ccc(OC4C[CH][C@@H]4C(=O)O)cc3)cc21,-9.8,3.8488900000000026,0.7142054877193612,3.55323940607812,386.4270000000002,2,3,4,75.63,5,29,0.29918995,0.13600829,True,0.4513951770867503,docking_results_3_14.csv,0.09676508,0.06942686,0.20659992,0.09172148,0.21410972,0.07695295,0.047818862,0.29918995,0.06999631,0.059528023,0.2473294,0.152661,True,3.8488900000000026,3.8488900000000026
208,C[C@H1](O)CC1=CC=C(C=C1)C2=CC=C3C=CC4=C(CCNC4=O)C3=C2,C[C@H](O)Cc1ccc(-c2ccc3ccc4c(c3c2)CCNC4=O)cc1,-9.8,3.716000000000002,0.7684129719702644,2.7373062301729245,331.4150000000001,2,2,3,49.33,4,25,0.31496638,0.1250369,True,0.4934686212795129,docking_results_3_24.csv,0.05578107,0.033106532,0.23624665,0.112924255,0.19913419,0.06283506,0.03750314,0.24297205,0.045286126,0.05854235,0.31496638,0.10114509,True,3.716000000000002,3.716000000000002
7,COC1C=NOC(C1)=CC=CC2=CC=C3C=CC4=C(CCNC4=O)C3=C2,COC1C=NOC(=CC=Cc2ccc3ccc4c(c3c2)CCNC4=O)C1,-9.8,3.443900000000002,0.9242077016337632,3.969580738520671,348.40200000000016,1,4,3,59.92,4,26,0.32853413,0.119733095,True,0.5851881881209253,docking_results_3_28.csv,0.049725875,0.04007944,0.22598748,0.082579985,0.11018487,0.04685676,0.0485828,0.32853413,0.06929029,0.07959349,0.19940895,0.1559729,True,3.443900000000002,3.443900000000002
89,CC1=CC=C(C=C1C2=CC=C3C4=C(CCNC4=O)C=CC3=N2)C(=O)NCCNC,CNCCNC(=O)c1ccc(C)c(-c2ccc3c4c(ccc3n2)CCNC4=O)c1,-9.8,2.4453199999999997,0.5865172957143697,2.5250474979809105,388.4710000000001,3,4,5,83.12,4,29,0.33057547,0.09319326,True,0.7865188755507608,docking_results_3_27.csv,0.038641572,0.019754693,0.33057547,0.06523963,0.098875076,0.025933016,0.02539982,0.20269954,0.04785636,0.040935386,0.13363977,0.08876875,True,2.4453199999999997,2.44532
200,COCCNC(=O)C1=CC=C(C=C1)C2=CC=C3C=CC4=C(CCNC4=O)C3=C2,COCCNC(=O)c1ccc(-c2ccc3ccc4c(c3c2)CCNC4=O)cc1,-9.8,3.1689000000000016,0.6743240301567061,2.246973356628475,374.44000000000017,2,3,5,67.43,4,28,0.33342656,0.12921168,True,0.6746227436393651,docking_results_3_18.csv,0.06047975,0.037986845,0.33342656,0.08998548,0.18313222,0.056528844,0.04074396,0.2637681,0.07305407,0.059503403,0.2329143,0.11901645,True,3.1689000000000016,3.1689000000000016
89,COC1=CC=C(C=C1C2=CC=C(C=N2)C(=O)N3CCCNC(=O)C3)C4=CC=C5C=CC=CC5=N4,COc1ccc(-c2ccc3ccccc3n2)cc1-c1ccc(C(=O)N2CCCNC(=O)C2)cn1,-9.8,3.9345000000000026,0.5071737038979434,2.4149517217936456,452.5140000000002,1,5,4,84.42,5,34,0.3399612,0.108147055,True,0.4259621375504285,docking_results_3_11.csv,0.060199615,0.03475655,0.3399612,0.07097499,0.14502116,0.0395492,0.03738711,0.21856642,0.07551146,0.04827217,0.1214858,0.10607894,True,3.9345000000000026,3.9345000000000026
220,C[C@@H1](O)CC1=CC=C(C=C1)C2=CC=C3C=CC4=C(CCNC4=O)C3=C2,C[C@@H](O)Cc1ccc(-c2ccc3ccc4c(c3c2)CCNC4=O)cc1,-9.8,3.716000000000002,0.7684129719702644,2.7373062301729245,331.4150000000001,2,2,3,49.33,4,25,0.34138986,0.13088308,True,0.4934686212795129,docking_results_3_17.csv,0.052069154,0.031178074,0.2535919,0.11935994,0.20542817,0.06464564,0.038253244,0.25110042,0.047941428,0.061378848,0.34138986,0.104260296,True,3.716000000000002,3.716000000000002
147,C1C(=O)NC=CC=CC1CNC(=O)C2=CC=C3C=C4N(C)C=CC4=CC3=C2C,Cc1c(C(=O)NCC2C=CC=CNC(=O)C2)ccc2cc3c(ccn3C)cc12,-9.8,3.5757200000000022,0.7371379756074672,3.5190948463512512,373.4560000000001,2,2,3,63.13,4,28,0.34320527,0.14052169,True,0.5402914854250792,docking_results_3_1.csv,0.043156665,0.03464082,0.321093,0.102610886,0.13074999,0.05427404,0.057422098,0.34320527,0.09310971,0.098606385,0.24636222,0.1610293,True,3.5757200000000022,3.5757200000000022
55,NC(=O)CNC1=CC=C(C=C1)C2=CC=C3C=CC4=C(CCNC4=O)C3=C2,NC(=O)CNc1ccc(-c2ccc3ccc4c(c3c2)CCNC4=O)cc1,-9.8,2.6899000000000006,0.6796209910416958,2.3422768740790456,345.4020000000001,3,3,4,84.22,4,26,0.3499562,0.12464885,True,0.7773092583003631,docking_results_3_20.csv,0.07806272,0.05032399,0.3499562,0.06431033,0.18711999,0.054685865,0.03933106,0.26001307,0.08225232,0.05050261,0.15878955,0.12043829,True,2.6899000000000006,2.6899000000000006
129,CC1=NC(N2CCCC2)=CC(=N1)C3=CC=C4C=CC5=C(CCNC5=O)C4=C3,Cc1nc(-c2ccc3ccc4c(c3c2)CCNC4=O)cc(N2CCCC2)n1,-9.8,3.4913200000000018,0.7617967873737982,2.5288743552167947,358.44500000000016,1,4,2,58.120000000000005,5,27,0.3639071,0.113514446,True,0.5690329102636996,docking_results_3_28.csv,0.048341114,0.029559398,0.3639071,0.09840218,0.09424256,0.030241337,0.03453086,0.25523025,0.06504762,0.051417418,0.14861803,0.14263545,True,3.4913200000000018,3.4913200000000018
249,CCS(=O)(=O)C1=CC=C(C=C1)C=C2C=C3C=CC4=C(CCNC4=O)C3=C=C2,CCS(=O)(=O)c1ccc(C=C2C=C=c3c4c(ccc3=C2)C(=O)NCC4)cc1,-9.8,1.5794000000000001,0.8834253259188529,3.4820198679319283,377.4650000000002,1,3,3,63.24,4,27,0.37384948,0.13197364,True,0.5930984640715858,docking_results_3_21.csv,0.07453365,0.07496184,0.085892156,0.088291034,0.17629005,0.09324856,0.047232665,0.37384948,0.040652163,0.087483145,0.309034,0.13221501,True,1.5794000000000001,1.5794
49,C[NH1+1](CC1=NN=C2C=CC=CC2=C1)C3=CC=C4C=CC5=C(CCNC5=O)C4=C3,C[NH+](Cc1cc2ccccc2nn1)c1ccc2ccc3c(c2c1)CCNC3=O,-9.8,2.4153000000000002,0.5830932383480423,3.867496919521985,369.4480000000002,2,3,3,59.32,5,28,0.37998906,0.11901283,True,0.7853452691906297,docking_results_3_27.csv,0.034260634,0.01941765,0.37998906,0.10932499,0.12713967,0.03584243,0.032357406,0.24323615,0.060586367,0.05566716,0.22471458,0.10561806,True,2.4153000000000002,2.4153
196,COC1=CC=C(C=C1C2=CC=C3C4=C(CCNC4=O)C=CC3=C2C=O)N5CCNCC5,COc1ccc(N2CCNCC2)cc1-c1ccc2c3c(ccc2c1C=O)CCNC3=O,-9.8,3.0234000000000005,0.6413148944600665,2.8136283189870124,415.4930000000002,2,5,4,70.67,5,31,0.38265127,0.14393708,True,0.7153680112424838,docking_results_3_24.csv,0.054004177,0.038721878,0.38265127,0.11330004,0.12594609,0.045571458,0.04188421,0.33598575,0.08427386,0.064574175,0.24316224,0.19716986,True,3.0234000000000005,3.0234000000000005
137,CCC1=CC=C(C=N1)C2=CC=C3C=CC4=C(CCNC4=O)C3=C2,CCc1ccc(-c2ccc3ccc4c(c3c2)CCNC4=O)cn1,-9.8,3.7501000000000024,0.7830876079481367,2.405160209253973,302.37700000000007,1,2,2,41.99,4,23,0.38422647,0.10994438,True,0.482412689236414,docking_results_3_29.csv,0.048720963,0.024111312,0.38422647,0.08702336,0.14222,0.036040757,0.027865011,0.2009561,0.049045954,0.043425977,0.190611,0.08508569,True,3.7501000000000024,3.7501000000000015
90,CC(=O)C1=CC=C(C=N1)C2=CC=C3C=CC4=C(CCNC4=O)C3=C2,CC(=O)c1ccc(-c2ccc3ccc4c(c3c2)CCNC4=O)cn1,-9.8,3.3903000000000016,0.737285172689998,2.436141165194032,316.36,1,3,2,59.06,4,24,0.3889329,0.12447432,True,0.6033382226262852,docking_results_3_29.csv,0.066490136,0.039583966,0.3889329,0.084045306,0.16418989,0.047183964,0.03536672,0.24219254,0.06858206,0.048112374,0.19302365,0.1159882,True,3.3903000000000016,3.3903000000000016
201,[NH3+1][C@H1]1COC[C@H1]1OC2=CC=C(C=N2)C3=CC=C4C=CC5=C(CCNC5=O)C4=C3,[NH3+][C@H]1COC[C@H]1Oc1ccc(-c2ccc3ccc4c(c3c2)CCNC4=O)cn1,-9.8,1.5757999999999999,0.7264229560267179,3.8805508579518015,376.4360000000002,2,4,3,88.09,5,28,0.38910893,0.15231441,True,0.5918780352438816,docking_results_3_18.csv,0.07496065,0.04924439,0.38910893,0.1386902,0.17137544,0.058778334,0.04669157,0.29656714,0.09192992,0.06334686,0.25612772,0.19095173,True,1.5757999999999999,1.5758
94,CCONC(=O)C1=CC=C(C=C1)C2=CC=C3C=CC4=C(CCNC4=O)C3=C2,CCONC(=O)c1ccc(-c2ccc3ccc4c(c3c2)CCNC4=O)cc1,-9.8,3.474000000000002,0.7002428912038974,2.4076910505954174,360.4130000000002,2,3,4,67.43,4,27,0.39511263,0.13575079,True,0.5749390405239335,docking_results_3_17.csv,0.056285832,0.033442352,0.39511263,0.0950364,0.18585289,0.054551646,0.036625754,0.26254568,0.06630629,0.056529183,0.2727045,0.114016205,True,3.474000000000002,3.474000000000002
109,O=C(CC1=CN=C(N)N=C1N)C2=CC=C3C=CC4=C(CCNC4=O)C3=C2,Nc1ncc(CC(=O)c2ccc3ccc4c(c3c2)CCNC4=O)c(N)n1,-9.8,1.5055,0.6169324724674683,2.720510362644534,347.37800000000016,3,6,3,123.99000000000001,4,26,0.39730036,0.10870107,True,0.5679482283674495,docking_results_3_27.csv,0.057964522,0.035274692,0.39730036,0.058416225,0.11074659,0.03146199,0.030249119,0.23616454,0.07019088,0.039977133,0.11590304,0.12076369,True,1.5055,1.5055
27,N#CCSCCC1=CC=C(C=N1)C2=CC=C3C=CC4=C(CCNC4=O)C3=C2,N#CCSCCc1ccc(-c2ccc3ccc4c(c3c2)CCNC4=O)cn1,-9.8,3.9869800000000026,0.6870037393744465,2.798646507115528,373.4810000000002,1,4,5,65.78,4,27,0.40874538,0.18327092,True,0.4111291734307493,docking_results_3_12.csv,0.067442544,0.059641495,0.40874538,0.16881798,0.17500712,0.08185666,0.073289745,0.37864536,0.12506051,0.115084745,0.31850386,0.22715548,True,3.9869800000000026,3.986980000000002
167,C1C[C@H1](C)[C@@H1]1N2C=C(C=N2)C3=CC=C4C=CC5=C(CCNC5=O)C4=C3,C[C@H]1CC[C@H]1n1cc(-c2ccc3ccc4c(c3c2)CCNC4=O)cn1,-9.8,3.960200000000003,0.7724517481889734,3.4364119618896423,331.41900000000004,1,2,2,46.92,5,25,0.41430634,0.16934825,True,0.4186228177544273,docking_results_3_29.csv,0.05766892,0.039015204,0.41430634,0.1834263,0.16896468,0.06319987,0.04862114,0.3260869,0.08587052,0.07891798,0.36948082,0.19662027,True,3.960200000000003,3.960200000000003
207,CC(=O)OC1=CC=C(C=N1)C2=CC=C3C=CC4=C(CCNC4=O)C3=C2,CC(=O)Oc1ccc(-c2ccc3ccc4c(c3c2)CCNC4=O)cn1,-9.8,3.1130000000000013,0.7322670354741609,2.496114697715104,332.35900000000004,1,4,2,68.28999999999999,4,25,0.41542906,0.14587796,True,0.6910258673625816,docking_results_3_26.csv,0.07933901,0.05385657,0.41542906,0.09687781,0.18806244,0.062884666,0.045328174,0.28679502,0.09230873,0.062162776,0.21941097,0.14808013,True,3.1130000000000013,3.1130000000000013
25,N#CC1=CC=C(C=C1)C2=CC=C3C=CC4=C(CCNC4=O)C3=C2,N#Cc1ccc(-c2ccc3ccc4c(c3c2)CCNC4=O)cc1,-9.8,3.664380000000002,0.7450333991012726,2.2646238143056365,298.345,1,2,1,52.89,4,23,0.41613206,0.18578233,True,0.5104824594994343,docking_results_3_12.csv,0.08754446,0.0684869,0.41613206,0.14846712,0.26286379,0.10253509,0.052620154,0.35343373,0.098368935,0.07948627,0.37751895,0.18193063,True,3.664380000000002,3.664380000000002
200,CC1=CN(C)C=C1C2=CC=C3C4=C(CCNC4=O)C=CC3=C2,Cc1cn(C)cc1-c1ccc2c3c(ccc2c1)CCNC3=O,-9.8,3.4396200000000015,0.7316382410426103,2.7385123681757673,290.366,1,1,1,34.03,4,22,0.417959,0.1304546,True,0.5866431030548112,docking_results_3_24.csv,0.03858935,0.021004023,0.417959,0.12253459,0.13056424,0.038294777,0.031233896,0.25513485,0.051351335,0.05710606,0.28976318,0.11191989,True,3.4396200000000015,3.439620000000001
85,C1C[C@H1](COC)N1C2=CC=C(C=N2)C3=CC=C4C=CC5=C(CCNC5=O)C4=C3,COC[C@H]1CCN1c1ccc(-c2ccc3ccc4c(c3c2)CCNC4=O)cn1,-9.8,3.4128000000000016,0.7614627984895377,3.109398045225549,373.4560000000002,1,4,4,54.46,5,28,0.43153363,0.17056577,True,0.5957401850754322,docking_results_3_27.csv,0.06073978,0.04383946,0.43153363,0.1689533,0.16327603,0.062919915,0.052330073,0.34304005,0.10045713,0.08188834,0.32550338,0.21230799,True,3.4128000000000016,3.4128000000000016
187,CC1=CC=CN=C1C2=CC=C3C4=C(CCNC4=O)C=CC3=C2,Cc1cccnc1-c1ccc2c3c(ccc2c1)CCNC3=O,-9.8,3.496120000000002,0.7444129054343842,2.3827372994944476,288.35,1,2,1,41.99,4,22,0.44315898,0.12988402,True,0.5673956385541881,docking_results_3_21.csv,0.04862143,0.026524022,0.44315898,0.11067179,0.15004756,0.041380983,0.033137165,0.24102642,0.061624985,0.053555008,0.23788926,0.11097051,True,3.496120000000002,3.496120000000002
216,CC(C)OC1=CC=C(C=N1)C2=CC=C3C=CC4=C(CCNC4=O)C3=C2,CC(C)Oc1ccc(-c2ccc3ccc4c(c3c2)CCNC4=O)cn1,-9.8,3.9749000000000025,0.7892643634531706,2.459951236176643,332.4030000000001,1,3,3,51.22,4,25,0.44430077,0.14990743,True,0.4144896690422907,docking_results_3_28.csv,0.048193607,0.02859728,0.44430077,0.13050689,0.19008793,0.05744383,0.03662249,0.27490434,0.07199422,0.064374685,0.32726306,0.12460005,True,3.9749000000000025,3.9749000000000025
112,CC1NC(C)=CC(=N1)C2=CC=C3C4=C(CCNC4=O)C=CC3=C2,CC1=CC(c2ccc3c4c(ccc3c2)CCNC4=O)=NC(C)N1,-9.8,2.7678000000000003,0.8509870529581116,3.5667596271099757,305.381,2,3,1,53.49,4,23,0.45094827,0.13850369,True,0.7675495474788118,docking_results_3_17.csv,0.04283235,0.025070678,0.45094827,0.114931405,0.1178647,0.03890486,0.035819143,0.2854289,0.062074576,0.06564077,0.28225836,0.14027031,True,2.7678000000000003,2.7678000000000003
113,CC1(C)C[C@]1(N)C2=CC=C(C=N2)C3=CC=C4C=CC5=C(CCNC5=O)C4=C3,CC1(C)C[C@]1(N)c1ccc(-c2ccc3ccc4c(c3c2)CCNC4=O)cn1,-9.8,3.771600000000003,0.7334699696568381,3.365883486198676,357.45700000000016,2,3,2,68.00999999999999,5,27,0.45111597,0.18171822,True,0.4755273299932699,docking_results_3_29.csv,0.04705889,0.033383448,0.43606687,0.20508814,0.17455004,0.066531435,0.043776084,0.35853803,0.080997504,0.08222337,0.45111597,0.20128892,True,3.771600000000003,3.771600000000003
219,C=1=CCNC(=O)C=1C=CC2=CC=C3C4=C(CCNC4=O)C=CC3=C2,O=C1NCC=C=C1C=Cc1ccc2c3c(ccc2c1)CCNC3=O,-9.8,2.3502,0.8357064643318047,3.5474259908032053,316.36,2,2,2,58.2,4,24,0.4757752,0.16522893,True,0.7810841434962643,docking_results_3_17.csv,0.06850658,0.08015814,0.24016076,0.09841028,0.13073343,0.07906413,0.07005738,0.4757752,0.105794296,0.12290272,0.26405942,0.24712484,True,2.3502,2.3502
54,CC=1[NH1]N(C2=CC=CC=C2)C(=O)C=1C3=CC=C4C=CC5=C(CCNC5=O)C4=C3,Cc1[nH]n(-c2ccccc2)c(=O)c1-c1ccc2ccc3c(c2c1)CCNC3=O,-9.8,3.5801200000000017,0.5671204932175228,2.581973356628474,369.42400000000015,2,2,2,66.89,5,28,0.4843655,0.14439373,True,0.5387994558060909,docking_results_3_18.csv,0.047583174,0.028245216,0.4843655,0.11852583,0.16207348,0.04568095,0.037403002,0.2703001,0.07541292,0.05791419,0.27388737,0.13133311,True,3.5801200000000017,3.5801200000000017
105,CC(=O)NC1=CC=C(C=C1)C2=CC=C3C4=C(CCNC4=O)C=CC3=C2,CC(=O)Nc1ccc(-c2ccc3c4c(ccc3c2)CCNC4=O)cc1,-9.8,3.751100000000002,0.7516539698674997,2.1939608515612576,330.38700000000006,2,2,2,58.2,4,25,0.4904836,0.19234057,True,0.4820909197927807,docking_results_3_8.csv,0.07253838,0.05670062,0.4904836,0.13647898,0.25509408,0.09554772,0.05025644,0.37722442,0.10449745,0.08581942,0.4003045,0.1831413,True,3.751100000000002,3.751100000000002
253,CC=C1C=CC(C=C1C2=CC=C3C4=C(CCNC4=O)C=CC3=C2N)C(=O)NC,CC=C1C=CC(C(=O)NC)C=C1c1ccc2c3c(ccc2c1N)CCNC3=O,-9.8,2.9696000000000007,0.7078057576331274,3.96419221246615,373.4560000000001,3,3,2,84.22,4,28,0.4980293,0.18573995,True,0.7286441755691621,docking_results_3_25.csv,0.040047262,0.04215416,0.38841975,0.12813221,0.12169048,0.06405612,0.054676354,0.4980293,0.09753068,0.12243435,0.4064699,0.2652388,True,2.9696000000000007,2.9696000000000007
227,O=C(CCC1=CC=CC=C1)C2=CC=CC3=CC=CC(=C23)C(=O)N4CCNCCNCCC4,O=C(CCc1ccccc1)c1cccc2cccc(C(=O)N3CCCNCCNCC3)c12,-9.7,3.6804000000000014,0.6076720109230921,2.8243238967850175,429.56400000000036,2,4,5,61.440000000000005,4,32,0.087276705,0.03403083,True,0.4817489609567881,docking_results_3_12.csv,0.030925723,0.011656509,0.04927008,0.023739383,0.08566816,0.014317016,0.013545362,0.087276705,0.012811544,0.018946087,0.03787985,0.022333529,True,3.6804000000000014,3.6804000000000014
232,NS(=O)(=O)C1=CC=C(C=C1)C2=CC=C3C4=C(CCNC4=O)C=CC3=C2,NS(=O)(=O)c1ccc(-c2ccc3c4c(ccc3c2)CCNC4=O)cc1,-9.7,2.440100000000001,0.7422331981155984,2.295107357520088,352.4150000000001,2,3,2,89.25999999999999,4,25,0.09573356,0.03952114,True,0.7498937594599768,docking_results_3_15.csv,0.043797057,0.015646564,0.07516354,0.022796554,0.09573356,0.015089584,0.012436575,0.08493359,0.011515138,0.012649331,0.05913163,0.02536056,True,2.440100000000001,2.440100000000001
44,O=C(CN1CCC(=CC1)C2=CC=CC=C2)N3CCN(CC3)C(=O)C4=CC=C5C=CC=CC5=N4,O=C(CN1CC=C(c2ccccc2)CC1)N1CCN(C(=O)c2ccc3ccccc3n2)CC1,-9.7,3.308500000000002,0.6247217585725465,2.319290054121355,440.54700000000025,0,4,4,56.75000000000001,5,33,0.11259138,0.03650286,True,0.6013286733458143,docking_results_3_5.csv,0.0369421,0.017883219,0.043609846,0.021332825,0.075245105,0.015080338,0.017245647,0.11259138,0.019358864,0.021796344,0.023336153,0.033612516,True,3.308500000000002,3.308500000000002
206,CC1=NN(C)C2=C1C=CC3=CC=C(C=C23)C(=O)N4CCCCNCC4,Cc1nn(C)c2c1ccc1ccc(C(=O)N3CCCCNCC3)cc12,-9.7,2.86052,0.7433154358923179,2.37484354386895,336.43900000000014,1,3,1,50.160000000000004,4,25,0.12505934,0.04280353,True,0.7171091360444624,docking_results_3_23.csv,0.031506326,0.012898805,0.12505934,0.033126157,0.055617496,0.010832674,0.012435643,0.11560391,0.019843323,0.018786663,0.03376498,0.044167064,True,2.86052,2.86052
47,CC1=CC=CC2=CC=C(C=C12)C(=O)NC(=O)C3CCCC(=O)NC3,Cc1cccc2ccc(C(=O)NC(=O)C3CCCC(=O)NC3)cc12,-9.7,2.32092,0.8325768720019437,2.714025693913902,324.38000000000005,2,3,2,75.27,3,24,0.13259223,0.050742492,True,,docking_results_3_0_add_B.csv,0.03939247,0.019367328,0.07940197,0.027897678,0.104781106,0.02445246,0.023808952,0.13259223,0.02637644,0.031790346,0.06037345,0.038675506,True,2.32092,
31,C1OC(=O)[C@H1]CC2=C([NH1]C3=CC=CC=C23)[C@@H1]1CCC(=O)N4CCCCC4C,CC1CCCCN1C(=O)CC[C@@H]1COC(=O)[CH]Cc2c1[nH]c1ccccc21,-9.7,3.736290000000003,0.8408983021752049,3.7170962198522295,367.4690000000002,1,3,3,62.400000000000006,4,27,0.14015715,0.054848496,True,0.4642983788334734,docking_results_3_16.csv,0.045012858,0.022083478,0.06693169,0.049959768,0.09628091,0.025547521,0.025615567,0.14015715,0.02416814,0.036816675,0.073443584,0.052164607,True,3.736290000000003,3.736290000000003
253,CC[C@H1]1CN(CC12CNC2)CC3=CC=C4C=CC5=C(CCNC5=O)C4=C3,CC[C@H]1CN(Cc2ccc3ccc4c(c3c2)CCNC4=O)CC12CNC2,-9.7,2.5571,0.8951006227335825,3.89163009284084,349.4780000000001,2,3,3,44.37,5,26,0.14417127,0.04360911,True,0.7499814592230681,docking_results_3_18.csv,0.038669538,0.019179048,0.042468682,0.03873528,0.06809376,0.01582939,0.015469472,0.14417127,0.01663223,0.021270985,0.0444517,0.058337923,True,2.5571,2.5571
215,CC(C)NS(=O)(=O)C1=CC=C(C=N1)C2=CC=C3C=CC4=C(CCNC4=O)C3=C2,CC(C)NS(=O)(=O)c1ccc(-c2ccc3ccc4c(c3c2)CCNC4=O)cn1,-9.7,2.8744000000000005,0.7110050779259686,2.6227510694922636,395.4840000000002,2,4,4,88.16,4,28,0.1449429,0.06496716,True,0.7145523350844365,docking_results_3_26.csv,0.04494294,0.018423293,0.1449429,0.0529027,0.12272102,0.02540749,0.018720191,0.13657962,0.024177806,0.025571521,0.115770265,0.049446244,True,2.8744000000000005,2.8744000000000005
86,CCC(CC)C(=O)N1CCCN1C(=O)C2=CC=C3C=CC4=C(CCNC4=O)C3=C2,CCC(CC)C(=O)N1CCCN1C(=O)c1ccc2ccc3c(c2c1)CCNC3=O,-9.7,3.1514000000000015,0.8675424766767651,2.8769122010709456,393.4870000000002,1,3,4,69.72,4,29,0.14724296,0.049872328,True,0.6483282105878152,docking_results_3_19.csv,0.030688465,0.01485027,0.08844046,0.03883001,0.06450372,0.01717324,0.019011682,0.14724296,0.018617336,0.029510107,0.07938925,0.050210427,True,3.1514000000000015,3.151400000000001
95,CC[C@H1](C)C(=O)N1CCC(C1)C2=CC=C3C4=C(CCNC4=O)C=CC3=C2,CC[C@H](C)C(=O)N1CCC(c2ccc3c4c(ccc3c2)CCNC4=O)C1,-9.7,3.487700000000002,0.9211446067569697,3.2981882330048142,350.46200000000005,1,2,3,49.410000000000004,4,26,0.15101334,0.05721155,True,0.5438285619426619,docking_results_3_17.csv,0.042783465,0.02081819,0.06793101,0.053273514,0.09025703,0.025626313,0.024385054,0.15101334,0.02048004,0.035433188,0.09971414,0.054823324,True,3.487700000000002,3.487700000000002
29,C[C@H1]([NH2+1]CC(=O)NC1=CC=CC=C1)C2=CC=C3C=CC4=C(CCNC4=O)C3=C2,C[C@H]([NH2+]CC(=O)Nc1ccccc1)c1ccc2ccc3c(c2c1)CCNC3=O,-9.7,2.3888,0.6414673227869587,3.445148222419629,374.4640000000002,3,2,5,74.81,4,28,0.15558949,0.06650079,True,0.7475493488200539,docking_results_3_16.csv,0.036940064,0.016363498,0.15558949,0.050411124,0.117706485,0.027391026,0.025572652,0.14205998,0.02809407,0.037980888,0.11586713,0.044033043,True,2.3888,2.3888
11,O=C(N1CC2=CC=CC=C2OC1=O)C3=CC=C4C=CC=CC4=C3,O=C1Oc2ccccc2CN1C(=O)c1ccc2ccccc2c1,-9.7,3.994600000000003,0.6824969076046935,2.1571094629853143,303.317,0,3,1,46.61,4,23,0.15561737,0.062983416,True,0.3900628031672511,docking_results_3_10.csv,0.04617454,0.018980931,0.15561737,0.036079366,0.1534111,0.028203,0.023811113,0.11278169,0.028463176,0.02647958,0.09311871,0.0326804,True,3.994600000000003,3.994600000000003
131,C1CCN2C=NN=C2[C@H1]1C3=CC=C4C5=C(CCNC5=O)C=CC4=C3,O=C1NCCc2ccc3cc([C@H]4CCCn5cnnc54)ccc3c21,-9.7,2.6429,0.7501866858061521,3.35917791174578,318.38,1,3,1,59.81,5,24,0.16471227,0.06605408,True,0.7454069386231547,docking_results_3_18.csv,0.048521817,0.023205915,0.16471227,0.064045504,0.07006258,0.018712992,0.021806428,0.16234279,0.027634256,0.0284039,0.08293661,0.08026401,True,2.6429,2.6429
53,C1CNC(C)C(=N1)C2=CC=C3C=CC4=C(CCNC4=O)C3=C2,CC1NCCN=C1c1ccc2ccc3c(c2c1)CCNC3=O,-9.7,1.9065,0.8436290550675701,3.399841572336885,293.37,2,3,1,53.49,4,22,0.16899574,0.054509904,True,0.664247373632351,docking_results_3_24.csv,0.04507281,0.017559912,0.16899574,0.03953046,0.07250507,0.015026135,0.015315785,0.12691763,0.022314355,0.021800768,0.056496155,0.05258407,True,1.9065,1.9065
145,C[C@@H1](N1C=C2C=CC=CC2=CCCCNC1=N)C3=CC=CC4=CC=CC=C34,C[C@H](c1cccc2ccccc12)N1C=c2ccccc2=CCCCNC1=N,-9.7,3.739670000000002,0.7349981635298859,3.9481952000740126,355.485,2,1,2,39.120000000000005,4,27,0.17101406,0.074163854,True,0.463255438549465,docking_results_3_14.csv,0.031237474,0.012819271,0.17101406,0.06680824,0.14106564,0.031203158,0.025090575,0.14039122,0.0250864,0.04281688,0.16393854,0.038494818,True,3.739670000000002,3.739670000000002
185,C1OCCNC2=CC(C)=CC=C2C=CC=C3C4=C(CCNC4=O)C=CC3=C1,Cc1ccc2c(c1)NCCOCC=c1ccc3c(c1=CC=C2)C(=O)NCC3,-9.7,1.99742,0.7555620514260799,3.8140370171780225,360.45700000000005,2,3,0,50.36,4,27,0.17209177,0.060944244,True,0.6872234691266575,docking_results_3_18.csv,0.03419837,0.014870745,0.17209177,0.047033854,0.06980986,0.01771189,0.020055449,0.15273932,0.023407815,0.032833323,0.09304002,0.053538498,True,1.99742,1.99742
128,C1CN(C2C1CCN(C)C2)C3=CC=C4C=CC5=C(CCNC5=O)C4=C3,CN1CCC2CCN(c3ccc4ccc5c(c4c3)CCNC5=O)C2C1,-9.7,2.6561000000000003,0.8702135302036733,3.4077864613627717,335.4510000000001,1,3,1,35.58,5,25,0.17620271,0.06307537,True,0.7443603391294655,docking_results_3_26.csv,0.033805553,0.01614538,0.12662226,0.06580286,0.0703178,0.018417452,0.018256184,0.17620271,0.024996132,0.03055643,0.09769803,0.07808367,True,2.6561000000000003,2.6561000000000003
67,CC(C1)C=NN=C(O1)C2=CC=C3C=CC4=C(CCNC4=O)C3=C2,CC1C=NN=C(c2ccc3ccc4c(c3c2)CCNC4=O)OC1,-9.7,2.5244,0.879663557869272,3.6062439919988183,307.35300000000007,1,4,1,63.050000000000004,4,23,0.17863877,0.062989086,True,0.750695437244501,docking_results_3_24.csv,0.044320073,0.02000381,0.17863877,0.03993568,0.08709244,0.019301707,0.01948911,0.15208906,0.029707206,0.024718782,0.07691031,0.06366208,True,2.5244,2.5244
94,O=C([O-1])C1=CC=C(C=C1)C2=CC=C3C=CC4=C(CCNC4=O)C3=C2,O=C([O-])c1ccc(-c2ccc3ccc4c(c3c2)CCNC4=O)cc1,-9.7,2.1562,0.7874495292003744,2.573629459508412,316.336,1,3,2,69.22999999999999,4,24,0.18057919,0.07909049,True,0.7200771090910224,docking_results_3_22.csv,0.06347787,0.03274391,0.18057919,0.041388653,0.15676554,0.03612634,0.022757262,0.1680974,0.031378377,0.02726785,0.13109393,0.05740957,True,2.1562,2.1562
189,O=C([O-1])C1=CC=C(C=C1)C2=CC=C3C4=C(CCNC4=O)C=CC3=C2,O=C([O-])c1ccc(-c2ccc3c4c(ccc3c2)CCNC4=O)cc1,-9.7,2.1562,0.7874495292003744,2.601392001314432,316.336,1,3,2,69.22999999999999,4,24,0.18598764,0.0782979,True,0.7200771090910224,docking_results_3_17.csv,0.060382657,0.030534707,0.18598764,0.041495346,0.15195283,0.034502644,0.02215856,0.16615629,0.030361323,0.027026355,0.13257428,0.05644218,True,2.1562,2.1562
233,O=C(NCC1=CC=CC=C1)C2=CC=C3C=CC4=C(CCNC4=O)C3=C2,O=C(NCc1ccccc1)c1ccc2ccc3c(c2c1)CCNC3=O,-9.7,3.0557000000000016,0.7753238897463723,2.0810451244801182,330.38700000000006,2,2,3,58.2,4,25,0.18765192,0.070919864,True,0.6741220305925774,docking_results_3_21.csv,0.043386247,0.019002434,0.18765192,0.04434783,0.13907805,0.029422008,0.023108862,0.13968846,0.02898211,0.031108642,0.12279814,0.042463657,True,3.0557000000000016,3.0557000000000016
45,CC(=O)N1CCN(CC1)C2=CC=C3C4=C(CCNC4=O)C=CC3=C2,CC(=O)N1CCN(c2ccc3c4c(ccc3c2)CCNC4=O)CC1,-9.7,1.7941999999999996,0.8704835746579332,2.374949191949886,323.3960000000001,1,3,1,52.650000000000006,4,24,0.19686028,0.06795974,True,0.6326061676011872,docking_results_3_22.csv,0.04927504,0.028696723,0.13486178,0.044013016,0.08389836,0.023613604,0.025797857,0.19686028,0.039717868,0.034478478,0.06589604,0.08840781,True,1.7941999999999996,1.7941999999999996
207,O=C([O-1])CC1=CC=C(C=C1)C2=CC=C3C4=C(CCNC4=O)C=CC3=C2,O=C([O-])Cc1ccc(-c2ccc3c4c(ccc3c2)CCNC4=O)cc1,-9.7,2.0850999999999997,0.7993033850437157,2.623607005407413,330.36300000000006,1,3,3,69.22999999999999,4,25,0.20132072,0.09009235,True,0.7066238464931882,docking_results_3_15.csv,0.06564897,0.038308356,0.17918779,0.05365391,0.15956767,0.043855663,0.032534264,0.20132072,0.04112716,0.040680435,0.14957048,0.07565288,True,2.0850999999999997,2.0851
93,CCS(=O)(=O)C1=CC=C(C=C1)C2=CC=C3C=CC4=C(CCNC4=O)C3=C2,CCS(=O)(=O)c1ccc(-c2ccc3ccc4c(c3c2)CCNC4=O)cc1,-9.7,3.5863000000000023,0.7714851219510948,2.321711194245365,365.4540000000002,1,3,3,63.24,4,26,0.20285776,0.093897045,True,0.5118225374440287,docking_results_3_14.csv,0.05805485,0.033275023,0.15264739,0.070860356,0.18243667,0.05012847,0.03336778,0.19360773,0.036420844,0.04203149,0.20285776,0.071076155,True,3.5863000000000023,3.5863000000000023
46,N1C(=O)[C@@H1]CC2=C([NH1]C3=CC=CC=C23)[C@@H1](NC(=O)C4=CC=C(F)C=C4)C1,O=C1[CH]Cc2c([nH]c3ccccc23)[C@@H](NC(=O)c2ccc(F)cc2)CN1,-9.7,2.6546900000000004,0.6647130066290767,3.187723944998404,350.3730000000001,3,2,2,73.99000000000001,4,26,0.21214417,0.06364795,True,0.7444764413538502,docking_results_3_6.csv,0.036109723,0.014004008,0.21214417,0.04695992,0.09727629,0.019507991,0.02076416,0.12599587,0.027939871,0.029145878,0.0898553,0.044072237,True,2.6546900000000004,2.6546900000000004
43,CC(C1)[C@H1]OC(=NN=C1N)C2=CC=C3C=CC4=C(CCNC4=O)C3=C2,CC1[CH]OC(c2ccc3ccc4c(c3c2)CCNC4=O)=NN=C(N)C1,-9.7,2.3626900000000006,0.8382274839931869,3.8625793070960004,335.38700000000006,2,5,1,89.07,4,25,0.21390186,0.061691444,True,0.7458228773562426,docking_results_3_27.csv,0.0391471,0.016185604,0.21390186,0.034606226,0.087701224,0.016941076,0.015959114,0.13991682,0.029446805,0.021409625,0.0696396,0.055442266,True,2.3626900000000006,2.3626900000000006
148,N#C[C@H1]C1NCC2N(C1)C3=CC=C(NC(=O)C4=CC=CC(C(F)(F)F)=C4)C=C3C2,N#C[CH]C1CN2c3ccc(NC(=O)c4cccc(C(F)(F)F)c4)cc3CC2CN1,-9.7,3.3884700000000016,0.8304195214253369,3.662673713234379,399.39600000000013,2,4,3,68.16,4,29,0.23412304,0.091413885,True,0.5759537135351533,docking_results_3_3.csv,0.0378259,0.02329712,0.13937753,0.095456086,0.0955912,0.0334704,0.034531735,0.23412304,0.03641652,0.053860035,0.20315997,0.10985703,True,3.3884700000000016,3.3884700000000016
70,C[C@H1]1C[C@H1]1N2N=NC(=N2)C3=CC=C4C5=C(CCNC5=O)C=CC4=C3,C[C@H]1C[C@H]1n1nnc(-c2ccc3c4c(ccc3c2)CCNC4=O)n1,-9.7,2.3601,0.7868177138668738,3.531082300491491,319.36800000000005,1,4,2,72.7,5,24,0.24615403,0.08465579,True,0.7456321843836797,docking_results_3_13.csv,0.047499243,0.025008693,0.24615403,0.07718505,0.081942275,0.021340253,0.022601886,0.19720456,0.040623978,0.02919537,0.11021083,0.11690334,True,2.3601,2.3601
127,C[C@H1](C1=CC=CO1)C2=CC=C3C=CC4=C(CCNC4=O)C3=C2,C[C@@H](c1ccc2ccc3c(c2c1)CCNC3=O)c1ccco1,-9.7,3.8705000000000025,0.7784728846421802,3.032736764644577,291.35,1,2,2,42.24,4,22,0.24988043,0.098974966,True,0.4242147841909483,docking_results_3_27.csv,0.04056765,0.021143135,0.21153021,0.0936022,0.14789407,0.04211694,0.032185093,0.19527397,0.03254998,0.051066905,0.24988043,0.06988913,True,3.8705000000000025,3.8705000000000025
115,O=C(NC1=CC=CC=C1NCCC2=CC=CC=C23)CC=C4N=CC=CC4=C3,O=C1CC=c2ncccc2=Cc2ccccc2CCNc2ccccc2N1,-9.7,2.6877000000000004,0.651903024548611,3.35148403275738,355.44100000000003,2,3,0,54.02,4,27,0.2545684,0.06441344,True,0.7414900823701537,docking_results_3_11.csv,0.03854246,0.013472053,0.2545684,0.04313644,0.110515,0.019905606,0.01921897,0.1089114,0.02913068,0.028562348,0.073043495,0.03395443,True,2.6877000000000004,2.6877000000000004
248,C[C@@H1]1CCCN(C1)C2=CC=C3C4=C(CCNC4=O)C=CC3=C2,C[C@@H]1CCCN(c2ccc3c4c(ccc3c2)CCNC4=O)C1,-9.7,3.362000000000002,0.8744084344770717,2.8563865242599604,294.398,1,2,1,32.34,4,22,0.25982025,0.11161145,True,0.5844247334633301,docking_results_3_19.csv,0.04827902,0.02904746,0.21578667,0.116976894,0.1166668,0.041262608,0.037105918,0.25982025,0.04845141,0.05932947,0.23468497,0.13192578,True,3.362000000000002,3.362000000000002
13,C1CC=CN2C(=NN=C12)C3=CC=C4C=CC5=C(CCNC5=O)C4=C3,O=C1NCCc2c1ccc1ccc(-c3nnc4n3C=CCC4)cc21,-9.7,2.801100000000001,0.7507989856065528,3.088245155019271,316.36400000000003,1,3,1,59.81,5,24,0.25995106,0.080481395,True,0.7270859325092804,docking_results_3_13.csv,0.044813745,0.025232255,0.25995106,0.05729834,0.06532817,0.01831911,0.022910956,0.20835328,0.03823659,0.029986102,0.08663569,0.10871149,True,2.801100000000001,2.801100000000001
97,C1CN2C=CN=C2C3=CC=C4C=CC5=C(CCNC5=O)C4=C3NCCNC1,O=C1NCCc2c1ccc1ccc3c(c21)NCCNCCCn1ccnc1-3,-9.7,2.3944,0.5750042701127295,3.5772819173727637,361.4490000000001,3,4,0,70.98,5,27,0.27208284,0.07515867,True,0.7478730111020258,docking_results_3_24.csv,0.036215503,0.017850796,0.27208284,0.059665944,0.06155914,0.015264582,0.019256553,0.18499832,0.036324535,0.02866391,0.07489544,0.09512647,True,2.3944,2.3944
26,O=C(NCC1=CC=CC=C1)C=CC2=CC=C3C4=C(CCNC4=O)C=CC3=C2C,Cc1c(C=CC(=O)NCc2ccccc2)ccc2c3c(ccc12)CCNC3=O,-9.7,3.763720000000002,0.6871680695934635,2.4860776301327476,370.4520000000001,2,2,4,58.2,4,28,0.27485412,0.11498033,True,0.4558795672960171,docking_results_3_20.csv,0.041466963,0.029119711,0.21190965,0.08400816,0.15396468,0.05451491,0.0461073,0.27485412,0.052791614,0.07796051,0.25647208,0.09659426,True,3.763720000000002,3.763720000000002
78,O=C([O-1])C1=CC=C(Cl)C(=C1)C2=CC=C3C=C(NC4CCNCC4)N=CC3=C2,O=C([O-])c1ccc(Cl)c(-c2ccc3cc(NC4CCNCC4)ncc3c2)c1,-9.7,3.082600000000001,0.7269401024860781,2.7818549559208616,380.8550000000002,2,5,4,77.08,4,27,0.27617624,0.09354797,True,0.6671392052479664,docking_results_3_5.csv,0.037207942,0.019970136,0.27617624,0.06801983,0.119355224,0.03057632,0.027077898,0.20466681,0.043765664,0.04228318,0.17042434,0.083052084,True,3.082600000000001,3.082600000000001
11,[NH2+1]=CC1=CC=CC=C1CCC2=CC=C3C=CC4=C(CCNC4=O)C3=C2,[NH2+]=Cc1ccccc1CCc1ccc2ccc3c(c2c1)CCNC3=O,-9.7,2.0888999999999998,0.707700581106215,2.863134692446401,329.42300000000006,2,1,4,54.69,4,25,0.28432602,0.112205535,True,0.7073967448806817,docking_results_3_27.csv,0.040627956,0.025913762,0.21602356,0.09566827,0.15197071,0.051166516,0.03914186,0.24749893,0.03974573,0.06620731,0.28432602,0.08817576,True,2.0888999999999998,2.0889
234,NC(=O)C1=CC=C(C=C1)C2=CC=C3C=CC4=C(CCNC4=O)C3=C2,NC(=O)c1ccc(-c2ccc3ccc4c(c3c2)CCNC4=O)cc1,-9.7,2.8916000000000013,0.762812968970714,2.1910742755619257,316.36,2,2,2,72.19,4,24,0.2891762,0.097660415,True,0.7112692138929826,docking_results_3_19.csv,0.06851404,0.036665987,0.2891762,0.050353337,0.16906282,0.0407434,0.026177732,0.19339667,0.04694152,0.032833483,0.14281155,0.075248204,True,2.8916000000000013,2.8916000000000013
8,CC(C1)NC=C(C=N1)C2=CC=C3C4=C(CCNC4=O)C=CC3=C2,CC1CN=CC(c2ccc3c4c(ccc3c2)CCNC4=O)=CN1,-9.7,2.5291000000000006,0.8504476860904528,3.7366168967060513,305.381,2,3,1,53.49,4,23,0.2893341,0.1154674,True,0.7506280320846461,docking_results_3_12.csv,0.054928698,0.033948064,0.2893341,0.09007164,0.11808089,0.039712157,0.03764062,0.2720143,0.060879596,0.05885241,0.19293736,0.13720891,True,2.5291000000000006,2.529100000000001
191,OC[C@@H1]1COCCN1C2=CC=C(C=N2)C3=CC=C4C=CC5=C(CCNC5=O)C4=C3,O=C1NCCc2c1ccc1ccc(-c3ccc(N4CCOC[C@H]4CO)nc3)cc21,-9.7,2.3851999999999993,0.7195389533349922,3.163526725472259,389.4550000000002,2,5,3,74.69,5,29,0.29007533,0.119515516,True,0.7473325606544116,docking_results_3_29.csv,0.06526188,0.042637818,0.29007533,0.100701846,0.12687834,0.042030137,0.04118424,0.2699493,0.07225919,0.05382544,0.16454819,0.1648345,True,2.3851999999999993,2.3851999999999998
65,COCCCNC(=O)C1=CC=C(C=C1)C2=CC=C3C=CC4=C(CCNC4=O)C3=C2,COCCCNC(=O)c1ccc(-c2ccc3ccc4c(c3c2)CCNC4=O)cc1,-9.7,3.559000000000002,0.6347339921141611,2.270068767675072,388.4670000000002,2,3,6,67.43,4,29,0.29275522,0.11707077,True,0.5206569764931549,docking_results_3_20.csv,0.053526603,0.032618936,0.29275522,0.08528028,0.1648593,0.050341085,0.037834257,0.24586324,0.060288794,0.057579227,0.22004561,0.103856735,True,3.559000000000002,3.559000000000002
2,CC(C)COC1=CC=C(C=N1)C=C2C=C3C=CC4=C(CCNC4=O)C3=CC2,CC(C)COc1ccc(C=C2C=c3ccc4c(c3=CC2)CCNC4=O)cn1,-9.7,2.4506000000000006,0.9112242180049464,3.366546080181216,360.45700000000016,1,3,4,51.22,4,27,0.31846425,0.13077863,True,0.7502010527161538,docking_results_3_13.csv,0.058770645,0.04325286,0.20935135,0.11292261,0.153209,0.06438186,0.042925913,0.31846425,0.05556838,0.07984327,0.29279274,0.13786082,True,2.4506000000000006,2.450600000000001
175,COC1=CC=C(C=C1C2=CC=C3C4=C(CCNC4=O)C=CC3=C2CO)N5CCNCC5,COc1ccc(N2CCNCC2)cc1-c1ccc2c3c(ccc2c1CO)CCNC3=O,-9.7,2.7032000000000007,0.6088116229547537,2.736996011294705,417.50900000000024,3,5,4,73.83,5,31,0.3190581,0.12123599,True,0.7398960857379473,docking_results_3_24.csv,0.04722614,0.03001873,0.3190581,0.104215756,0.10847066,0.036395613,0.034189574,0.28838238,0.061624363,0.0543129,0.21178685,0.15915062,True,2.7032000000000007,2.7032000000000007
10,C1C(=O)NN=CC(=O)NC2=CC=CC=C2C(=O)C=C3C=C4C=CC=CC4=CC3=C1,O=C1C=NNC(=O)CC=c2cc3ccccc3cc2=CC(=O)c2ccccc2N1,-9.7,1.7278999999999998,0.619762434844554,3.5899059045284973,383.4070000000001,2,4,0,87.63,4,29,0.3192027,0.118328124,True,0.6126172699010153,docking_results_3_23.csv,0.062240314,0.03952877,0.3192027,0.06389176,0.1633163,0.048418444,0.046201948,0.25367603,0.07741583,0.058102883,0.176104,0.11183859,True,1.7278999999999998,1.7278999999999998
215,CCN(CC(C)(C)O)C1=CC=C(C=N1)C2=CC=C3C=CC4=C(CCNC4=O)C3=C2,CCN(CC(C)(C)O)c1ccc(-c2ccc3ccc4c(c3c2)CCNC4=O)cn1,-9.7,3.784900000000002,0.6969054064957885,2.7886362160803255,389.4990000000002,2,4,5,65.46000000000001,4,29,0.32157734,0.13140376,True,0.4494526910153286,docking_results_3_20.csv,0.038053032,0.023917802,0.2882093,0.13237147,0.1572507,0.05257067,0.035911165,0.28311732,0.05486261,0.06876336,0.32157734,0.12024044,True,3.784900000000002,3.784900000000002
63,CC1=CC=C(C=C1C2=CC=C3C=CC4=C(CCNC4=O)C3=C2C(=O)NC)CNC,CNCc1ccc(C)c(-c2ccc3ccc4c(c3c2C(=O)NC)CCNC4=O)c1,-9.7,3.1801200000000014,0.6439725044677329,2.6991630453486177,387.4830000000001,3,3,4,70.23,4,29,0.32345712,0.094188,True,0.6401125120444906,docking_results_3_23.csv,0.027071362,0.01296543,0.32345712,0.0734823,0.10126527,0.024860615,0.02118361,0.19644481,0.034237802,0.039535396,0.20378989,0.07196233,True,3.1801200000000014,3.1801200000000014
46,CC(=O)C1=CC=C(C=C1)C2=CC=C3C4=C(CCNC4=O)C=CC3=C2,CC(=O)c1ccc(-c2ccc3c4c(ccc3c2)CCNC4=O)cc1,-9.7,3.995300000000003,0.7267058172986859,2.1963338073345007,315.372,1,2,2,46.17,4,24,0.32628366,0.12936111,True,0.3898792103308275,docking_results_3_12.csv,0.066977516,0.040447112,0.32628366,0.088254526,0.20962456,0.06147619,0.034895536,0.25045267,0.05663575,0.05159503,0.26424193,0.10144879,True,3.995300000000003,3.995300000000003
5,C[NH2+1][C@@H1](C)C1=CC=C(C=C1)C2=CC=C3C4=C(CCNC4=O)C=CC3=C2,C[NH2+][C@@H](C)c1ccc(-c2ccc3c4c(ccc3c2)CCNC4=O)cc1,-9.7,3.046900000000001,0.7611961559287033,3.3823504609421544,331.439,2,1,3,45.71,4,25,0.33352128,0.11910209,True,0.6763571310048968,docking_results_3_19.csv,0.036170036,0.018670585,0.28024402,0.1111727,0.17851746,0.04843684,0.028725896,0.22402301,0.037952874,0.053707138,0.33352128,0.078083314,True,3.046900000000001,3.046900000000001
62,CCOC(=O)C1=CC=C(C=C1)C2=CC=C3C=CC4=C(CCNC4=O)C3=C2,CCOC(=O)c1ccc(-c2ccc3ccc4c(c3c2)CCNC4=O)cc1,-9.7,3.969400000000003,0.7309364774191321,2.1700602586944306,345.39800000000014,1,3,3,55.4,4,26,0.33862156,0.13044958,True,0.3967422714496267,docking_results_3_29.csv,0.064370245,0.038837735,0.33862156,0.09148399,0.20399018,0.061646216,0.037859604,0.24955055,0.062955715,0.055998962,0.25663,0.10345004,True,3.969400000000003,3.969400000000003
130,CC1=CC=CC=C1OC2=CC=C(C=N2)C=C3C=CN4C(=O)NC(=O)NC4=C3,Cc1ccccc1Oc1ccc(C=C2C=CN3C(=O)NC(=O)NC3=C2)cn1,-9.7,3.669220000000003,0.8747477409878542,3.1748389795895005,360.3730000000001,2,4,3,83.56,4,27,0.34507042,0.110286385,True,0.4852818654190838,docking_results_3_11.csv,0.03431202,0.028439242,0.23524077,0.054245744,0.08678276,0.034716982,0.038718097,0.34507042,0.05069957,0.06916983,0.21571803,0.13032305,True,3.669220000000003,3.669220000000003
51,C[C@@H1]1OCC[C@@H1]1N2C=C(C=N2)C3=CC=C4C=CC5=C(CCNC5=O)C4=C3,C[C@@H]1OCC[C@@H]1n1cc(-c2ccc3ccc4c(c3c2)CCNC4=O)cn1,-9.7,3.339100000000002,0.7734645476730386,3.6068759231240834,347.4180000000001,1,3,2,56.15,5,26,0.34532773,0.13749273,True,0.5917000153959491,docking_results_3_20.csv,0.06868764,0.042857192,0.34532773,0.13926795,0.14190324,0.049277097,0.04306113,0.2728164,0.07415023,0.05958404,0.24069804,0.17228219,True,3.339100000000002,3.339100000000002
133,CC[NH2+1][C@H1]CCN(C)C1=CC=C(C=N1)C2=CC=C3C=CC4=C(CCNC4=O)C3=C2,CC[NH2+][CH]CCN(C)c1ccc(-c2ccc3ccc4c(c3c2)CCNC4=O)cn1,-9.7,2.7590900000000005,0.6120414886278367,3.3722819544882583,388.5150000000002,2,3,7,61.84,4,29,0.34626383,0.12008188,True,0.7331526939509662,docking_results_3_18.csv,0.040422764,0.022937153,0.34626383,0.11111012,0.13006361,0.040108345,0.032738205,0.25370914,0.0572872,0.06112183,0.23280309,0.11241736,True,2.7590900000000005,2.7590900000000005
255,C1OCC(=O)N1C2=CC=C(C3=N2)C4=CC=CC=CC5=C(CCNC5=O)C3=C4,O=C1NCCc2c1cccccc1cc2-c2nc(N3COCC3=O)ccc2-1,-9.7,2.46,0.7245026148540682,3.9683809550663964,359.38500000000016,1,4,1,71.53,5,27,0.3475192,0.13675666,True,0.7504261782643878,docking_results_3_27.csv,0.06523149,0.04693521,0.3475192,0.103150144,0.13914762,0.047559816,0.048372407,0.3074936,0.09039692,0.06009614,0.19905555,0.18612187,True,2.46,2.46
24,O=C1CCCC(=C1)C2=CC=C3C=CC4=C(CCNC4=O)C3=C2,O=C1C=C(c2ccc3ccc4c(c3c2)CCNC4=O)CCC1,-9.7,3.262100000000002,0.8762614610487219,2.614216866802142,291.35,1,2,1,46.17,4,22,0.3493986,0.14216138,True,0.6156827397798158,docking_results_3_27.csv,0.12089985,0.095731474,0.17550947,0.105454735,0.18102193,0.08444071,0.045145806,0.3493986,0.057910167,0.07227263,0.25061172,0.16753964,True,3.262100000000002,3.262100000000002
10,FC1=CC=CC=C1C2=CC=C3C=CC4=C(CCNC4=O)C3=C2,O=C1NCCc2c1ccc1ccc(-c3ccccc3F)cc21,-9.7,3.9318000000000035,0.7228369812454533,2.1718235975713718,291.325,1,1,1,29.1,4,22,0.3519444,0.13754046,True,0.4069566204405447,docking_results_3_25.csv,0.052173566,0.031975705,0.3519444,0.12317842,0.18063569,0.055732608,0.039859384,0.26566097,0.05618274,0.06235591,0.31374836,0.117037795,True,3.9318000000000035,3.931800000000004
88,COC(=O)N1C=CC=C1C2=CC=C3C=CC4=C(CCNC4=O)C3=C2,COC(=O)n1cccc1-c1ccc2ccc3c(c2c1)CCNC3=O,-9.7,3.208700000000001,0.7487780056462876,2.656353205327811,320.348,1,3,1,60.33,4,24,0.35235038,0.110072345,True,0.6317495617289537,docking_results_3_24.csv,0.058964144,0.0328371,0.35235038,0.06975574,0.1536926,0.040041026,0.030544965,0.2157836,0.05863941,0.040066723,0.17100154,0.09719091,True,3.208700000000001,3.208700000000001
105,O=CCCC1=CC=C(C=C1)C2=CC=C3C=CC4=C(CCNC4=O)C3=C2,O=CCCc1ccc(-c2ccc3ccc4c(c3c2)CCNC4=O)cc1,-9.7,3.9242000000000026,0.7374133162416046,2.3826067683157355,329.39900000000006,1,2,4,46.17,4,25,0.35272267,0.15953304,True,0.4090563612841898,docking_results_3_23.csv,0.07265889,0.054230932,0.2898756,0.12983018,0.24244745,0.0926278,0.055399206,0.32004878,0.07630082,0.084386416,0.35272267,0.14386778,True,3.9242000000000026,3.9242000000000026
9,C1C(C)[C@@H1](N)[C@H1]1N2C=C(C=N2)C3=CC=C4C=CC5=C(CCNC5=O)C4=C3,CC1C[C@H](n2cc(-c3ccc4ccc5c(c4c3)CCNC5=O)cn2)[C@@H]1N,-9.7,2.897400000000001,0.7492685711387961,3.8305944005331476,346.43400000000014,2,3,2,72.94,5,26,0.3548255,0.12722324,True,0.7101339242647019,docking_results_3_19.csv,0.05945244,0.032877762,0.3548255,0.12719911,0.14082077,0.041999105,0.03395018,0.24585287,0.06539265,0.04997863,0.22624612,0.14808367,True,2.897400000000001,2.897400000000001
233,CC1C=C(C)N=C(N1)C2=CC=C3C=CC4=C(CCNC4=O)C3=C2,CC1=CC(C)NC(c2ccc3ccc4c(c3c2)CCNC4=O)=N1,-9.7,2.7678000000000003,0.8509870529581117,3.586033053683403,305.3810000000001,2,3,1,53.49,4,23,0.36425224,0.097338475,True,0.73196402356199,docking_results_3_27.csv,0.03705017,0.017364107,0.36425224,0.073480725,0.09205938,0.02453247,0.024772089,0.19963117,0.041043036,0.0423464,0.16598995,0.08553999,True,2.7678000000000003,2.7678000000000003
15,CCOCCC(=O)N(C)C1=CC=C(C=N1)C2=CC=C3C=CC4=C(CCNC4=O)C3=C2,CCOCCC(=O)N(C)c1ccc(-c2ccc3ccc4c(c3c2)CCNC4=O)cn1,-9.7,3.5771000000000024,0.6388773867766075,2.7084745694108214,403.48200000000026,1,4,6,71.53,4,30,0.37398374,0.12878023,True,0.5147958557196398,docking_results_3_22.csv,0.052886453,0.03385569,0.37398374,0.10033211,0.14244609,0.047138914,0.041877482,0.26839286,0.078729235,0.06702351,0.20613743,0.13255914,True,3.5771000000000024,3.5771000000000024
174,CC1=NN(C)C=C1C2=CC=C3C4=C(CCNC4=O)C=CC3=C2,Cc1nn(C)cc1-c1ccc2c3c(ccc2c1)CCNC3=O,-9.7,2.834620000000001,0.7491561378315951,2.565507972571373,291.354,1,2,1,46.92,4,22,0.37437597,0.08950323,True,0.7216538099478279,docking_results_3_24.csv,0.039948467,0.017897973,0.37437597,0.0728615,0.084447324,0.020065209,0.020563018,0.17512919,0.03930355,0.032927513,0.11670639,0.07981271,True,2.834620000000001,2.834620000000001
77,COCCNC(=O)C1=CC=C(C=N1)C2=CC=C3C=CC4=C(CCNC4=O)C3=C2,COCCNC(=O)c1ccc(-c2ccc3ccc4c(c3c2)CCNC4=O)cn1,-9.7,2.5639000000000003,0.6719127848162793,2.4464178010729185,375.42800000000017,2,4,5,80.32,4,28,0.38140243,0.12554495,True,0.7497612198069409,docking_results_3_28.csv,0.05802885,0.036250297,0.38140243,0.08609561,0.14894693,0.045811974,0.038723264,0.25955734,0.07902657,0.055773374,0.18654889,0.13037388,True,2.5639000000000003,2.5639000000000003
210,C1C[C@H1](C)C1N2C=C(C=N2)C3=CC=C4C=CC5=C(CCNC5=O)C4=C3,C[C@H]1CCC1n1cc(-c2ccc3ccc4c(c3c2)CCNC4=O)cn1,-9.7,3.960200000000003,0.7724517481889734,3.4364119618896423,331.41900000000004,1,2,2,46.92,5,25,0.40830484,0.16265307,True,0.3992144129911651,docking_results_3_29.csv,0.050830234,0.03362102,0.40830484,0.17476778,0.16039458,0.058673058,0.045788575,0.31862456,0.07974141,0.07836402,0.36268857,0.18003824,True,3.960200000000003,3.960200000000003
237,CC1=CN=C(C=C1C2=CC=C3C4=C(CCNC4=O)C=CC3=C2C)C=O,Cc1cnc(C=O)cc1-c1ccc2c3c(ccc2c1C)CCNC3=O,-9.7,3.617040000000002,0.7302172717390885,2.860658386772526,330.38700000000006,1,3,2,59.06,4,25,0.40885416,0.13852651,True,0.5019231948384205,docking_results_3_26.csv,0.04510958,0.029975804,0.40885416,0.11757651,0.12536189,0.043506794,0.04030707,0.295341,0.067083515,0.06634709,0.27449435,0.14836033,True,3.617040000000002,3.617040000000002
49,C=1C2=NN(CCC2C=1)C3=CC=C4C=CC5=C(CCNC5=O)C4=C3,O=C1NCCc2c1ccc1ccc(N3CCC4C=CC4=N3)cc21,-9.7,2.8778000000000006,0.8801849339070146,3.7021181832597083,303.36500000000007,1,3,1,44.7,5,23,0.41608503,0.1699561,True,0.7139133451860916,docking_results_3_26.csv,0.055689972,0.046767477,0.3872404,0.1477811,0.11394267,0.053762287,0.05250866,0.41608503,0.08417658,0.089666545,0.33892313,0.25292957,True,2.8778000000000006,2.8778000000000006
117,O=C(CN1NC2=CC=CC=C2C1=O)NC3=CC=C4C=CC5=C(CCNC5=O)C4=C3,O=C(Cn1[nH]c2ccccc2c1=O)Nc1ccc2ccc3c(c2c1)CCNC3=O,-9.7,2.4074,0.5044929263303375,2.556021514927819,386.4110000000002,3,3,3,95.99000000000001,5,29,0.41624066,0.1303743,True,0.7485605596679824,docking_results_3_26.csv,0.05885471,0.038264986,0.41624066,0.08696043,0.13911326,0.043403666,0.04219193,0.27061966,0.08548354,0.056692727,0.18360037,0.14306547,True,2.4074,2.4074
36,O=C(N1C2=CC=CC=C2C(=O)C1=O)C3=CC=C4C=CC5=C(CCNC5=O)C4=C3,O=C1C(=O)N(C(=O)c2ccc3ccc4c(c3c2)CCNC4=O)c2ccccc21,-9.7,2.4954,0.5269500194319746,2.521797929278046,370.36400000000015,1,4,1,83.55000000000001,5,28,0.42470643,0.17857088,True,0.7508493924352708,docking_results_3_22.csv,0.05894894,0.05187745,0.42470643,0.117512606,0.17639007,0.068971075,0.04980387,0.40919632,0.094377495,0.0736839,0.39316824,0.22421429,True,2.4954,2.4954
164,N#CC1=CC=C(C=C1)C2=CC=C3C4=C(CCNC4=O)C=CC3=C2,N#Cc1ccc(-c2ccc3c4c(ccc3c2)CCNC4=O)cc1,-9.7,3.664380000000002,0.7450333991012725,2.2932150887028797,298.34499999999997,1,2,1,52.89,4,23,0.42539403,0.18418342,True,0.4868152111357232,docking_results_3_17.csv,0.08322058,0.0638468,0.42539403,0.14874397,0.25553262,0.098064914,0.051218756,0.35019234,0.09530168,0.07881586,0.3806997,0.17916988,True,3.664380000000002,3.664380000000002
26,CC1=CC=CC(=N1)C2=CC=C3C4=C(CCNC4=O)C=CC3=C2,Cc1cccc(-c2ccc3c4c(ccc3c2)CCNC4=O)n1,-9.7,3.496120000000002,0.7444129054343842,2.346401962955987,288.35,1,2,1,41.99,4,22,0.4292245,0.116556905,True,0.5410897523317383,docking_results_3_14.csv,0.047176354,0.023678921,0.4292245,0.09276141,0.14301075,0.035736583,0.029029392,0.21027789,0.055346787,0.045819398,0.19495103,0.09166997,True,3.496120000000002,3.496120000000002
98,O=C(N[C@@H1](CN1C=CN=C1)C2=CC=CS2)C3=CC=C4C=CC5=C(CCNC5=O)C4=C3,O=C(N[C@@H](Cn1ccnc1)c1cccs1)c1ccc2ccc3c(c2c1)CCNC3=O,-9.7,3.5550000000000024,0.5223810637361477,3.178072733028179,416.50600000000026,2,4,5,76.02000000000001,5,30,0.45049712,0.17530273,True,0.5219540212897027,docking_results_3_18.csv,0.053942136,0.04059781,0.45049712,0.15523717,0.18218979,0.070732675,0.058982033,0.34794885,0.10444412,0.09454329,0.3597869,0.18473059,True,3.5550000000000024,3.5550000000000024
35,CN(CCC#N)C1=CC=C(C=N1)C2=CC=C3C=CC4=C(CCNC4=O)C3=C2,CN(CCC#N)c1ccc(-c2ccc3ccc4c(c3c2)CCNC4=O)cn1,-9.7,3.537580000000002,0.7762627422241839,2.688057914500744,356.42900000000014,1,4,4,69.02000000000001,4,27,0.45188558,0.16986597,True,0.527608620329168,docking_results_3_19.csv,0.058306485,0.044923145,0.45188558,0.14836495,0.16180277,0.064528875,0.055991154,0.35146967,0.11276752,0.08910173,0.29605073,0.20319897,True,3.537580000000002,3.537580000000002
235,COC1=CC=CC(=C1)C2=CC=C3C4=C(CCNC4=O)C=CC3=C2,COc1cccc(-c2ccc3c4c(ccc3c2)CCNC4=O)c1,-9.7,3.801300000000002,0.7817276534997959,2.1749131369233172,303.361,1,2,2,38.33,4,23,0.46020252,0.14496326,True,0.444523177940877,docking_results_3_15.csv,0.050817985,0.029297257,0.46020252,0.11183418,0.19288301,0.055084992,0.035703342,0.26144657,0.06526701,0.05947016,0.30695373,0.110598385,True,3.801300000000002,3.801300000000002
238,CC1=CC=C(C=C1C)C=CC2=CC3=NC4=C(CCNC4=O)C3=CC2=C,C=c1cc2c(cc1C=Cc1ccc(C)c(C)c1)=NC1=C2CCNC1=O,-9.7,2.7483400000000007,0.8463893229186014,3.411183413858115,328.41500000000013,1,2,2,41.46,4,25,0.46679533,0.1793346,True,0.7345691349827681,docking_results_3_13.csv,0.040877923,0.038857505,0.34484363,0.13648683,0.15046199,0.071722366,0.05158374,0.4555004,0.073314056,0.11257831,0.46679533,0.20899312,True,2.7483400000000007,2.7483400000000007
64,O=C(NC1=CC=CC=C1N2CCCC2)C3=CC=C4C=CC5=C(CCNC5=O)C4=C3,O=C(Nc1ccccc1N1CCCC1)c1ccc2ccc3c(c2c1)CCNC3=O,-9.7,3.978200000000003,0.7169577628620142,2.2717831115664744,385.4670000000001,2,3,3,61.440000000000005,5,29,0.46994856,0.18228854,True,0.3943943391698,docking_results_3_24.csv,0.044210866,0.035187393,0.46994856,0.15072085,0.16979602,0.06631994,0.05434859,0.38881013,0.1021534,0.0934743,0.40762097,0.20487155,True,3.978200000000003,3.978200000000003
147,CC[C@@H1](NC(=O)NC=O)C1=CC=C(C=C1)C=C2C=C3C=CC4=C(CCNC4=O)C3=C2,CC[C@@H](NC(=O)NC=O)c1ccc(C=C2C=c3ccc4c(c3=C2)CCNC4=O)cc1,-9.7,1.5374,0.6644533743421207,3.7966901626915392,401.4660000000002,3,3,5,87.30000000000001,4,30,0.47274923,0.16918832,True,0.5519880093934219,docking_results_3_21.csv,0.06090932,0.06623952,0.19278409,0.112009235,0.16498527,0.09471951,0.06101642,0.47274923,0.07162785,0.12882413,0.39679375,0.20760153,True,1.5374,1.5374
114,C1C2=CC=CC=C2N=C(N)N1C3=CC=C4C=CC=C(CCN5C=NC=N5)C4=C3,NC1=Nc2ccccc2CN1c1ccc2cccc(CCn3cncn3)c2c1,-9.7,3.6404000000000023,0.5968523911896998,2.696232567832265,368.44400000000013,1,5,4,72.33,5,28,0.48056677,0.14298293,True,0.4944445554729827,docking_results_3_11.csv,0.04303035,0.026085956,0.48056677,0.12830134,0.1461351,0.043423858,0.039961353,0.27673894,0.08270646,0.06560162,0.24777193,0.13547151,True,3.6404000000000023,3.6404000000000014
154,CC[C@@H1](C(=O)O)C1=CC=C(C=C1)C=C2C=C3C=CC4=C(CCNC4=O)C3=C=C2,CC[C@@H](C(=O)O)c1ccc(C=C2C=C=c3c4c(ccc3=C2)C(=O)NCC4)cc1,-9.7,2.364,0.8671715259909334,3.923721000197407,371.43600000000015,2,2,4,66.4,4,28,0.4821865,0.16910078,True,0.7459179968815149,docking_results_3_24.csv,0.085565515,0.10324213,0.1032692,0.105079055,0.20252733,0.13008006,0.057042815,0.4821865,0.058236517,0.122168414,0.38584828,0.19396351,True,2.364,2.364
195,OC1=CC=CC(CCC2=CC=C3C4=C(CCNC4=O)C=CC3=C2)=C1,O=C1NCCc2ccc3cc(CCc4cccc(O)c4)ccc3c21,-9.7,3.616500000000002,0.7750055687524846,2.336653023770239,317.38800000000003,2,2,3,49.33,4,24,0.48295218,0.16415086,True,0.5020965612295014,docking_results_3_13.csv,0.049688347,0.03686988,0.277104,0.14333744,0.2318482,0.093310244,0.048298128,0.3345536,0.05284936,0.09118578,0.48295218,0.12781318,True,3.616500000000002,3.616500000000002
256,CCCOC1=CC=C(C=N1)C2=CC=C3C=CC4=C(CCNC4=O)C3=C2,CCCOc1ccc(-c2ccc3ccc4c(c3c2)CCNC4=O)cn1,-9.7,3.9765000000000024,0.7861585301574409,2.416901604985915,332.403,1,3,4,51.22,4,25,0.48302832,0.15975158,True,0.3948466352423443,docking_results_3_26.csv,0.06179999,0.039679393,0.48302832,0.13097778,0.19351597,0.06341888,0.045195002,0.29419252,0.094521545,0.07142717,0.2889027,0.15035975,True,3.9765000000000024,3.9765000000000015
12,C1OC=CC=C(C2=CN(C)C3=CC(=CC=C23)C4=CN=CC(NS(=O)(=O)NC=C)=N4)C=N1,C=CNS(=O)(=O)Nc1cncc(-c2ccc3c(C4=CC=COCN=C4)cn(C)c3c2)n1,-9.7,2.9807000000000006,0.6172291419337578,3.874681750274825,436.4970000000001,2,6,6,110.5,4,31,0.48817512,0.18254364,True,0.692335719049117,docking_results_3_2.csv,0.043936405,0.052187912,0.40276828,0.11566497,0.10707147,0.060714297,0.07755549,0.48817512,0.14523679,0.13147418,0.27044404,0.2952947,True,2.9807000000000006,2.980700000000001
213,O=[N+1]([O-1])C1=CC=C(C=C1)C2=CC=C3C4=C(CCNC4=O)C=CC3=C2,O=C1NCCc2ccc3cc(-c4ccc([N+](=O)[O-])cc4)ccc3c21,-9.7,3.7009000000000025,0.5781988052672823,2.2715665832542324,318.332,1,3,2,72.24000000000001,4,24,0.4963893,0.18518476,True,0.4753055504992655,docking_results_3_19.csv,0.05278794,0.042107705,0.40935674,0.13077965,0.2434745,0.0856954,0.0406756,0.39724603,0.07850077,0.069181815,0.4963893,0.17602149,True,3.7009000000000025,3.7009000000000025
212,O=S(=O)(C1=CC=CC=C1)C2=CC=C3C4=C(CCNC4=O)C=CC3=C2,O=C1NCCc2ccc3cc(S(=O)(=O)c4ccccc4)ccc3c21,-9.6,2.9585000000000017,0.7818552197389782,2.2752408307458705,337.4,1,3,2,63.24,4,24,0.08521939,0.027506037,True,0.6595466868835713,docking_results_3_19.csv,0.03211809,0.009452104,0.029180745,0.017181588,0.08521939,0.011905005,0.009611272,0.054215573,0.0049088583,0.009822939,0.054777805,0.011679087,True,2.9585000000000017,2.9585000000000017
5,NS(=O)(=O)C1=CC=C(C=C1)C2=CC=C3C=CC4=C(CCNC4=O)C3=C2,NS(=O)(=O)c1ccc(-c2ccc3ccc4c(c3c2)CCNC4=O)cc1,-9.6,2.4401,0.7422331981155984,2.268126859145223,352.41500000000013,2,3,2,89.25999999999999,4,25,0.09874167,0.040060673,True,0.709249215647025,docking_results_3_20.csv,0.045638088,0.016679581,0.07281154,0.022764187,0.09874167,0.015767531,0.012832028,0.086138375,0.011927182,0.012810301,0.0587118,0.025905782,True,2.4401,2.4401
124,NC(=O)C1=CC=C(C=C1)N2N=C3CCCCC3N(C2)C(=O)C4=CC=CC=C4C#N,N#Cc1ccccc1C(=O)N1CN(c2ccc(C(N)=O)cc2)N=C2CCCCC21,-9.6,2.875680000000002,0.8744580568151038,3.2445451935527254,387.44300000000004,1,5,3,102.78999999999999,4,29,0.11929051,0.04649636,True,0.6755963389432356,docking_results_3_2.csv,0.037219968,0.01683356,0.099730976,0.027463641,0.08228773,0.017640274,0.018015426,0.11929051,0.021974279,0.022870375,0.05597868,0.038651004,True,2.875680000000002,2.875680000000002
170,CN(C)S(=O)(=O)C1=CC=C(C=C1)C2=CC=C3C=CC4=C(CCNC4=O)C3=C2,CN(C)S(=O)(=O)c1ccc(-c2ccc3ccc4c(c3c2)CCNC4=O)cc1,-9.6,3.043000000000001,0.7594741846271086,2.3071486339027985,380.4690000000002,1,3,3,66.48,4,27,0.14410524,0.06507086,True,0.640627613762379,docking_results_3_18.csv,0.04208169,0.018946502,0.101875275,0.055269673,0.13329986,0.029358083,0.020314043,0.14410524,0.02087789,0.026981201,0.14047734,0.047263585,True,3.043000000000001,3.043000000000001
189,CC(C1)[C@H1]COC(=N1)C2=CC=C3C=CC4=C(CCNC4=O)C3=C2,CC1[CH]COC(c2ccc3ccc4c(c3c2)CCNC4=O)=NC1,-9.6,2.742890000000001,0.8804902524113414,3.6815216039391165,307.37300000000005,1,3,1,50.69,4,23,0.16350573,0.055504993,True,0.6954140278507135,docking_results_3_26.csv,0.04212399,0.016609969,0.16350573,0.03948138,0.085388176,0.017339904,0.016746502,0.12387367,0.02415357,0.023101823,0.066229194,0.04750605,True,2.742890000000001,2.742890000000001
72,C1CCNCC(=C1)C2=CC=C3C=CC4=C(CCNC4=O)C3=C2,O=C1NCCc2c1ccc1ccc(C3=CCCCNC3)cc21,-9.6,2.892500000000001,0.8483240895749603,2.8202977950565806,292.382,2,2,1,41.129999999999995,4,22,0.16474797,0.063402295,True,0.672552393118475,docking_results_3_25.csv,0.05370407,0.025976729,0.1305809,0.049036436,0.08502814,0.022666907,0.022342086,0.16474797,0.027628683,0.03118034,0.078896634,0.06903871,True,2.892500000000001,2.892500000000001
256,FC(F)(F)C1CCC2=CC(=CC=C2O1)C(=O)C3=CC=C(C=C3)C(=O)N4CCCNCC4,O=C(c1ccc(C(=O)N2CCCNCC2)cc1)c1ccc2c(c1)CCC(C(F)(F)F)O2,-9.6,3.6090000000000018,0.7533358991215323,2.9877586975986787,432.4420000000003,1,4,3,58.64000000000001,4,31,0.16991846,0.06361278,True,0.4771620691717969,docking_results_3_6.csv,0.052565318,0.028262956,0.064759046,0.054819304,0.10594914,0.03036948,0.026202852,0.16991846,0.02426054,0.034232974,0.10628655,0.065726794,True,3.6090000000000018,3.6090000000000018
182,O=C1CCC[C@H1](O1)C2=CC=C3C=CC4=C(CCNC4=O)C3=C2,O=C1CCC[C@@H](c2ccc3ccc4c(c3c2)CCNC4=O)O1,-9.6,2.8939000000000012,0.8230339817994671,3.0976838800291917,295.338,1,3,1,55.4,4,22,0.17066441,0.07294228,True,0.6722939313389039,docking_results_3_26.csv,0.06531404,0.033921175,0.12353058,0.055564087,0.111201964,0.031461716,0.029784441,0.17066441,0.03209586,0.03446559,0.111019515,0.07628398,True,2.8939000000000012,2.893900000000001
97,O[C@@H1](C1=CC=CC=C1)C2=CC=C3C=CC4=C(CCNC4=O)C3=C2,O=C1NCCc2c1ccc1ccc([C@@H](O)c3ccccc3)cc21,-9.6,3.2074000000000016,0.7635363751084431,2.7113257371193686,303.36100000000005,2,2,2,49.33,4,23,0.19177839,0.07463097,True,0.5978718693190472,docking_results_3_27.csv,0.039312303,0.016538296,0.14302614,0.062132705,0.151598,0.03318452,0.022156188,0.14057045,0.020613661,0.031706605,0.19177839,0.042954307,True,3.2074000000000016,3.2074000000000016
77,CC[NH2+1][C@@H1]1CC[C@H1](CC1)C2=CC=C3C4=C(CCNC4=O)C=CC3=C2,CC[NH2+][C@H]1CC[C@H](c2ccc3c4c(ccc3c2)CCNC4=O)CC1,-9.6,2.7352,0.8962191239862015,3.3758800567372695,323.46000000000004,2,1,3,45.71,4,24,0.19254737,0.07165361,True,0.696320222974125,docking_results_3_18.csv,0.04665881,0.020944139,0.0776946,0.087803826,0.10901582,0.032280765,0.02295665,0.15528914,0.016327217,0.037256885,0.19254737,0.061068133,True,2.7352,2.7352
90,C1CN(CCC1NC(=O)C2=CC=CC=C2)C3=CC=C4C=CC5=C(CCNC5=O)C4=C3,O=C(NC1CCN(c2ccc3ccc4c(c3c2)CCNC4=O)CC1)c1ccccc1,-9.6,3.5245000000000015,0.7084100208594335,2.3168775292416868,399.4940000000002,2,3,3,61.440000000000005,5,30,0.20581368,0.08275335,True,0.5030324043276644,docking_results_3_26.csv,0.042301174,0.021110643,0.20581368,0.066652864,0.11800855,0.031536866,0.02938094,0.18295741,0.0388675,0.044062536,0.1433302,0.06901784,True,3.5245000000000015,3.524500000000001
38,C[C@@H1](C(=O)N1C[C@H1](N)[C@H1](O)C1)C2=CC=C(C=C2)C3=CC=C4C=CC=CC4=C3,C[C@@H](C(=O)N1C[C@@H](O)[C@@H](N)C1)c1ccc(-c2ccc3ccccc3c2)cc1,-9.6,3.1407000000000025,0.7540270026561404,3.141456978801614,360.45700000000005,2,3,3,66.56,4,27,0.2101216,0.09284603,True,0.6160345854709138,docking_results_3_21.csv,0.06520646,0.03211726,0.14108641,0.08147822,0.2101216,0.05229711,0.036456797,0.1719375,0.045141563,0.04524545,0.16032466,0.072739236,True,3.1407000000000025,3.1407000000000025
223,O=C([O-1])C1=CC=C(C=N1)C2=CC=C3C=CC4=C(CCNC4=O)C3=C2,O=C([O-])c1ccc(-c2ccc3ccc4c(c3c2)CCNC4=O)cn1,-9.6,1.5511999999999997,0.7772645201558632,2.7605645765652707,317.324,1,4,2,82.12,4,24,0.21314673,0.07435032,True,0.5263073108845276,docking_results_3_28.csv,0.057926737,0.02971505,0.21314673,0.038595058,0.11824811,0.027033586,0.022093154,0.16414127,0.034807704,0.025626572,0.096402444,0.06446737,True,1.5511999999999997,1.5511999999999997
126,C1COC(C(=O)N1)C2=CC=C(C=C2)C3=CC=C4C=CC=CC4=C3,O=C1NCCOC1c1ccc(-c2ccc3ccccc3c2)cc1,-9.6,3.694300000000003,0.7837843282532574,2.629558454752919,303.36100000000005,1,2,2,38.33,4,23,0.22029282,0.094090074,True,0.4515010161351653,docking_results_3_10.csv,0.055602226,0.02558542,0.22029282,0.073563695,0.20209107,0.045611236,0.033356275,0.16468556,0.04409991,0.044521794,0.16179329,0.057877697,True,3.694300000000003,3.694300000000003
85,CCS(=O)(=O)C1=CC=C(C=N1)C2=CC=C3C=CC4=C(CCNC4=O)C3=C2,CCS(=O)(=O)c1ccc(-c2ccc3ccc4c(c3c2)CCNC4=O)cn1,-9.6,2.981300000000001,0.7731122312375446,2.584367119401291,366.4420000000002,1,4,3,76.13,4,26,0.22240491,0.10081043,True,0.6546804422528065,docking_results_3_26.csv,0.06374758,0.03725699,0.22240491,0.07647831,0.15862402,0.044707958,0.03513881,0.2110974,0.05138761,0.04309764,0.1707529,0.09503105,True,2.981300000000001,2.981300000000001
77,[NH3+1][C@](C(=O)O)C1=CC=C(C=C1)C2=CC=C3C=CC4=C(CCNC4=O)C3=C2,[NH3+][C](C(=O)O)c1ccc(-c2ccc3ccc4c(c3c2)CCNC4=O)cc1,-9.6,1.9992900000000002,0.676928993794678,2.8179592191933907,346.38600000000014,3,2,3,94.03999999999999,4,26,0.22656673,0.10273098,True,0.6503952658398817,docking_results_3_29.csv,0.066415235,0.03863905,0.22130616,0.06498712,0.16603394,0.045837037,0.033300094,0.22656673,0.050263107,0.041154895,0.18009841,0.09816997,True,1.9992900000000002,1.99929
43,C[C@H1]1CN(CCN1C(=O)C2=CC=CC=C2C3=NN=C(N)O3)C4=CC=C5C=CC=CC5=N4,C[C@H]1CN(c2ccc3ccccc3n2)CCN1C(=O)c1ccccc1-c1nnc(N)o1,-9.6,3.217900000000001,0.5491279857092076,2.929320620675602,414.46900000000016,1,7,3,101.38,5,31,0.2300488,0.06540052,True,0.5949274121098415,docking_results_3_14.csv,0.036671925,0.01717048,0.2300488,0.044374872,0.0878898,0.018245257,0.020679697,0.14368029,0.039608683,0.02757179,0.05866376,0.06020096,True,3.217900000000001,3.217900000000001
212,CC(=O)N1CCC[C@H1]1C(=O)NC2=CC=C3C4=C(CCNC4=O)C=CC3=C2,CC(=O)N1CCC[C@H]1C(=O)Nc1ccc2c3c(ccc2c1)CCNC3=O,-9.6,2.0750999999999995,0.8694124369931774,2.8494446185950775,351.40600000000006,2,3,2,78.51,4,26,0.23214024,0.090312906,True,0.6663743391419198,docking_results_3_18.csv,0.057712886,0.035358354,0.18711334,0.060261812,0.109634325,0.03447426,0.033428513,0.23214024,0.050642785,0.045219626,0.12499681,0.11277203,True,2.0750999999999995,2.0750999999999995
3,O=C(N1CC(C1)C=O)C2=CC=C(C=C2)C3=CC=C4C=CC=CC4=C3,O=CC1CN(C(=O)c2ccc(-c3ccc4ccccc4c3)cc2)C1,-9.6,3.777700000000003,0.6898631955454043,2.039167921046875,315.372,0,2,3,37.38,4,24,0.25593263,0.12765068,True,0.4271514388541088,docking_results_3_11.csv,0.06811534,0.0455004,0.20197418,0.095343865,0.25593263,0.080759384,0.056373212,0.2507486,0.07606556,0.0718278,0.22971576,0.09945132,True,3.777700000000003,3.777700000000003
55,C1CCC2=C(C=CC=C2C1C(=O)NCCCN3CCN(C)CC3)C=C4C=CC5=CC=CNC5=N4,CN1CCN(CCCNC(=O)C2CCCc3c(C=c4ccc5c(n4)NC=CC=5)cccc32)CC1,-9.6,1.803700000000001,0.648221018064875,3.787946163342376,457.6220000000001,2,5,6,60.50000000000001,5,34,0.25724387,0.07797909,True,0.6009609097653491,docking_results_3_24.csv,0.033623677,0.02328873,0.1024854,0.06838597,0.0764257,0.028259622,0.030254306,0.25724387,0.038297553,0.05589807,0.112964824,0.108621374,True,1.803700000000001,1.803700000000001
209,C#CCCN1CCC(=CC1)C2=CC=C3C=CC4=C(CCNC4=O)C3=C2,C#CCCN1CC=C(c2ccc3ccc4c(c3c2)CCNC4=O)CC1,-9.6,3.238100000000002,0.8764653609814103,2.8593734701070943,330.43100000000004,1,2,3,32.34,4,25,0.26116356,0.08901116,True,0.5892046307721702,docking_results_3_22.csv,0.052445356,0.03979994,0.11480808,0.07465011,0.0901828,0.03846865,0.04197772,0.26116356,0.049277652,0.062605165,0.116684444,0.12607053,True,3.238100000000002,3.238100000000002
12,C[C@H1]1CC[C@H1](N)[C@](O1)C2=CC=C3C4=C(CCNC4=O)C=CC3=C2,C[C@H]1CC[C@H](N)[C](c2ccc3c4c(ccc3c2)CCNC4=O)O1,-9.6,2.5319900000000004,0.8506039280552132,3.7963524193688905,309.389,2,3,1,64.35,4,23,0.26493576,0.09518827,True,0.7098989332804106,docking_results_3_19.csv,0.05081742,0.023308344,0.26493576,0.09745201,0.11080968,0.030410388,0.027217716,0.186399,0.03824237,0.0421293,0.17697689,0.09356039,True,2.5319900000000004,2.5319900000000004
84,CN(CCCCC(=O)O)C1=CC=C(C=N1)C2=CC=C3C=CC4=C(CCNC4=O)C3=C2,CN(CCCCC(=O)O)c1ccc(-c2ccc3ccc4c(c3c2)CCNC4=O)cn1,-9.6,3.8788000000000027,0.58524022444417,2.6096001508061697,403.48200000000026,2,4,7,82.53,4,30,0.26660362,0.11237609,True,0.3989722833693536,docking_results_3_18.csv,0.051282484,0.03489365,0.25959283,0.078120336,0.1361695,0.04583687,0.0422552,0.26660362,0.069441125,0.0618813,0.1795156,0.12292053,True,3.8788000000000027,3.8788000000000022
26,CN(C1)C=CC=C(O1)C2=CC=C3C4=C(CCNC4=O)C=CC3=C2,CN1C=CC=C(c2ccc3c4c(ccc3c2)CCNC4=O)OC1,-9.6,2.899800000000001,0.8806107750515136,3.21285389467303,306.365,1,3,1,41.57,4,23,0.26844826,0.1029495,True,0.6711961766308944,docking_results_3_13.csv,0.050141513,0.03297319,0.25274283,0.07183818,0.099000484,0.03458546,0.0365406,0.26844826,0.05477741,0.056343205,0.15522394,0.12277887,True,2.899800000000001,2.899800000000001
218,C[C@H1](OC1=CC=CN=C1C#N)C2=CC=C3C=CC4=C(CCNC4=O)C3=C2,C[C@H](Oc1cccnc1C#N)c1ccc2ccc3c(c2c1)CCNC3=O,-9.6,3.5323800000000025,0.7892371722788196,3.180562714229173,343.38600000000014,1,4,3,75.00999999999999,4,26,0.2792196,0.101573385,True,0.5006099478259922,docking_results_3_29.csv,0.048516072,0.027088184,0.2792196,0.0889371,0.12215417,0.037329357,0.035635028,0.2060889,0.04776431,0.05184377,0.18227153,0.09203262,True,3.5323800000000025,3.5323800000000025
99,C=C1CNC(=O)C1C=CC2=CC=C3C4=C(CCNC4=O)C=CC3=C2,C=C1CNC(=O)C1C=Cc1ccc2c3c(ccc2c1)CCNC3=O,-9.6,2.4411000000000005,0.8357232291204645,3.5881826976518516,318.376,2,2,2,58.2,4,24,0.28549224,0.100073315,True,0.7092792935408452,docking_results_3_28.csv,0.06869387,0.05191635,0.15700744,0.057419684,0.113101624,0.04433678,0.044926792,0.28549224,0.06225907,0.060895886,0.12173796,0.13309221,True,2.4411000000000005,2.4411000000000005
230,C1C[NH2+1][C@@H1](C1)C(=O)NC2CC2C3=CC=C(C=C3)C4=CC=C5C=CC=CC5=C4,O=C(NC1CC1c1ccc(-c2ccc3ccccc3c2)cc1)[C@@H]1CCC[NH2+]1,-9.6,3.2047000000000025,0.7399729279206898,3.8324111421382785,357.4770000000001,2,1,4,45.71,5,27,0.31732282,0.12346068,True,0.5986255315697496,docking_results_3_24.csv,0.04645806,0.029036585,0.16021611,0.12360065,0.21760273,0.071083434,0.047022786,0.25016448,0.048194837,0.07634406,0.31732282,0.09448162,True,3.2047000000000025,3.2047000000000025
8,COC(=O)C1=CC=C(C=C1)C2=CC=C3C=CC4=C(CCNC4=O)C3=C2,COC(=O)c1ccc(-c2ccc3ccc4c(c3c2)CCNC4=O)cc1,-9.6,3.5793000000000017,0.7303720553601968,2.1588012361766413,331.3710000000001,1,3,2,55.4,4,25,0.31881505,0.11573681,True,0.4862208725616198,docking_results_3_20.csv,0.06646877,0.038100947,0.31881505,0.07158913,0.19560075,0.052760053,0.031620767,0.2220372,0.05545827,0.043665525,0.20456858,0.08815672,True,3.5793000000000017,3.5793000000000017
143,C[NH1+1](C)[C@H1]1COC2=CC=CC=C2N1C3=CC=C4C=CC5=C(CCNC5=O)C4=C3,C[NH+](C)[C@H]1COc2ccccc2N1c1ccc2ccc3c(c2c1)CCNC3=O,-9.6,2.1268000000000002,0.7224386186001241,3.714011470282875,374.4640000000002,2,3,2,46.010000000000005,5,28,0.32353225,0.10896648,True,0.6760354916934157,docking_results_3_27.csv,0.03278051,0.016488492,0.32353225,0.10513557,0.119507566,0.031302534,0.02484802,0.22576444,0.041831553,0.044701643,0.24497078,0.09673446,True,2.1268000000000002,2.1268
107,CC(=O)NCC=1C=CN(N=1)C2=CC=C3C4=C(CCNC4=O)C(F)=CC3=C2,CC(=O)NCc1ccn(-c2ccc3c4c(c(F)cc3c2)CCNC4=O)n1,-9.6,2.0866,0.7578081746761044,2.791866703600874,352.369,2,3,3,76.02000000000001,4,26,0.33219126,0.09463242,True,0.668613771089592,docking_results_3_15.csv,0.04795352,0.026761053,0.33219126,0.064968586,0.08772051,0.024941709,0.02902655,0.21288577,0.053740773,0.04130621,0.10596496,0.108128175,True,2.0866,2.0866
40,C1=CC=C(C(=O)N1C)C2=CC=C3C=CC4=C(CCNC4=O)C3=C2,Cn1cccc(-c2ccc3ccc4c(c3c2)CCNC4=O)c1=O,-9.6,2.4913999999999996,0.7507333307165932,2.468638374372434,304.34900000000005,1,2,1,51.1,4,23,0.33530313,0.105630785,True,0.7101396616898142,docking_results_3_23.csv,0.05304167,0.02705322,0.33530313,0.08250466,0.13915229,0.03620309,0.029301343,0.20535512,0.050927717,0.041719895,0.17637527,0.09063212,True,2.4913999999999996,2.4914
75,C[S@](=O)C1=CC=C(C=C1)C2=CC=C3C4=C(CCNC4=O)C=CC3=C2,C[S@](=O)c1ccc(-c2ccc3c4c(ccc3c2)CCNC4=O)cc1,-9.6,3.530100000000002,0.7786054773852643,2.95629440333747,335.42800000000005,1,2,2,46.17,4,24,0.34110603,0.14306922,True,0.5013107494459358,docking_results_3_18.csv,0.06619909,0.04323519,0.29369137,0.1186942,0.21752252,0.0723811,0.042536687,0.2793738,0.057420287,0.063125886,0.34110603,0.12154469,True,3.530100000000002,3.530100000000002
38,C1CC[C@@H1](CN)[C@H1](O)C1NC(=O)C2=CC=C(C=C2)C3=CC=C4C=CC=CC4=C3,NC[C@@H]1CCCC(NC(=O)c2ccc(-c3ccc4ccccc4c3)cc2)[C@H]1O,-9.6,3.7249000000000017,0.6513593524972591,3.0462512933389867,374.4840000000001,3,3,4,75.35,4,28,0.34272856,0.14281124,True,0.4424676574138591,docking_results_3_18.csv,0.06304908,0.037817348,0.23394054,0.13190739,0.2762529,0.08615315,0.046894163,0.24811643,0.06618,0.069339424,0.34272856,0.11135605,True,3.7249000000000017,3.7249000000000017
46,CCOC(=O)C1=CC=C(C=C1)C2=CC=C3C4=C(CCNC4=O)C=CC3=C2,CCOC(=O)c1ccc(-c2ccc3c4c(ccc3c2)CCNC4=O)cc1,-9.6,3.969400000000003,0.7309364774191323,2.195601797155968,345.398,1,3,3,55.4,4,26,0.34591952,0.12958448,True,0.3752386805329656,docking_results_3_16.csv,0.061642766,0.036508,0.34591952,0.09164214,0.19883008,0.05923387,0.03687277,0.24730459,0.061115146,0.055504162,0.2587319,0.10170878,True,3.969400000000003,3.969400000000003
46,CCC1=CC=CC=C1NC(=O)C2=CC=C3C4=C(CCNC4=O)C=CC3=C2C(N)=O,CCc1ccccc1NC(=O)c1ccc2c3c(ccc2c1C(N)=O)CCNC3=O,-9.6,3.039300000000001,0.6412150527447129,2.490763232965879,387.4390000000001,3,3,4,101.28999999999999,4,29,0.35025927,0.100658156,True,0.6415049292605811,docking_results_3_15.csv,0.033237975,0.018122718,0.35025927,0.05569529,0.11368595,0.028458161,0.024291988,0.21862537,0.040782068,0.03917288,0.205371,0.08019515,True,3.039300000000001,3.039300000000001
34,C[S@@](=O)C1=CC=C(C=C1)C2=CC=C3C=CC4=C(CCNC4=O)C3=C2,C[S@@](=O)c1ccc(-c2ccc3ccc4c(c3c2)CCNC4=O)cc1,-9.6,3.530100000000002,0.7786054773852643,2.92853186153145,335.42800000000005,1,2,2,46.17,4,24,0.35703048,0.14447537,True,0.5013107494459358,docking_results_3_16.csv,0.05913379,0.038439367,0.30830568,0.12091518,0.21554677,0.07007871,0.04213178,0.28024358,0.058125347,0.06379147,0.35703048,0.119962044,True,3.530100000000002,3.530100000000002
164,CC1=CC=CN=C1C2=CC=C3C=CC=C(CCNC(N)=O)C3=C2C#N,Cc1cccnc1-c1ccc2cccc(CCNC(N)=O)c2c1C#N,-9.6,3.2927,0.7685870206694142,2.5251114745298384,330.39100000000013,2,3,4,91.79999999999998,3,25,0.36666477,0.11668348,True,0.5733934192832086,docking_results_3_15.csv,0.043057572,0.027251508,0.36666477,0.08346059,0.13201672,0.040561955,0.041262846,0.24620245,0.07405999,0.06578309,0.17153716,0.108343,True,3.2927,3.2927
247,CC1=NOC(C)=C1C2=CC=C3C4=C(CCNC4=O)C=CC3=C2,Cc1noc(C)c1-c1ccc2c3c(ccc2c1)CCNC3=O,-9.6,3.397540000000002,0.7476056966945325,2.5425013791647793,292.33799999999997,1,3,1,55.13,4,22,0.37169462,0.100339144,True,0.5419792661882966,docking_results_3_15.csv,0.046969477,0.024397315,0.37169462,0.082383335,0.09002894,0.025120428,0.02620234,0.20764826,0.04716253,0.039824862,0.13819337,0.10444432,True,3.397540000000002,3.397540000000002
194,CC1=CC=C(C=C1C2=CC=C3C=C(O)C(C)=CC3=N2)C(=O)NCC4NCNCC4,Cc1cc2nc(-c3cc(C(=O)NCC4CCNCN4)ccc3C)ccc2cc1O,-9.6,2.8630400000000007,0.5504038473420964,3.1292017273803445,390.48700000000014,4,5,4,86.28,4,29,0.373188,0.12700455,True,0.6778083696732539,docking_results_3_22.csv,0.0444707,0.026147626,0.373188,0.10027036,0.14837462,0.044051077,0.03525722,0.26967403,0.07574196,0.06010944,0.21458122,0.13218816,True,2.8630400000000007,2.8630400000000007
126,C1=CC=CC(=C1)C2=CC=C3C4=C(CCNC4=O)C=CC3=C2,O=C1NCCc2ccc3cc(-c4ccccc4)ccc3c21,-9.6,3.7927000000000026,0.7177326443114794,2.078826250705122,273.335,1,1,1,29.1,4,21,0.37656498,0.13445216,True,0.4228697696042566,docking_results_3_13.csv,0.05227385,0.029203264,0.37656498,0.1066371,0.2186203,0.058519013,0.037289683,0.236039,0.05844037,0.056923028,0.29057628,0.09233903,True,3.7927000000000026,3.792700000000002
122,CC=1C=NN(C)C=1C2=CC=C3C4=C(CCNC4=O)C=CC3=C2,Cc1cnn(C)c1-c1ccc2c3c(ccc2c1)CCNC3=O,-9.6,2.834620000000001,0.7491561378315951,2.676571708835107,291.354,1,2,1,46.92,4,22,0.38719282,0.09939224,True,0.6825398827732232,docking_results_3_26.csv,0.040503416,0.019820346,0.38719282,0.0840488,0.08796145,0.022928111,0.023256008,0.20304462,0.04359542,0.037802808,0.14583418,0.09671896,True,2.834620000000001,2.834620000000001
167,CC1C=C(C)N=C(N1O)C2=CC=C3C=CC4=C(CCNC4=O)C3=C2,CC1=CC(C)N(O)C(c2ccc3ccc4c(c3c2)CCNC4=O)=N1,-9.6,2.8694000000000006,0.848668990950782,3.632795377171819,321.38000000000005,2,4,1,64.93,4,24,0.39399442,0.11530501,True,0.6767035252566935,docking_results_3_26.csv,0.037378613,0.01964334,0.39399442,0.09265892,0.09951531,0.029535715,0.0288378,0.242484,0.049722765,0.049988907,0.22447912,0.115421176,True,2.8694000000000006,2.8694000000000006
20,COC1=CC=CC=C1C2=CC=C(C=N2)C=C3C=C4C=CN(C)C(=O)C4=CC3,COc1ccccc1-c1ccc(C=C2C=c3ccn(C)c(=O)c3=CC2)cn1,-9.6,2.5042,0.7242932328267915,3.0787963760392048,356.4250000000001,0,3,3,44.120000000000005,4,27,0.3965767,0.15345179,True,0.7101539456920631,docking_results_3_15.csv,0.05428825,0.037779924,0.3965767,0.12951165,0.1836964,0.06754666,0.046778712,0.3115016,0.07849882,0.08544259,0.31519875,0.13460124,True,2.5042,2.5042
226,CCOC(=O)C1=CC=C(C=N1)C2=CC=C3C=CC4=C(CCNC4=O)C3=C2,CCOC(=O)c1ccc(-c2ccc3ccc4c(c3c2)CCNC4=O)cn1,-9.6,3.3644000000000016,0.7385126915924839,2.399173489463662,346.38600000000014,1,4,3,68.28999999999999,4,26,0.40685618,0.12920944,True,0.5520246582113307,docking_results_3_27.csv,0.061517537,0.03700583,0.40685618,0.09052212,0.16345723,0.048977464,0.03795621,0.24997506,0.07455525,0.054134294,0.20613523,0.119420744,True,3.3644000000000016,3.3644000000000016
22,O=C(CC1=CC=CC=C1O)C2=CC=C3C=CC4=C(CCNC4=O)C3=C2,O=C(Cc1ccccc1O)c1ccc2ccc3c(c2c1)CCNC3=O,-9.6,3.2567000000000013,0.7240829687843063,2.3677493130997203,331.37100000000004,2,3,3,66.4,4,25,0.4161118,0.1724409,True,0.5838715514682027,docking_results_3_16.csv,0.07157604,0.057924945,0.31823468,0.12599286,0.24751268,0.10154199,0.051456418,0.36053202,0.07499298,0.085457064,0.4161118,0.1579573,True,3.2567000000000013,3.2567000000000013
243,CC1C=CN2N=C(N)N=C2N1C3=CC=C4C=CC5=C(CCNC5=O)C4=C3,CC1C=Cn2nc(N)nc2N1c1ccc2ccc3c(c2c1)CCNC3=O,-9.6,2.3103,0.7057282186930899,3.8731897911522495,346.3940000000002,2,5,1,89.07,5,26,0.41890377,0.13218145,True,0.7011129610920401,docking_results_3_17.csv,0.042733707,0.029482191,0.41890377,0.096821204,0.09241084,0.030595815,0.03382551,0.3199367,0.073256455,0.05059169,0.20729062,0.1903287,True,2.3103,2.3103
3,O=C(NC1=CC=CC=C1F)C2=CC=C3C=CC4=C(CCNC4=O)C3=C2,O=C(Nc1ccccc1F)c1ccc2ccc3c(c2c1)CCNC3=O,-9.6,3.517100000000002,0.7532791164604047,2.142782005407412,334.35,2,2,2,58.2,4,25,0.4255201,0.14581184,True,0.5053081468946777,docking_results_3_14.csv,0.04320373,0.02784747,0.4255201,0.107531555,0.16761832,0.052077413,0.03970991,0.29267302,0.06580941,0.064561374,0.33663097,0.12655874,True,3.517100000000002,3.517100000000002
46,COC1=CC=C(C=C1C2=CC=C3C4=C(CCNC4=O)C=CC3=C2C)C=O,COc1ccc(C=O)cc1-c1ccc2c3c(ccc2c1C)CCNC3=O,-9.6,3.922220000000003,0.7321036546500627,2.57455131898549,345.3980000000001,1,3,3,55.4,4,26,0.4266389,0.1519845,True,0.3874045286998185,docking_results_3_26.csv,0.048207425,0.032631345,0.4266389,0.12124751,0.16022384,0.055408515,0.040172365,0.3137132,0.06843715,0.06913658,0.34102434,0.1469726,True,3.922220000000003,3.922220000000003
18,C[NH2+1]CCCC(=O)NC1=CC=C(C=N1)C2=CC=C3C=CC4=C(CCNC4=O)C3=C2,C[NH2+]CCCC(=O)Nc1ccc(-c2ccc3ccc4c(c3c2)CCNC4=O)cn1,-9.6,2.0995999999999997,0.5643754273154024,3.0718352511915548,389.4790000000002,3,3,6,87.69999999999999,4,29,0.42866075,0.17378385,True,0.6710837715207507,docking_results_3_25.csv,0.05616919,0.04520128,0.42866075,0.136185,0.18359572,0.07263508,0.055666354,0.3717208,0.114693746,0.09232911,0.32810014,0.20044935,True,2.0995999999999997,2.0996
47,N#CC1=CC=CC=C1C2=CC=C3C4=C(CCNC4=O)C=CC3=C2,N#Cc1ccccc1-c1ccc2c3c(ccc2c1)CCNC3=O,-9.6,3.664380000000002,0.7450333991012725,2.349258946337782,298.34499999999997,1,2,1,52.89,4,23,0.43412843,0.16822748,True,0.4604296306075346,docking_results_3_18.csv,0.064243406,0.04630129,0.43412843,0.14079103,0.20934807,0.07470741,0.050031777,0.3220243,0.08754957,0.0766242,0.349455,0.16352546,True,3.664380000000002,3.664380000000002
196,CC1=CC(CN)=CC=C1NC(=O)C2=CC=C3C4=C(CCNC4=O)C=CC3=C2,Cc1cc(CN)ccc1NC(=O)c1ccc2c3c(ccc2c1)CCNC3=O,-9.6,3.1451200000000012,0.671593445647814,2.329748339460398,359.4290000000001,3,3,3,84.22,4,27,0.43569896,0.14465179,True,0.6148622698232347,docking_results_3_15.csv,0.03968795,0.02487278,0.43569896,0.10779152,0.15688345,0.0488748,0.03670046,0.29416206,0.065575294,0.064190105,0.3353844,0.12599975,True,3.1451200000000012,3.145120000000001
234,CC=C1CN=C(N)N2N=CC(=C12)C3=CC=C4C=CC5=C(CCNC5=O)C4=C3,CC=C1CN=C(N)n2ncc(-c3ccc4ccc5c(c4c3)CCNC5=O)c21,-9.6,2.5689,0.7018225551002315,3.308367381956364,357.4170000000002,2,4,1,85.29999999999998,5,27,0.4361836,0.12802975,True,0.7089558220696056,docking_results_3_15.csv,0.04505536,0.030019619,0.4361836,0.085930526,0.09529981,0.029815776,0.03146052,0.30249992,0.07042848,0.04565197,0.19022527,0.17378615,True,2.5689,2.5689
19,O=[N+1]([O-1])C1=CC=C(C=N1)C2=CC=C3C=CC4=C(CCNC4=O)C3=C2,O=C1NCCc2c1ccc1ccc(-c3ccc([N+](=O)[O-])nc3)cc21,-9.6,3.095900000000001,0.5807681220080524,2.5472695932876785,319.32,1,4,2,85.13,4,24,0.43722993,0.17244403,True,0.6276382486282356,docking_results_3_22.csv,0.051403116,0.040320624,0.43722993,0.12111591,0.19352284,0.06573234,0.04066263,0.38055357,0.08765864,0.0631504,0.39800614,0.18997218,True,3.095900000000001,3.095900000000001
178,CC1=CC=NC=C1C2=CC=C3C4=C(CCNC4=O)C=CC3=C2,Cc1ccncc1-c1ccc2c3c(ccc2c1)CCNC3=O,-9.6,3.4961200000000012,0.7444129054343842,2.4221598956482957,288.34999999999997,1,2,1,41.99,4,22,0.44436747,0.13346148,True,0.5117624698094464,docking_results_3_22.csv,0.048971422,0.027281793,0.44436747,0.115669556,0.15353303,0.04373976,0.034604385,0.24822322,0.06437984,0.05632423,0.24915528,0.11528782,True,3.4961200000000012,3.496120000000001
170,CC=1CC=NN(C=1)C2=CC=C3C4=C(CCNC4=O)C=CC3=C2,CC1=CN(c2ccc3c4c(ccc3c2)CCNC4=O)N=CC1,-9.6,3.2254000000000014,0.8764446281145789,3.3518404244944486,291.354,1,3,1,44.7,4,22,0.45231646,0.15242447,True,0.5928113573718279,docking_results_3_23.csv,0.04892982,0.034995586,0.45231646,0.11438348,0.121507876,0.044193972,0.043169595,0.3485837,0.08707004,0.07022325,0.26867414,0.19504568,True,3.2254000000000014,3.2254000000000014
250,COC1=CC=C(C=C1)C2=CC=C3C=CC4=C(CCNC4=O)C3=C2,COc1ccc(-c2ccc3ccc4c(c3c2)CCNC4=O)cc1,-9.6,3.801300000000002,0.7817276534997959,2.0946178441563834,303.36100000000005,1,2,2,38.33,4,23,0.46116313,0.15984352,True,0.4204298426466862,docking_results_3_24.csv,0.060079023,0.037555654,0.46116313,0.12303718,0.2287736,0.07047132,0.03907983,0.28914455,0.07466076,0.06445788,0.34344825,0.12625095,True,3.801300000000002,3.801300000000002
112,C1[C@@H1](NC(=O)NC2=CC=CC=C2)C=CC3=CC=C4C5=C(CCNC5=O)C=CC4=C31,O=C(Nc1ccccc1)N[C@H]1C=Cc2ccc3c4c(ccc3c2C1)CCNC4=O,-9.6,3.8853000000000026,0.6284126501681828,3.2483205716261043,383.4510000000002,3,2,2,70.23,5,29,0.464348,0.19812787,True,0.39721881172973,docking_results_3_20.csv,0.052142397,0.043834813,0.46387178,0.1606718,0.19684425,0.082240105,0.059410483,0.422454,0.10309119,0.10746967,0.464348,0.22115593,True,3.8853000000000026,3.885300000000002
141,O=C(NC1=CC=C(F)C=C1)C2=CC=C3C=CC4=C(CCNC4=O)C3=C2,O=C(Nc1ccc(F)cc1)c1ccc2ccc3c(c2c1)CCNC3=O,-9.6,3.517100000000002,0.7532791164604047,2.107772390022797,334.3500000000001,2,2,2,58.2,4,25,0.4645037,0.17284851,True,0.5053081468946777,docking_results_3_28.csv,0.04780642,0.034732386,0.4645037,0.12829651,0.20507064,0.07046128,0.047120772,0.3435783,0.084387556,0.078729704,0.4129403,0.15655465,True,3.517100000000002,3.517100000000002
129,CC=1CN2C=CC=C2C=1C3=CC=C4C=CC5=C(CCNC5=O)C4=C3,CC1=C(c2ccc3ccc4c(c3c2)CCNC4=O)c2cccn2C1,-9.6,3.7626000000000026,0.7288480610663961,2.9499525842097984,314.388,1,1,1,34.03,5,24,0.46987706,0.20697273,True,0.4314938797902325,docking_results_3_27.csv,0.059586808,0.052464932,0.45584032,0.20796542,0.17758118,0.08298578,0.059807654,0.44291055,0.10218133,0.10815792,0.46987706,0.26431385,True,3.7626000000000026,3.7626000000000026
32,C=CCOC1=CC=C(C=N1)C2=CC=C3C=CC4=C(CCNC4=O)C3=C2,C=CCOc1ccc(-c2ccc3ccc4c(c3c2)CCNC4=O)cn1,-9.6,3.752500000000002,0.7412873514462377,2.5542839021408152,330.38700000000006,1,3,4,51.22,4,25,0.4738199,0.15630753,True,0.43441579510964,docking_results_3_29.csv,0.07340553,0.052530136,0.4738199,0.11106447,0.17354253,0.0621594,0.05108857,0.30765527,0.105752826,0.07424823,0.22332855,0.16709498,True,3.752500000000002,3.752500000000002
119,C[C@H1]1CN(CCN1C2=NC=NC=3[NH1]C=CC2=3)C4=CC=C5C=CC=CC5=C4,C[C@H]1CN(c2ccc3ccccc3c2)CCN1c1ncnc2[nH]ccc12,-9.6,3.826200000000002,0.6009077256065333,2.853645047895508,343.4340000000001,1,4,2,48.050000000000004,5,26,0.4810325,0.1425824,True,0.4134291327543819,docking_results_3_7.csv,0.043384753,0.025392262,0.4810325,0.14763652,0.1467456,0.043474607,0.04163087,0.2640208,0.09689682,0.07082377,0.21212089,0.13782945,True,3.826200000000002,3.826200000000002
236,COC1=CC(OC)=CC(=C1)C=C2C=C3C4=C(CCNC4=O)C(F)=CC3=C=C2,COc1cc(C=C2C=C=c3cc(F)c4c(c3=C2)C(=O)NCC4)cc(OC)c1,-9.6,1.9421000000000002,0.9067921554371947,3.6009619258739853,363.3880000000001,1,3,3,47.56,4,27,0.48277035,0.17998846,True,0.6370522030087882,docking_results_3_22.csv,0.050686672,0.053551063,0.3248004,0.14310783,0.12712336,0.07449937,0.04718033,0.48277035,0.063310996,0.11978087,0.44223487,0.23081553,True,1.9421000000000002,1.9421
186,C[C@@H1](C1=CC=CC=C1O)C2=CC=C3C=CC4=C(CCNC4=O)C3=C2,C[C@H](c1ccc2ccc3c(c2c1)CCNC3=O)c1ccccc1O,-9.6,3.983100000000003,0.7508079640391319,2.9019954066819516,317.388,2,2,2,49.33,4,24,0.483044,0.1566773,True,0.3717882534077558,docking_results_3_24.csv,0.046742897,0.033781074,0.2435016,0.14291085,0.22630289,0.08801794,0.047289096,0.31556413,0.04760231,0.08483331,0.483044,0.12053768,True,3.983100000000003,3.983100000000003
237,CCOC1=CC=C(C=N1)C2=CC=C3C=CC4=C(CCNC4=O)C3=C2,CCOc1ccc(-c2ccc3ccc4c(c3c2)CCNC4=O)cn1,-9.6,3.586400000000002,0.8027566241365042,2.3874446721218874,318.37600000000003,1,3,3,51.22,4,24,0.48835117,0.14668266,True,0.4840510055200053,docking_results_3_24.csv,0.057451125,0.034537375,0.48835117,0.116854526,0.16873564,0.051478922,0.03785433,0.2727499,0.078202285,0.060633324,0.25939742,0.13394603,True,3.586400000000002,3.586400000000002
198,O=C(C1CC1C2=CC=CC(=C2)C#N)NC3=CC=C4C=CC5=C(CCNC5=O)C4=C3,N#Cc1cccc(C2CC2C(=O)Nc2ccc3ccc4c(c3c2)CCNC4=O)c1,-9.6,3.739580000000002,0.725061822044281,3.2384652302539454,381.4350000000002,2,3,3,81.99000000000001,5,29,0.48850587,0.19815981,True,0.4381730539849259,docking_results_3_24.csv,0.059236676,0.054142766,0.33833256,0.17581806,0.22564529,0.10794583,0.07065101,0.41637796,0.102648996,0.12079592,0.48850587,0.21781673,True,3.739580000000002,3.739580000000002
8,N#CC1=CC=C(C=N1)C2=CC=C3C=CC4=C(CCNC4=O)C3=C2,N#Cc1ccc(-c2ccc3ccc4c(c3c2)CCNC4=O)cn1,-9.6,3.059380000000001,0.7507105022155693,2.527109692606439,299.333,1,3,1,65.78,4,23,0.48979154,0.17295511,True,0.6366934018599618,docking_results_3_26.csv,0.0805501,0.059925217,0.48979154,0.13648434,0.19769949,0.07292757,0.050122473,0.33209822,0.10961571,0.07142704,0.2812538,0.19356595,True,3.059380000000001,3.059380000000001
67,O=[N+1]([O-1])C1=CC=C(C=C1)C2=CC=C3C=CC4=C(CCNC4=O)C3=C2,O=C1NCCc2c1ccc1ccc(-c3ccc([N+](=O)[O-])cc3)cc21,-9.6,3.7009000000000025,0.5781988052672823,2.2438040414482128,318.332,1,3,2,72.24000000000001,4,24,0.49237347,0.18621163,True,0.449543798213557,docking_results_3_29.csv,0.0555648,0.045081124,0.4007296,0.13033725,0.25019065,0.08944553,0.041702315,0.40016955,0.080935985,0.06976397,0.49237347,0.17824496,True,3.7009000000000025,3.7009000000000025
44,CNS(=O)(=O)C1=CC=C(C=C1)C2=CC=C3C=CC4=C(CCNC4=O)C3=C2,CNS(=O)(=O)c1ccc(-c2ccc3ccc4c(c3c2)CCNC4=O)cc1,-9.5,2.7008,0.7483458916601576,2.3098727327069035,366.4420000000002,2,3,3,75.27000000000001,4,26,0.12131258,0.055298235,True,0.6559971530551969,docking_results_3_19.csv,0.047694758,0.019223291,0.10397304,0.038868874,0.12131258,0.023353433,0.017664742,0.117266744,0.018701613,0.020439044,0.09621886,0.038861852,True,2.7008,2.7008
50,O=S(=O)(NC1=CC=CC(=C1)C#N)C2=CC=C3C=CC4=C(CCNC4=O)C3=C2,N#Cc1cccc(NS(=O)(=O)c2ccc3ccc4c(c3c2)CCNC4=O)c1,-9.5,2.7981800000000003,0.7330467753915272,2.4210987890108484,377.4250000000002,2,4,3,99.06,4,27,0.12796775,0.054772485,True,0.6448153404741573,docking_results_3_16.csv,0.041440643,0.019438688,0.09108982,0.038486965,0.09713501,0.023359053,0.02200075,0.12796775,0.018340997,0.025322154,0.110136755,0.042551246,True,2.7981800000000003,2.7981800000000003
212,CCC1=NN(CC)C2=C1C=CC3=CC=C(C=C23)C(=O)NC4CCN5CCNCC5C4,CCc1nn(CC)c2c1ccc1ccc(C(=O)NC3CCN4CCNCC4C3)cc12,-9.5,2.9378,0.7006597296532097,3.4024917912624986,405.5460000000002,2,4,4,62.190000000000005,5,30,0.13702807,0.04602543,True,0.6220445760455464,docking_results_3_29.csv,0.026567493,0.010776055,0.13702807,0.039126296,0.052567657,0.010418348,0.011601429,0.12857404,0.01890279,0.019934569,0.044902574,0.051905844,True,2.9378,2.9378
84,CC1=CC(C)=NC(=N1)N2CCCN(CC2)C(=O)C=C3C=C4C=CC=CC4=CC3=C,C=c1cc2ccccc2cc1=CC(=O)N1CCCN(c2nc(C)cc(C)n2)CC1,-9.5,2.1763399999999997,0.6774264419618166,2.8379055146630225,386.49900000000014,0,4,2,49.330000000000005,4,29,0.15279216,0.0557728,True,0.6412275103275972,docking_results_3_15.csv,0.038062695,0.019844875,0.12539904,0.041556913,0.07434281,0.019577987,0.02410438,0.15279216,0.03235651,0.036787093,0.050176214,0.05427298,True,2.1763399999999997,2.17634
178,COC(=O)[C@H1]1CC2=CC=CC=C2CN1C3=CC=C4C=CC5=C(CCNC5=O)C4=C3,COC(=O)[C@H]1Cc2ccccc2CN1c1ccc2ccc3c(c2c1)CCNC3=O,-9.5,3.2300000000000013,0.6872999166195991,3.0695756847482762,386.4510000000002,1,4,2,58.64,5,29,0.17723224,0.07683522,True,0.5542982029751478,docking_results_3_29.csv,0.05492562,0.026223516,0.17723224,0.059895396,0.12628603,0.03125494,0.027796596,0.16226183,0.0371397,0.03534842,0.11686796,0.06679043,True,3.2300000000000013,3.2300000000000013
76,C=1C=C(C2=CC=CC=C2)C=NC=C3C=CC(O4)=C(CCNC4=O)C3=NN=1,O=C1NCCc2c(ccc3cncc(-c4ccccc4)ccnnc23)O1,-9.5,3.460700000000002,0.7313965916392935,3.156314778165237,344.374,1,5,1,77.0,4,26,0.19079182,0.05039433,True,0.4897750377169277,docking_results_3_24.csv,0.042511214,0.015566845,0.19079182,0.02923835,0.093346715,0.014888443,0.015632655,0.09127065,0.027415933,0.019329913,0.03296074,0.03177873,True,3.460700000000002,3.460700000000002
229,C1CCCCC(=N1)C2=CC=C3C=CC4=C(CCNC4=O)C3=C2,O=C1NCCc2c1ccc1ccc(C3=NCCCCC3)cc21,-9.5,3.488800000000002,0.8585890723525442,2.638323120500365,292.382,1,2,1,41.46,4,22,0.1954109,0.07845194,True,0.4816792274889387,docking_results_3_27.csv,0.04965182,0.02518926,0.1954109,0.06715493,0.09224397,0.026510943,0.026705835,0.18469067,0.035023518,0.039241362,0.11753976,0.08206025,True,3.488800000000002,3.488800000000002
146,C1N(CC1C2=CC=CC(=C2)C(N)=O)C=CC=C3C=CC4=C(CCNC4=O)C3,NC(=O)c1cccc(C2CN(C=CC=C3C=CC4=C(CCNC4=O)C3)C2)c1,-9.5,2.4012000000000002,0.8646679378156699,3.5915843034963633,361.4450000000002,2,3,4,75.43,4,27,0.19574843,0.04270302,True,0.6631699479503866,docking_results_3_17.csv,0.03160781,0.026018884,0.019548371,0.015728965,0.044182453,0.018883927,0.025118291,0.19574843,0.017095717,0.040235136,0.032247636,0.04602067,True,2.4012000000000002,2.4012
150,CC1=CC=C(C=C1\C=C2\OC(=O)N(CC3=CC=CC=C3)C2=O)C(=O)N4CCCC4,Cc1ccc(C(=O)N2CCCC2)cc1/C=C1/OC(=O)N(Cc2ccccc2)C1=O,-9.5,3.7509200000000025,0.745979654775078,2.3881724284721066,390.43900000000025,0,4,4,66.92,4,29,0.2095273,0.070201315,True,0.4075173900273079,docking_results_3_3.csv,0.03380861,0.022709649,0.067906834,0.045893066,0.10324281,0.035444744,0.03759823,0.2095273,0.0316939,0.053567287,0.13766916,0.0633542,True,3.7509200000000025,3.7509200000000025
14,O=C([O-1])C1=NC=CC=C1C2=CC=C3C=CC4=C(CCNC4=O)C3=C2,O=C1NCCc2c1ccc1ccc(-c3cccnc3C(=O)[O-])cc21,-9.5,1.5511999999999997,0.7772645201558632,2.784783305662259,317.324,1,4,2,82.12,4,24,0.21655393,0.07236057,True,0.4931987797438987,docking_results_3_25.csv,0.052663453,0.02645521,0.21655393,0.039887212,0.10610953,0.024117142,0.021457441,0.16138975,0.032604896,0.025468774,0.09702065,0.06459891,True,1.5511999999999997,1.5511999999999997
132,CN(CCOCC)CC1=CC=C(C=N1)C2=CC=C3C=CC4=C(CCNC4=O)C3=C2,CCOCCN(C)Cc1ccc(-c2ccc3ccc4c(c3c2)CCNC4=O)cn1,-9.5,3.6560000000000024,0.6268583912261281,2.6127561303124356,389.4990000000002,1,4,7,54.46,4,29,0.22107342,0.07391841,True,0.4338229989120865,docking_results_3_20.csv,0.038238477,0.017196007,0.22107342,0.064231575,0.106098786,0.024914546,0.020731527,0.1585627,0.035147134,0.035206422,0.105362,0.06025833,True,3.6560000000000024,3.6560000000000015
191,NC(=O)C1=CC=C(C=C1)C2=CC=C(C=C2)C=CC=CC=3C(=O)NCCOC=3,NC(=O)c1ccc(-c2ccc(C=CC=CC3=COCCNC3=O)cc2)cc1,-9.5,3.052200000000001,0.8042922308847243,2.8562922340273715,360.4130000000002,2,3,5,81.42,3,27,0.22172573,0.066866204,True,0.598266206558791,docking_results_3_7.csv,0.04950072,0.039350696,0.08132073,0.023853075,0.098557636,0.035773274,0.036563653,0.22172573,0.040956374,0.052561376,0.06210204,0.060129113,True,3.052200000000001,3.052200000000001
106,C[C@@H1](C1=CC=CO1)C2=CC=C3C4=C(CCNC4=O)C=CC3=C2,C[C@H](c1ccc2c3c(ccc2c1)CCNC3=O)c1ccco1,-9.5,3.8705000000000025,0.7784728846421802,3.0491055146445776,291.34999999999997,1,2,2,42.24,4,22,0.23159552,0.09458052,True,0.3759823995469963,docking_results_3_16.csv,0.045182347,0.023036465,0.19153707,0.089567885,0.14695321,0.041874617,0.031525195,0.18716626,0.030353718,0.04832824,0.23159552,0.06784568,True,3.8705000000000025,3.8705000000000025
141,COC(=O)[C@@]12CCO[C@@H1]1CCN(C2)C3=CC=C4C=CC5=C(CCNC5=O)C4=C3,COC(=O)[C@@]12CCO[C@@H]1CCN(c1ccc3ccc4c(c3c1)CCNC4=O)C2,-9.5,2.2841000000000005,0.8099782649260062,3.7580335554710853,380.4440000000002,1,5,2,67.87,5,28,0.23803234,0.08971568,True,0.6545338248379552,docking_results_3_21.csv,0.085808486,0.057013407,0.10455408,0.071140915,0.11532219,0.040246785,0.03515332,0.23803234,0.04578545,0.040387534,0.106919,0.13622473,True,2.2841000000000005,2.2841000000000005
208,OCC=1C=CNC=1C(C)C2=CC=C3C4=C(CCNC4=O)C=CC3=C2,CC(c1ccc2c3c(ccc2c1)CCNC3=O)c1[nH]ccc1CO,-9.5,3.097900000000001,0.6941230548336691,3.387852931765564,320.392,3,2,3,65.12,4,24,0.24204168,0.09003591,True,0.5876804005762741,docking_results_3_16.csv,0.031533293,0.016129438,0.19422975,0.086882375,0.11028693,0.031914417,0.027240677,0.1973217,0.02592837,0.04718707,0.24204168,0.06973518,True,3.097900000000001,3.097900000000001
3,CCS[C@@H1]1CC[C@@H1](CC1)C2=CC=C3C4=C(CCNC4=O)C(=O)OC3=C2,CCS[C@H]1CC[C@@H](c2ccc3c4c(c(=O)oc3c2)CCNC4=O)CC1,-9.5,3.8582000000000027,0.8476506227848968,2.9807589284843345,357.4750000000001,1,4,3,59.31,4,25,0.24731337,0.108170114,True,0.3791274575041275,docking_results_3_16.csv,0.077322885,0.049175207,0.12358396,0.1102061,0.13919072,0.05573512,0.040004913,0.24731337,0.040592972,0.05918671,0.2284113,0.1273181,True,3.8582000000000027,3.8582000000000023
201,CC1=CC(C(=O)O)=C(C=C1N)C2=CC=C3C=C4N(CCNC4=O)C(=O)C3=C2,Cc1cc(C(=O)O)c(-c2ccc3cc4n(c(=O)c3c2)CCNC4=O)cc1N,-9.5,2.0007200000000003,0.6026319065518505,2.6639918079918683,363.3730000000001,3,4,2,114.41999999999999,4,27,0.25839734,0.07321392,True,0.6097806400781405,docking_results_3_15.csv,0.04200903,0.02200443,0.25839734,0.03366034,0.08143844,0.01942829,0.020164128,0.17865099,0.03562323,0.024861287,0.087491535,0.07483799,True,2.0007200000000003,2.0007200000000003
94,O=C(NC1=CC=CC=C1C(=O)O)C2=CC=C3C=CC4=C(CCNC4=O)C3=C2,O=C(Nc1ccccc1C(=O)O)c1ccc2ccc3c(c2c1)CCNC3=O,-9.5,3.076200000000002,0.6688075924016379,2.190067620179679,360.36900000000014,3,3,3,95.5,4,27,0.26445574,0.0897361,True,0.5927770767441692,docking_results_3_25.csv,0.046418425,0.025306154,0.26445574,0.041301657,0.13608354,0.032894164,0.025643844,0.19856863,0.04103062,0.033025485,0.16122106,0.07088375,True,3.076200000000002,3.076200000000002
56,O=C(CCC1=CC=CC=C1)NC2=CC=C3C4=C(CCNC4=O)C=CC3=C2,O=C(CCc1ccccc1)Nc1ccc2c3c(ccc2c1)CCNC3=O,-9.5,3.697000000000002,0.7581392192557675,2.1396424449292457,344.41400000000004,2,2,4,58.2,4,26,0.2698557,0.11979761,True,0.4223474996698898,docking_results_3_15.csv,0.045067146,0.028069844,0.26653224,0.089486755,0.17983274,0.05576966,0.0417048,0.24958365,0.05414788,0.066875085,0.2698557,0.09064579,True,3.697000000000002,3.697000000000002
143,C1C=NN(CCC1C)C2=CC=C3C=CC4=C(CCNC4=O)C3=C2,CC1CC=NN(c2ccc3ccc4c(c3c2)CCNC4=O)CC1,-9.5,3.347800000000002,0.8778829957580209,3.4884090895877957,307.39700000000005,1,3,1,44.7,4,23,0.27309307,0.10105283,True,0.5219808688179275,docking_results_3_29.csv,0.039937194,0.021304937,0.27309307,0.08707831,0.111927815,0.031590533,0.027667442,0.23405729,0.04907157,0.046429943,0.18348788,0.106988,True,3.347800000000002,3.347800000000002
109,O=C1CCN(CC2=CC=CC(O)=C2)C(=O)[C@@H1]1C(=O)NC3=CC=C4C=CC=CC4=C3,O=C1CCN(Cc2cccc(O)c2)C(=O)[C@@H]1C(=O)Nc1ccc2ccccc2c1,-9.5,3.101700000000001,0.6726588984645234,2.755005249159767,388.42300000000006,2,4,4,86.71000000000001,4,29,0.27513468,0.12188592,True,0.5867753387170408,docking_results_3_9.csv,0.062301878,0.044906132,0.17841989,0.08276428,0.19430368,0.06976031,0.057607066,0.27513468,0.07029576,0.07506134,0.23549213,0.11658383,True,3.101700000000001,3.101700000000001
160,CNC(=O)C1=CC=C(C=C1)C2=CC=C3C=CC=C(CNC(N)=O)C3=C2,CNC(=O)c1ccc(-c2ccc3cccc(CNC(N)=O)c3c2)cc1,-9.5,3.0347,0.6854720630829215,1.957356761637099,333.3910000000001,3,2,4,84.22,3,25,0.27665433,0.08753604,True,0.6021661709151298,docking_results_3_11.csv,0.05247848,0.024863258,0.27665433,0.039511763,0.18642727,0.03857506,0.026582943,0.15794453,0.050724693,0.036090612,0.111260034,0.049319524,True,3.0347,3.0347
195,C1CO[C@@H1](C)C(=O)N1C2=CC=C3C4=C(CCNC4=O)C=CC3=C2,C[C@@H]1OCCN(c2ccc3c4c(ccc3c2)CCNC4=O)C1=O,-9.5,1.8774,0.8747080700588228,3.192338648088996,310.353,1,3,1,58.64,4,23,0.27796826,0.11597949,True,0.5817331149529689,docking_results_3_22.csv,0.06955271,0.04647559,0.23811784,0.094384186,0.12024996,0.04293142,0.043148644,0.27796826,0.06661722,0.054449007,0.17106888,0.16679007,True,1.8774,1.8774
105,O=C(CC1=CC=CC(=C1)C=O)NC2=CC=C3C=CC4=C(CCNC4=O)C3=C2,O=Cc1cccc(CC(=O)Nc2ccc3ccc4c(c3c2)CCNC4=O)c1,-9.5,3.1194000000000015,0.7038309863390505,2.377772707400151,358.39700000000016,2,3,4,75.27000000000001,4,27,0.27893308,0.11985711,True,0.5825120657217349,docking_results_3_24.csv,0.056731082,0.03829288,0.27893308,0.07600792,0.16240743,0.053852063,0.043155327,0.26788816,0.062976375,0.06340456,0.22477032,0.109866135,True,3.1194000000000015,3.119400000000001
122,C[C@@H1]1CCC[C@H1](O1)C2=CC=C3C4=C(CCNC4=O)C=CC3=C2,C[C@@H]1CCC[C@@H](c2ccc3c4c(ccc3c2)CCNC4=O)O1,-9.5,3.7558000000000025,0.8697281607583364,3.36137394064475,295.382,1,2,1,38.33,4,22,0.27931318,0.10861895,True,0.4061918715696068,docking_results_3_21.csv,0.053073592,0.028110212,0.18588817,0.12436681,0.14499186,0.046983544,0.035239942,0.2142721,0.0358993,0.05502627,0.27931318,0.10026256,True,3.7558000000000025,3.7558000000000025
21,C1C[C@H1](C)S(=O)(=O)[C@H1]1C2=CC=C3C=CC4=C(CCNC4=O)C3=C2,C[C@H]1CC[C@H](c2ccc3ccc4c(c3c2)CCNC4=O)S1(=O)=O,-9.5,2.7639000000000005,0.874849785896224,3.832550977733603,329.4210000000001,1,3,1,63.24,4,23,0.28161693,0.11209098,True,0.6492168899344322,docking_results_3_25.csv,0.070936166,0.04722538,0.08696983,0.12106772,0.16427787,0.06557823,0.047195766,0.2433902,0.03632697,0.06180417,0.28161693,0.1187027,True,2.7639000000000005,2.7639000000000005
116,CC(C)N1N=NN=C1CN2C=C(C=N2)C3=CC=C4C=CC5=C(CCNC5=O)C4=C3,CC(C)n1nnnc1Cn1cc(-c2ccc3ccc4c(c3c2)CCNC4=O)cn1,-9.5,2.6049000000000007,0.5812520740818147,2.8917445918508964,387.44700000000023,1,5,4,90.52000000000001,5,29,0.2926041,0.07860384,True,0.6628761518069856,docking_results_3_15.csv,0.038253225,0.018524306,0.2926041,0.066123575,0.07350066,0.017522497,0.019748542,0.17700607,0.039546277,0.02903624,0.08312785,0.08825279,True,2.6049000000000007,2.6049000000000007
123,O=C(C1=CC=CC=C1)C2=CC=C3C=CC4=C(CCNC4=O)C3=C2,O=C(c1ccccc1)c1ccc2ccc3c(c2c1)CCNC3=O,-9.5,3.356700000000002,0.7377792935706815,2.133692930264303,301.345,1,2,2,46.17,4,23,0.29467645,0.1295291,True,0.5194733570270939,docking_results_3_22.csv,0.06319671,0.039208792,0.2814527,0.086948864,0.23284858,0.067874216,0.03514724,0.25369817,0.0526645,0.052285887,0.29467645,0.09434728,True,3.356700000000002,3.356700000000002
40,C1OC(=O)[C@H1]2CN(CC12)C3=CC=C4C=CC5=C(CCNC5=O)C4=C3,O=C1NCCc2c1ccc1ccc(N3CC4COC(=O)[C@H]4C3)cc21,-9.5,1.7348999999999999,0.8126133231452927,3.507703112722739,322.36400000000003,1,4,1,58.64,5,24,0.29484248,0.11792626,True,0.5448672816065433,docking_results_3_26.csv,0.07951071,0.058012266,0.18308918,0.091205776,0.13326493,0.050564542,0.047908954,0.29484248,0.073253006,0.055811483,0.16326752,0.18438426,True,1.7348999999999999,1.7349
203,CCCS(=O)(=O)C1=CC=C(C=C1)C2=CC=C3C=CC4=C(CCNC4=O)C3=C2,CCCS(=O)(=O)c1ccc(-c2ccc3ccc4c(c3c2)CCNC4=O)cc1,-9.5,3.9764000000000026,0.7458225124773696,2.3594510367630956,379.4810000000002,1,3,4,63.24,4,27,0.29986468,0.12055451,True,0.3499769488595823,docking_results_3_18.csv,0.057774298,0.039351054,0.16541372,0.10251912,0.2036542,0.0698854,0.044152655,0.25512975,0.04631059,0.06308416,0.29986468,0.099514306,True,3.9764000000000026,3.9764000000000026
169,CCN1N=CN=C1C2=NN=C(O2)C3=CC=C4C=CC5=C(CCNC5=O)C4=C3,CCn1ncnc1-c1nnc(-c2ccc3ccc4c(c3c2)CCNC4=O)o1,-9.5,2.4540999999999995,0.6024674464857023,2.873636575275217,360.3770000000001,1,6,3,98.72999999999999,5,27,0.30488276,0.07964079,True,0.6649838577582255,docking_results_3_14.csv,0.04066183,0.021928241,0.30488276,0.05405679,0.06601286,0.016548451,0.020280838,0.19036697,0.041929364,0.026710782,0.07325528,0.099055275,True,2.4540999999999995,2.4540999999999995
172,[NH3+1]C[C@@H1](N1C=CN=C1C2=CC=CC=C2)C3=CC=C4C=CC5=C(CCNC5=O)C4=C3,[NH3+]C[C@H](c1ccc2ccc3c(c2c1)CCNC3=O)n1ccnc1-c1ccccc1,-9.5,2.820500000000001,0.5686463630676903,3.421974146286738,383.4750000000002,2,2,4,74.56,5,29,0.30532053,0.120872356,True,0.6416868502882169,docking_results_3_29.csv,0.044288132,0.02496521,0.30532053,0.119665116,0.15130736,0.044867896,0.037564047,0.23672777,0.050706767,0.058076352,0.2720555,0.10492358,True,2.820500000000001,2.820500000000001
51,CC[NH2+1][C@@H1](C)C1=CC=C(C=C1)C2=CC=C3C=CC4=C(CCNC4=O)C3=C2,CC[NH2+][C@@H](C)c1ccc(-c2ccc3ccc4c(c3c2)CCNC4=O)cc1,-9.5,3.437000000000002,0.7475065528610592,3.434912868075327,345.4660000000001,2,1,4,45.71,4,26,0.30859995,0.109380685,True,0.4965895245449749,docking_results_3_29.csv,0.035385225,0.01799482,0.23563834,0.10654816,0.1655686,0.045744352,0.028485812,0.21082608,0.03310219,0.053570066,0.30859995,0.07110447,True,3.437000000000002,3.437000000000002
183,CC1=CC=C(OC2=CC=C3C=C(C4NC(=O)NC4=O)C=CC3=C2)C=C1,Cc1ccc(Oc2ccc3cc(C4NC(=O)NC4=O)ccc3c2)cc1,-9.5,3.8210200000000016,0.7165652311925069,2.561583153249849,332.35900000000004,2,3,3,67.43,4,25,0.3102325,0.13285096,True,0.3887787338390645,docking_results_3_16.csv,0.05192495,0.029932164,0.3102325,0.092206255,0.2198745,0.06238247,0.04412677,0.25294387,0.06639448,0.06280994,0.30245987,0.09892393,True,3.8210200000000016,3.8210200000000016
74,CC[S@@](=O)[C@@H1]1CCC[C@H1]1NC(=O)C2=CC=C3C=CC4=C(CCNC4=O)C3=C2,CC[S@@](=O)[C@@H]1CCC[C@H]1NC(=O)c1ccc2ccc3c(c2c1)CCNC3=O,-9.5,2.5452000000000004,0.8506456840807143,3.738267568212203,384.5010000000002,2,3,4,75.27000000000001,4,27,0.31493297,0.14050893,True,0.6649989984477003,docking_results_3_20.csv,0.08986585,0.06371849,0.17459577,0.12715821,0.19427639,0.079400994,0.04729304,0.30326304,0.059753157,0.06858778,0.31493297,0.1632614,True,2.5452000000000004,2.5452000000000004
75,CN1C=NC(CC(=O)N2CC=CC2=O)=C1C3=CC=C4C=CC5=C(CCNC5=O)C4=C3,Cn1cnc(CC(=O)N2CC=CC2=O)c1-c1ccc2ccc3c(c2c1)CCNC3=O,-9.5,1.9936999999999998,0.7288476830708867,3.2297983618974033,400.43800000000016,1,4,3,84.30000000000001,5,30,0.322567,0.117073335,True,0.6083020875856872,docking_results_3_22.csv,0.059482656,0.047439512,0.24300836,0.081668705,0.092023045,0.039457057,0.047786318,0.322567,0.07194888,0.06684338,0.15445976,0.17819554,True,1.9936999999999998,1.9937
248,CC=1C=NC(C=1C(N)=O)C2=CC=C3C=CC4=C(CCNC4=O)C3=C2,CC1=C(C(N)=O)C(c2ccc3ccc4c(c3c2)CCNC4=O)N=C1,-9.5,2.053,0.8876210153318391,3.5426772776243087,319.36400000000003,2,3,2,84.54999999999998,4,24,0.32284868,0.12423571,True,0.6202902558040281,docking_results_3_17.csv,0.05860857,0.046235934,0.26018682,0.07968983,0.11954918,0.048167378,0.048229832,0.32284868,0.076204754,0.07049406,0.19827956,0.16233401,True,2.053,2.053
59,O=C(NC1=CC=C(C=C1)[C@H1]2CNCCO2)C3=CC=C4C=CC5=C(CCNC5=O)C4=C3,O=C(Nc1ccc([C@H]2CNCCO2)cc1)c1ccc2ccc3c(c2c1)CCNC3=O,-9.5,3.038900000000001,0.6303542957501989,2.966555425335871,401.4660000000001,3,4,3,79.46000000000001,5,30,0.32558447,0.12500674,True,0.6012382759267169,docking_results_3_21.csv,0.055587865,0.033736646,0.32558447,0.091881305,0.15678322,0.046835754,0.03703039,0.267626,0.06818232,0.053290345,0.23018312,0.13335936,True,3.038900000000001,3.038900000000001
121,COC(=O)C1=CC=C(C=C1)C2=CC=C3C4=C(CCNC4=O)C=CC3=C2,COC(=O)c1ccc(-c2ccc3c4c(ccc3c2)CCNC4=O)cc1,-9.5,3.5793000000000017,0.7303720553601969,2.185407005407411,331.37100000000004,1,3,2,55.4,4,25,0.32642046,0.11491311,True,0.4556340679181971,docking_results_3_11.csv,0.06346687,0.035677575,0.32642046,0.07174832,0.19015671,0.050524324,0.030793788,0.21984108,0.053806257,0.043284826,0.2064804,0.0867569,True,3.5793000000000017,3.5793000000000017
256,CC1=C(C=C(C)N2N=C(N=C12)C3=CC=C4C=CC=CC4=C3)C(N)=O,Cc1c(C(N)=O)cc(C)n2nc(-c3ccc4ccccc4c3)nc12,-9.5,3.2652400000000004,0.6166244073618786,2.3057466048949955,316.3640000000001,1,3,2,73.28,4,24,0.32808858,0.07048009,True,0.5448292837337827,docking_results_3_2.csv,0.034058448,0.014487435,0.32808858,0.04038287,0.085218,0.015837302,0.017280415,0.13216063,0.035011645,0.022835322,0.068954326,0.051446076,True,3.2652400000000004,3.2652400000000004
132,CC(C)C1=NOC(=N1)C2=CC=C3C=CC4=C(CCNC4=O)C3=C2,CC(C)c1noc(-c2ccc3ccc4c(c3c2)CCNC4=O)n1,-9.5,3.299100000000002,0.7884875988802581,2.5559572554913164,307.35300000000007,1,4,2,68.02000000000001,4,23,0.328507,0.09379113,True,0.5355588540166202,docking_results_3_23.csv,0.04623359,0.02357274,0.328507,0.070470385,0.10516756,0.026055252,0.024487093,0.19599088,0.04977038,0.03428452,0.1232346,0.09771957,True,3.299100000000002,3.299100000000002
5,O=C(N[C@@H1]1CC1C2=CC=CC=C2)C3=CC=C4C=CC5=C(CCNC5=O)C4=C3,O=C(N[C@@H]1CC1c1ccccc1)c1ccc2ccc3c(c2c1)CCNC3=O,-9.5,3.4116000000000017,0.75551954262381,3.0492580204664144,356.4250000000002,2,2,3,58.2,5,27,0.33915177,0.13054691,True,0.5038692651808971,docking_results_3_22.csv,0.06100074,0.03879981,0.21245801,0.110062025,0.21307553,0.070974864,0.039626952,0.265387,0.047502026,0.061000768,0.33915177,0.10752326,True,3.4116000000000017,3.4116000000000017
197,COC1=CC=C(C=C1N2C(=O)C3=CC=CC4=CC=C(C=C34)C2=O)CC5CNCCN5,COc1ccc(CC2CNCCN2)cc1-n1c(=O)c2ccc3cccc(c1=O)c3c2,-9.5,2.0543999999999993,0.5477339343379821,3.8036277534285396,401.46600000000024,2,5,4,72.36,5,30,0.3461867,0.10827651,True,0.6205591072829416,docking_results_3_19.csv,0.049815726,0.025545366,0.3461867,0.08549699,0.14533712,0.035478543,0.028677631,0.21306695,0.060932696,0.04166875,0.16169976,0.10541192,True,2.0543999999999993,2.0544
201,CC=1NN=C(C)C=1C=CC2=CC=C3C=CC4=C(CCNC4=O)C3=C2,Cc1n[nH]c(C)c1C=Cc1ccc2ccc3c(c2c1)CCNC3=O,-9.5,3.636040000000002,0.7579802892310489,2.8325124026522257,317.392,2,2,2,57.78,4,24,0.3535226,0.10903311,True,0.4394614195188695,docking_results_3_28.csv,0.04330669,0.025235316,0.3535226,0.08749955,0.09991209,0.031397805,0.030907894,0.24311215,0.04970821,0.05275072,0.18139052,0.10965375,True,3.636040000000002,3.636040000000002
173,CN(C(=O)C1=CC=C2N(CC(O)=O)C(=O)C=CC2=C1)C=C3C=CC=C4C=CC=CC34,CN(C=C1C=CC=C2C=CC=CC21)C(=O)c1ccc2c(ccc(=O)n2CC(=O)O)c1,-9.5,3.280400000000002,0.8542637543366889,3.806179456598727,400.4340000000001,1,3,4,79.61,4,30,0.35554644,0.08541193,True,0.540697990671034,docking_results_3_26.csv,0.055031482,0.066931136,0.042036314,0.033288967,0.06818948,0.045923557,0.044821296,0.35554644,0.036824793,0.0812289,0.087389335,0.107731424,True,3.280400000000002,3.280400000000002
90,CCNC(=O)C1=CC=C(C=C1)C2=CC=C3C4=C(CCNC4=O)C=CC3=C2,CCNC(=O)c1ccc(-c2ccc3c4c(ccc3c2)CCNC4=O)cc1,-9.5,3.5424000000000015,0.7633974560157522,2.2273630279251986,344.414,2,2,3,58.2,4,26,0.36151814,0.12343404,True,0.4662330914711607,docking_results_3_19.csv,0.05255199,0.029525725,0.36151814,0.086426124,0.17109685,0.048407394,0.03286428,0.24299888,0.055711403,0.051989004,0.24922131,0.09889746,True,3.5424000000000015,3.542400000000001
43,C[C@@H1](CNC1=CC=C(C=N1)C(N)=O)NC2=CC=C3C=CC4=C(CCNC4=O)C3=C2,C[C@@H](CNc1ccc(C(N)=O)cn1)Nc1ccc2ccc3c(c2c1)CCNC3=O,-9.5,2.5321,0.5179815012287531,3.114883469734375,389.4590000000002,4,5,6,109.13999999999999,4,29,0.36803854,0.09937615,True,0.6652394883790133,docking_results_3_17.csv,0.043039124,0.022427276,0.36803854,0.05676364,0.121771246,0.030248033,0.026003353,0.20286462,0.05464451,0.039313577,0.14178008,0.085619785,True,2.5321,2.5321
191,CC1=CC(CN=CC(=N)N2CCOC2)=CC=C1C=C3C=CC4=CC=CCOC4=C3,Cc1cc(CN=CC(=N)N2CCOC2)ccc1C=c1ccc2c(c1)OCC=CC=2,-9.5,2.39069,0.6474260980923181,3.929557048218057,387.4830000000001,1,4,4,57.91000000000001,4,29,0.37178728,0.1364066,True,0.6626529148580709,docking_results_3_25.csv,0.04932546,0.044836387,0.20820147,0.10232812,0.12604944,0.061886046,0.06693547,0.37178728,0.082617894,0.1144864,0.23660503,0.17182024,True,2.39069,2.39069
204,COC(=O)C1=CC=C(C=N1)C2=CC=C3C=CC4=C(CCNC4=O)C3=C2,COC(=O)c1ccc(-c2ccc3ccc4c(c3c2)CCNC4=O)cn1,-9.5,2.9743000000000004,0.7326895456281819,2.3983589284843347,332.35900000000004,1,4,2,68.28999999999999,4,25,0.37897882,0.11376362,True,0.6149146474733138,docking_results_3_29.csv,0.062036514,0.03558401,0.37897882,0.070673235,0.15289138,0.041426003,0.03193852,0.22157697,0.06457726,0.042637836,0.1608426,0.10200041,True,2.9743000000000004,2.9743000000000004
204,CC[S@@](=O)[C@@H1]1CCCC1N2C=C(C=N2)C3=CC=C4C=CC5=C(CCNC5=O)C4=C3,CC[S@@](=O)[C@@H]1CCCC1n1cc(-c2ccc3ccc4c(c3c2)CCNC4=O)cn1,-9.5,3.8514000000000026,0.7144475670906909,3.9905842501731295,407.5390000000002,1,3,4,63.99,5,29,0.38744953,0.18071783,True,0.3808765905452521,docking_results_3_28.csv,0.07582519,0.058293946,0.32521212,0.19910903,0.19556637,0.086401805,0.06162484,0.3605909,0.09642575,0.096405424,0.38744953,0.22570898,True,3.8514000000000026,3.8514000000000026
200,C1CC[C@H1]C2[C@@H1]1N=CN3N=C(N=C23)C4=CC=C5C=CC=CC5=C4,[CH]1CCC[C@H]2N=Cn3nc(-c4ccc5ccccc5c4)nc3C12,-9.5,3.8286900000000026,0.6853332993534754,3.97266686144855,301.37300000000005,0,3,1,43.07,5,23,0.40156728,0.14456768,True,0.3867704435296182,docking_results_3_9.csv,0.04592692,0.027702864,0.40156728,0.15251225,0.1642459,0.048562273,0.040992983,0.27441692,0.082838215,0.064325705,0.28043413,0.15128686,True,3.8286900000000026,3.8286900000000026
70,CCCN(C1COC1)C2=CC=C(C=N2)C3=CC=C4C=CC5=C(CCNC5=O)C4=C3,CCCN(c1ccc(-c2ccc3ccc4c(c3c2)CCNC4=O)cn1)C1COC1,-9.5,3.802900000000003,0.7234801640128438,2.8382868995432045,387.4830000000002,1,4,5,54.46,5,29,0.4037988,0.16901202,True,0.3935575318720302,docking_results_3_22.csv,0.053476125,0.04033845,0.4037988,0.16715203,0.15512471,0.0632717,0.0543414,0.35707557,0.096503444,0.09196413,0.33685106,0.20824689,True,3.802900000000003,3.802900000000003
38,CC(=O)C1=CC=C(O1)C2=CC=C3C4=C(CCNC4=O)C=CC3=C2,CC(=O)c1ccc(-c2ccc3c4c(ccc3c2)CCNC4=O)o1,-9.5,3.588300000000002,0.7360594934763159,2.512012500246561,305.33299999999997,1,3,2,59.31,4,23,0.40960875,0.14394002,True,0.4530569591181339,docking_results_3_22.csv,0.07381263,0.049092256,0.40960875,0.09833395,0.18097061,0.05898096,0.040799607,0.2876147,0.07738658,0.057849534,0.24827942,0.14455117,True,3.588300000000002,3.588300000000002
236,CC1=CC(C)=CC=C1NC(=O)C2=CC=C3C4=C(CCNC4=O)C=CC3=C2,Cc1ccc(NC(=O)c2ccc3c4c(ccc3c2)CCNC4=O)c(C)c1,-9.5,3.9948400000000026,0.7382574463088649,2.1983363501705213,344.414,2,2,2,58.2,4,26,0.41049233,0.13293728,True,0.3456576315717328,docking_results_3_17.csv,0.031596605,0.018224418,0.41049233,0.09931705,0.14921314,0.0429658,0.032429583,0.26297536,0.050074697,0.06032194,0.3407078,0.09692866,True,3.9948400000000026,3.9948400000000026
187,COCCCOC1=CC=C(C=N1)C2=CC=C3C=CC4=C(CCNC4=O)C3=C2,COCCCOc1ccc(-c2ccc3ccc4c(c3c2)CCNC4=O)cn1,-9.5,3.6030000000000024,0.6808037567995364,2.4785742578458123,362.42900000000014,1,4,6,60.45,4,27,0.4193691,0.14023699,True,0.4488562968578972,docking_results_3_25.csv,0.056338537,0.03556678,0.4193691,0.1173344,0.16189484,0.052621674,0.0421384,0.2727325,0.08135349,0.06700149,0.23922107,0.1372717,True,3.6030000000000024,3.6030000000000015
65,C1OC=CC=C1NC(=O)C2=CC=C(C=C2)C3=CC=4N(N=CC=4C=N3)C(=O)C#N,N#CC(=O)n1ncc2cnc(-c3ccc(C(=O)NC4=CC=COC4)cc3)cc21,-9.5,2.4196800000000005,0.7081872741477699,3.3068041258592444,371.3560000000001,1,6,3,109.89999999999998,4,28,0.42033118,0.16535969,True,0.6639534959759337,docking_results_3_15.csv,0.065266825,0.06989905,0.38056207,0.086083345,0.1424558,0.06686388,0.06510331,0.42033118,0.13970101,0.09275583,0.21459968,0.24069412,True,2.4196800000000005,2.4196800000000005
15,O=C(CCC1=C2C=CC=C1)NC3=NN=CC4=CC=C2C=C34,O=C1CCc2ccccc2-c2ccc3cnnc(c3c2)N1,-9.5,3.1815000000000015,0.6852307454931124,3.5879671879608876,275.31100000000004,1,3,0,54.88,4,21,0.42488757,0.12639506,True,0.5669787667537033,docking_results_3_19.csv,0.058074694,0.033543225,0.42488757,0.096769124,0.16157018,0.04365086,0.039492022,0.23072264,0.08594266,0.051219027,0.17105493,0.1198138,True,3.1815000000000015,3.181500000000001
181,CC[NH1+1](C)C1=CC=C(C=C1)C2=NN=C(O2)C3=CC=C4C=CC5=C(CCNC5=O)C4=C3,CC[NH+](C)c1ccc(-c2nnc(-c3ccc4ccc5c(c4c3)CCNC5=O)o2)cc1,-9.5,3.008800000000001,0.5533948087707354,3.7400826739493276,399.47400000000016,2,4,4,72.46000000000001,5,30,0.43184447,0.1491109,True,0.6077718265983425,docking_results_3_14.csv,0.038271353,0.025007099,0.43184447,0.13072486,0.1527775,0.047867995,0.03596043,0.30893093,0.07297514,0.06289567,0.33408308,0.14799222,True,3.008800000000001,3.008800000000001
148,CC1=CN=C(C)C=C1NC(=O)C2=CC=C3C=CC4=C(CCNC4=O)C3=C2,Cc1cc(NC(=O)c2ccc3ccc4c(c3c2)CCNC4=O)c(C)cn1,-9.5,3.3898400000000013,0.7477771549734228,2.4071363501705214,345.4020000000001,2,3,2,71.09,4,26,0.43245387,0.11431647,True,0.5100789411505083,docking_results_3_22.csv,0.0365972,0.019370208,0.43245387,0.0800637,0.116372034,0.031258684,0.02808492,0.22521746,0.052345872,0.047429558,0.20970929,0.09289475,True,3.3898400000000013,3.3898400000000013
242,O=[N+1]([O-1])C1=CC=C(C=N1)C2=CC=C3C4=C(CCNC4=O)C=CC3=C2,O=C1NCCc2ccc3cc(-c4ccc([N+](=O)[O-])nc4)ccc3c21,-9.5,3.095900000000001,0.5807681220080524,2.575032135093698,319.32,1,4,2,85.13,4,24,0.44690916,0.1714846,True,0.5881552696347765,docking_results_3_12.csv,0.04893578,0.03762369,0.44690916,0.12130874,0.18799745,0.06278627,0.039539907,0.37735677,0.08512918,0.06251199,0.40077433,0.18694201,True,3.095900000000001,3.095900000000001
249,COC1=CC=CC(=C1)C2=CC=C3C=CC4=C(CCNC4=O)C3=C2,COc1cccc(-c2ccc3ccc4c(c3c2)CCNC4=O)c1,-9.5,3.801300000000002,0.7817276534997959,2.1463218625260723,303.36100000000005,1,2,2,38.33,4,23,0.4515402,0.14565887,True,0.3939817689645565,docking_results_3_27.csv,0.053291418,0.031334285,0.4515402,0.11189622,0.19818157,0.05748395,0.036736462,0.26360774,0.06719158,0.05990658,0.30410108,0.1126351,True,3.801300000000002,3.801300000000002
241,C[C@@H1](OC1=CC=C(N)C=C1)C2=CC=C3C=CC4=C(CCNC4=O)C3=C2,C[C@@H](Oc1ccc(N)cc1)c1ccc2ccc3c(c2c1)CCNC3=O,-9.5,3.847900000000002,0.7161676467211865,2.8625254609421553,332.4030000000001,2,3,3,64.35,4,25,0.4658137,0.17056286,True,0.381779726367113,docking_results_3_25.csv,0.046582434,0.030462394,0.4658137,0.1448231,0.21830313,0.07334561,0.04525434,0.3109996,0.07794504,0.08185069,0.41784763,0.13352661,True,3.847900000000002,3.847900000000002
11,COC1=CC=C(C=C1)C2=CC=C3C4=C(CCNC4=O)C=CC3=C2,COc1ccc(-c2ccc3c4c(ccc3c2)CCNC4=O)cc1,-9.5,3.801300000000002,0.7817276534997959,2.1232091185536266,303.361,1,2,2,38.33,4,23,0.46973386,0.15882756,True,0.3939817689645565,docking_results_3_21.csv,0.05726552,0.035068445,0.46973386,0.123012684,0.2225511,0.067425154,0.037929114,0.2865844,0.07235443,0.063869685,0.34621906,0.12391722,True,3.801300000000002,3.801300000000002
13,FC1=CN=C(Cl)C=C1C2=CC=C3C=CC4=C(CCNC4=O)C3=C2,O=C1NCCc2c1ccc1ccc(-c3cc(Cl)ncc3F)cc21,-9.5,3.9802000000000035,0.6872277777301495,2.5560411715752327,326.7580000000001,1,2,1,41.99,4,23,0.47225484,0.16319507,True,0.3490815665764161,docking_results_3_21.csv,0.05484674,0.039394807,0.47225484,0.14896518,0.14206935,0.05249778,0.04675808,0.33291644,0.08290224,0.0745975,0.319519,0.19161908,True,3.9802000000000035,3.980200000000004
214,CCOC(=O)C1=CC=C(C=C1)C2=CC=C3C4=C(CCNC4=O)C(O)=CC3=C2,CCOC(=O)c1ccc(-c2ccc3c4c(c(O)cc3c2)CCNC4=O)cc1,-9.5,3.6750000000000016,0.6980662487711357,2.3720366511487114,361.39700000000005,2,4,3,75.63,4,27,0.47286394,0.20572104,True,0.4284860351326711,docking_results_3_17.csv,0.07325176,0.062483538,0.46900886,0.14850184,0.26475823,0.11081363,0.051201776,0.41500273,0.10299176,0.08926131,0.47286394,0.20851299,True,3.6750000000000016,3.6750000000000016
203,C1C[C@@H1](C)C1=CC2=CC=C3C4=C(CCNC4=O)C=CC3=C2,C[C@@H]1CCC1=Cc1ccc2c3c(ccc2c1)CCNC3=O,-9.5,3.9390000000000027,0.8401705455523683,3.1757262625999516,277.36699999999996,1,1,1,29.1,4,21,0.485487,0.1872145,True,0.3589329378921518,docking_results_3_21.csv,0.10984038,0.09037097,0.18603066,0.180814,0.25659356,0.13394514,0.048155583,0.4085847,0.055217594,0.09905428,0.485487,0.19248015,True,3.9390000000000027,3.9390000000000023
121,COC1=CC=C(C=N1)C2=CC=C3C=CC4=C(CCNC4=O)C3=C2,COc1ccc(-c2ccc3ccc4c(c3c2)CCNC4=O)cn1,-9.5,3.1963000000000017,0.790772429583176,2.3547044113205615,304.34900000000005,1,3,2,51.22,4,23,0.4882104,0.13220747,True,0.5631561280650386,docking_results_3_26.csv,0.055511545,0.030701235,0.4882104,0.096261516,0.15630466,0.04271942,0.033204667,0.23877022,0.07271712,0.0498963,0.20739257,0.114800066,True,3.1963000000000017,3.1963000000000017
29,O=C(NCC1=CC=CC(O)=C1)NC2=CC=C3C=CC4=C(CCNC4=O)C3=C2,O=C(NCc1cccc(O)c1)Nc1ccc2ccc3c(c2c1)CCNC3=O,-9.5,3.1530000000000014,0.5775753093123742,2.322263831660507,361.4010000000002,4,3,3,90.46000000000001,4,27,0.49088475,0.20304734,True,0.5742135718566749,docking_results_3_23.csv,0.060614258,0.051674727,0.49088475,0.13365223,0.24773148,0.100837745,0.060589854,0.41652986,0.12545766,0.10307256,0.44083565,0.2046873,True,3.1530000000000014,3.1530000000000014
107,CNC(=O)/C=C/C1=CC=C(C=C1)C2=CC=C3C=CC4=C(CCNC4=O)C3=C2,CNC(=O)/C=C/c1ccc(-c2ccc3ccc4c(c3c2)CCNC4=O)cc1,-9.5,3.5519000000000016,0.7052793868211962,2.4460590979326966,356.4250000000001,2,2,3,58.2,4,27,0.49879497,0.22772492,True,0.4635001381223935,docking_results_3_20.csv,0.08027985,0.08718261,0.41950688,0.15726525,0.26880884,0.13863644,0.079239145,0.49879497,0.15038733,0.14324836,0.44772568,0.26162383,True,3.5519000000000016,3.5519000000000016
78,O=S(=O)(C1=CC=C(F)C=C1)C2=CC=C3C=CC4=C(CCNC4=O)C3=C2,O=C1NCCc2c1ccc1ccc(S(=O)(=O)c3ccc(F)cc3)cc21,-9.4,3.0976000000000017,0.7186987175817692,2.304670954486502,355.39000000000016,1,3,2,63.24,4,25,0.07601598,0.028936572,True,0.5451788474910092,docking_results_3_15.csv,0.031407986,0.009937704,0.029662946,0.020638248,0.07601598,0.012191376,0.010746994,0.062320948,0.005190508,0.0112648895,0.06329175,0.01456951,True,3.0976000000000017,3.0976000000000017
211,C[C@@H1](C(=O)N1CCCCC1)C2=CC3=CC=CC=C3C=C2C(=O)NCCC4NCCNC(C)C4,CC1CC(CCNC(=O)c2cc3ccccc3cc2[C@@H](C)C(=O)N2CCCCC2)NCCN1,-9.4,3.415700000000001,0.6306214250809529,3.691713583997971,450.6270000000003,3,4,6,73.47,4,33,0.08024856,0.02820537,True,0.4662842452405987,docking_results_3_21.csv,0.02435808,0.008656392,0.03317581,0.021902444,0.068815656,0.011590794,0.010788729,0.08024856,0.009751029,0.018558655,0.03063059,0.019987693,True,3.415700000000001,3.415700000000001
248,O=C(N1CCN(CC1)C2=CC=CC=N2)C3=CC=C4C=CC=CC4=C3,O=C(c1ccc2ccccc2c1)N1CCN(c2ccccn2)CC1,-9.4,3.1972000000000014,0.728123231333311,1.790234537467807,317.39200000000005,0,3,2,36.440000000000005,4,24,0.120041974,0.049584776,True,0.5221479205893023,docking_results_3_13.csv,0.041221518,0.016760899,0.120041974,0.036020715,0.10279729,0.019599596,0.019789737,0.10707,0.02571373,0.025923043,0.046735454,0.033343364,True,3.1972000000000014,3.1972000000000014
97,CCCNS(=O)(=O)C1=CC=C(C=C1)C2=CC=C3C=CC4=C(CCNC4=O)C3=C2,CCCNS(=O)(=O)c1ccc(-c2ccc3ccc4c(c3c2)CCNC4=O)cc1,-9.4,3.4810000000000025,0.6956600790300701,2.333945429278046,394.4960000000002,2,3,5,75.27000000000001,4,28,0.122322746,0.055807296,True,0.4488750208905475,docking_results_3_18.csv,0.046465732,0.01941592,0.09676962,0.042366043,0.115443744,0.024524948,0.01994037,0.122322746,0.019225486,0.024531284,0.09803862,0.04064302,True,3.4810000000000025,3.4810000000000025
110,CCCNC(=O)C=CC1=CC=C(C(N2)=N1)C=CC=CC=CC3=C(CCNC3=O)C=C2,CCCNC(=O)C=Cc1ccc2ccccccc3c(cc[nH]c2n1)CCNC3=O,-9.4,3.6370000000000022,0.6826377870034307,3.0951272362835436,402.4980000000002,3,3,4,86.88,3,30,0.12358838,0.04314384,True,0.4073775536624892,docking_results_3_17.csv,0.033935137,0.012860417,0.12358838,0.024344757,0.08745247,0.016070731,0.016632516,0.09455927,0.021380184,0.02528632,0.03773507,0.023880836,True,3.6370000000000022,3.637000000000002
165,O=C(C[C@H1]1CCCN1C(=O)CCC2=CC=CC=C2C#N)NCC3=CC=C4C=CC=CC4=N3,N#Cc1ccccc1CCC(=O)N1CCC[C@@H]1CC(=O)NCc1ccc2ccccc2n1,-9.4,3.7365800000000027,0.6236296115578273,2.8388067487991666,426.52000000000015,1,4,7,86.09,4,32,0.12411181,0.05321772,True,0.3816279940679416,docking_results_3_24.csv,0.047749303,0.023964435,0.07090406,0.041063543,0.10766985,0.028018693,0.029736966,0.12411181,0.027341917,0.038828764,0.058437444,0.040785786,True,3.7365800000000027,3.7365800000000022
47,NC(=O)[C@@H1]1CC2=CC=CC=C2CN1C(=O)C3=CC=C4C=CC=CC4=C3,NC(=O)[C@@H]1Cc2ccccc2CN1C(=O)c1ccc2ccccc2c1,-9.4,2.8922000000000008,0.7851121445803518,2.440490845557539,330.387,1,2,2,63.400000000000006,4,25,0.12666202,0.038381416,True,0.5846413336044207,docking_results_3_7.csv,0.04999811,0.017035078,0.05763337,0.020112623,0.12666202,0.01877847,0.015717484,0.069428444,0.014971009,0.016060863,0.036251593,0.017927911,True,2.8922000000000008,2.8922000000000008
45,CCNS(=O)(=O)C1=CC=C(C=C1)C2=CC=C3C=CC4=C(CCNC4=O)C3=C2,CCNS(=O)(=O)c1ccc(-c2ccc3ccc4c(c3c2)CCNC4=O)cc1,-9.4,3.0909000000000013,0.7303321757486684,2.333136151648212,380.4690000000002,2,3,4,75.27000000000001,4,27,0.13017677,0.06103224,True,0.5466501936987733,docking_results_3_29.csv,0.045700222,0.019084375,0.11560865,0.04777895,0.12051239,0.025663206,0.019965181,0.13017677,0.019967511,0.025217462,0.11876751,0.043944735,True,3.0909000000000013,3.0909000000000013
9,C1OC=CC=C1OC2=CC=C(C=N2)C(=O)NC3CCCNC(=O)C4=CC=CC=C4C3,O=C(NC1CCCNC(=O)c2ccccc2C1)c1ccc(OC2=CC=COC2)nc1,-9.4,2.7529000000000012,0.8165231814048947,3.8595102445069784,405.45400000000024,2,5,4,89.55000000000001,4,30,0.13094918,0.04744938,True,0.6034039981298884,docking_results_3_20.csv,0.039176144,0.019063517,0.09652005,0.026241265,0.07519596,0.018803073,0.021143105,0.13094918,0.023259008,0.030248292,0.049300708,0.03949228,True,2.7529000000000012,2.752900000000001
144,O=C(CN1CCC2=CC=CC=C2C1)/N=C/C3=CC=C4C=CC=CC4=C3,O=C(CN1CCc2ccccc2C1)/N=C/c1ccc2ccccc2c1,-9.4,3.843600000000003,0.6843451906920421,2.3511383463637525,328.415,0,2,3,32.67,4,25,0.1327867,0.058478516,True,0.3551577568933648,docking_results_3_9.csv,0.0401651,0.01902187,0.10509782,0.041042123,0.13028389,0.029259589,0.027284771,0.1327867,0.032620825,0.03861885,0.06835255,0.03720808,True,3.843600000000003,3.843600000000003
16,CC(C)(C)C1=CC=C(C=C1)C2=CC=C(C=N2)C(=O)N3CCC4=NNCC(=O)[C@@H1]4CC3,CC(C)(C)c1ccc(-c2ccc(C(=O)N3CCC4=NNCC(=O)[C@@H]4CC3)cn2)cc1,-9.4,3.4266000000000014,0.8322096488064596,3.2968804520738404,404.51400000000024,1,5,2,74.66,4,30,0.1346451,0.05184951,True,0.4633878759456896,docking_results_3_12.csv,0.03436441,0.015508036,0.069665015,0.046175882,0.09794626,0.02290991,0.019061226,0.1346451,0.019545088,0.029010117,0.091596924,0.04176614,True,3.4266000000000014,3.426600000000001
119,C1=CCCO[C@@H1](N1)C2=CC=C3C=CC4=C(CCNC4=O)C3=C2,O=C1NCCc2c1ccc1ccc([C@@H]3NC=CCCO3)cc21,-9.4,2.647900000000001,0.8498877364321894,3.595760155916766,294.354,2,3,1,50.36,4,22,0.15257035,0.06251824,True,0.6124849369498584,docking_results_3_26.csv,0.04812458,0.02211742,0.13345966,0.051101267,0.086392045,0.022228174,0.023880236,0.15257035,0.026550215,0.031284116,0.08945793,0.06305286,True,2.647900000000001,2.647900000000001
40,COC1=CC=C(C=C1)[C@@H1]2CCN(C2)C(=O)C3=CC4=CC=C5N(CCNC5=O)C4=C3,COc1ccc([C@@H]2CCN(C(=O)c3cc4ccc5n(c-4c3)CCNC5=O)C2)cc1,-9.4,2.9746000000000006,0.7491185932253509,2.9978707396933313,389.4550000000001,1,3,3,63.57,5,29,0.15669514,0.06272357,True,0.5703182169108564,docking_results_3_20.csv,0.058691893,0.028393775,0.11002978,0.04737933,0.09407475,0.024769021,0.022989968,0.15669514,0.025493251,0.027927786,0.09106306,0.06517505,True,2.9746000000000006,2.974600000000001
156,CCN(C)S(=O)(=O)C1=CC=C(C=C1)C2=CC=C3C=CC4=C(CCNC4=O)C3=C2,CCN(C)S(=O)(=O)c1ccc(-c2ccc3ccc4c(c3c2)CCNC4=O)cc1,-9.4,3.4331000000000023,0.7372146662234418,2.409665772510765,394.4960000000002,1,3,4,66.48,4,28,0.16036399,0.069757044,True,0.4616583405622135,docking_results_3_20.csv,0.040485177,0.018534008,0.11256883,0.06346479,0.13146266,0.030911341,0.022029549,0.15342104,0.02177595,0.031398848,0.16036399,0.050668333,True,3.4331000000000023,3.4331000000000023
200,O=S(=O)(C1=CC=C(O)C=C1)C2=CC=C3C=CC4=C(CCNC4=O)C3=C2,O=C1NCCc2c1ccc1ccc(S(=O)(=O)c3ccc(O)cc3)cc21,-9.4,2.6641000000000004,0.741866891831092,2.3691433271842257,353.39900000000017,2,4,2,83.47,4,25,0.16977583,0.06324094,True,0.6113841687173106,docking_results_3_25.csv,0.05312024,0.025311118,0.0592208,0.0383778,0.14995572,0.03545854,0.018713212,0.13588217,0.013484865,0.021971088,0.16977583,0.037619848,True,2.6641000000000004,2.6641000000000004
178,C[C@H1]1CN(CCN1C(=O)C2=CN=C(C=N2)C3=CC=CC(F)=C3)C4=CC=CC=C4,C[C@H]1CN(c2ccccc2)CCN1C(=O)c1cnc(-c2cccc(F)c2)cn1,-9.4,3.633600000000002,0.7003988049610002,2.661638820710227,376.43500000000006,0,4,3,49.33,4,28,0.1701233,0.063444994,True,0.4082709860607485,docking_results_3_8.csv,0.03737221,0.015856408,0.1701233,0.05834522,0.10550135,0.02296755,0.02309329,0.13300537,0.03156329,0.03424419,0.08243032,0.046837527,True,3.633600000000002,3.633600000000002
179,O=C(N1CCCCCC1)C2=CC=C3C=CC4=C(CCNC4=O)C3=C2,O=C1NCCc2c1ccc1ccc(C(=O)N3CCCCCC3)cc21,-9.4,3.1419000000000015,0.8766779591093227,2.2314677490449633,322.408,1,2,1,49.410000000000004,4,24,0.17619525,0.066345535,True,0.5351908558937046,docking_results_3_23.csv,0.046817098,0.024992011,0.10506841,0.05348437,0.093403324,0.02722295,0.026855951,0.17619525,0.029593775,0.036173545,0.10473128,0.0716085,True,3.1419000000000015,3.141900000000001
4,CC1CCCC(O1)C2=CC=C3C4=C(CCNC4=O)C=CC3=C2,CC1CCCC(c2ccc3c4c(ccc3c2)CCNC4=O)O1,-9.4,3.7558000000000025,0.8697281607583364,3.36137394064475,295.382,1,2,1,38.33,4,22,0.17912817,0.074395716,True,0.376770016722022,docking_results_3_25.csv,0.033466484,0.014033859,0.16194586,0.08031081,0.106515504,0.027001552,0.022046205,0.15291376,0.022233643,0.03945131,0.17912817,0.053701393,True,3.7558000000000025,3.7558000000000025
198,CC(NS(=O)(=O)C1=CC=C2C=CC=CC2=C1C)=C3C=C4C=CC=C(N)C4C(=O)N3,CC(NS(=O)(=O)c1ccc2ccccc2c1C)=C1C=C2C=CC=C(N)C2C(=O)N1,-9.4,2.74282,0.7281241348329353,3.823593633466225,407.4950000000002,3,4,3,101.28999999999999,4,29,0.1879778,0.054331765,True,0.604472256062627,docking_results_3_8.csv,0.022081774,0.013953296,0.062397018,0.03411208,0.054426756,0.01938667,0.025626926,0.1879778,0.015577351,0.042478345,0.1240264,0.049936745,True,2.74282,2.74282
92,COC1=CC=C(C=C1C=C2C=CC3=CC=C(O4)C(CCNC4=O)C3=C2C(=O)N)C,COc1ccc(C)cc1C=c1ccc2c(c1C(N)=O)C1CCNC(=O)OC1=CC=2,-9.4,1.8228199999999999,0.836548616897221,3.984848667862723,390.4390000000002,2,4,3,90.64999999999999,4,29,0.1884996,0.069489755,True,0.5269379040064786,docking_results_3_23.csv,0.03812761,0.020700026,0.15294382,0.03928083,0.08895752,0.025158867,0.025098259,0.1884996,0.028542425,0.03821626,0.1253504,0.06300137,True,1.8228199999999999,1.82282
152,C[C@H1](NC(=O)C1=CC=NN=C1)C2=CC=C3C=CC4=C(CCNC4=O)C3=C2,C[C@H](NC(=O)c1ccnnc1)c1ccc2ccc3c(c2c1)CCNC3=O,-9.4,2.4067,0.7627029486106215,3.0426568680753254,346.3900000000001,2,4,3,83.97999999999999,4,26,0.18926832,0.06264851,True,0.6153661510484759,docking_results_3_24.csv,0.04191709,0.01849576,0.18926832,0.04462334,0.08889078,0.020399703,0.021469032,0.13732721,0.029675843,0.02882241,0.07903127,0.05186134,True,2.4067,2.4067
237,N#CC1=CC=C(CN2C(=O)N(CC3=CC=CC=C3)C(=O)C(=C2)C4=CC=CC=C4)C=C1,N#Cc1ccc(Cn2cc(-c3ccccc3)c(=O)n(Cc3ccccc3)c2=O)cc1,-9.4,3.6452800000000023,0.5198093842440059,2.111744589767369,393.4460000000001,0,3,5,67.78999999999999,4,30,0.19412316,0.0787822,True,0.4052050885289028,docking_results_3_4.csv,0.043164637,0.02006163,0.13412288,0.066392474,0.19412316,0.04546848,0.03169232,0.13651505,0.031021519,0.04366863,0.16178943,0.03736623,True,3.6452800000000023,3.6452800000000014
108,CC(=O)N1CCN(CC1)C2=CC=C3C=CC4=C(CCNC4=O)C3=C2,CC(=O)N1CCN(c2ccc3ccc4c(c3c2)CCNC4=O)CC1,-9.4,1.7942,0.8704835746579332,2.345918422719116,323.3960000000001,1,3,1,52.650000000000006,4,24,0.20049883,0.06925894,True,0.5200681327920416,docking_results_3_25.csv,0.051249318,0.030693538,0.13181823,0.044258647,0.08692604,0.02495581,0.026885306,0.20049883,0.041723575,0.035291724,0.065737374,0.09106893,True,1.7942,1.7942
101,CC(=O)NC1CCCN(C1)C2=CC(=CN=C2C)C3=CC=CC(=C34)C(=O)N=CC=C4C,CC(=O)NC1CCCN(c2cc(-c3cccc4c(=O)nccc(C)c34)cnc2C)C1,-9.4,3.3787400000000023,0.7269389574773697,3.140225067458454,402.49800000000016,1,5,3,75.19,4,30,0.2022558,0.05929099,True,0.4760594803638697,docking_results_3_1.csv,0.033366673,0.014041481,0.2022558,0.047005452,0.07782688,0.017125443,0.018802704,0.13026303,0.02974811,0.030561868,0.06267,0.0478245,True,3.3787400000000023,3.3787400000000023
173,CCCN1CCN(CC1)C2=CC=C(C=N2)C3=CC=C4C=CC5=C(CCNC5=O)C4=C3,CCCN1CCN(c2ccc(-c3ccc4ccc5c(c4c3)CCNC5=O)cn2)CC1,-9.4,3.7197000000000022,0.7251986028895647,2.4617539278430858,400.52600000000024,1,4,4,48.47,5,30,0.20464996,0.0792046,True,0.3859276954625002,docking_results_3_19.csv,0.044239346,0.024097294,0.20144288,0.06690072,0.087014794,0.024072805,0.025387747,0.20464996,0.042241387,0.037983317,0.09487022,0.09755475,True,3.7197000000000022,3.719700000000002
134,C[NH2+1][C@H1]1CC[C@@H1](CC1)C2=CC=C3C=CC4=C(CCNC4=O)C3=C2,C[NH2+][C@H]1CC[C@H](c2ccc3ccc4c(c3c2)CCNC4=O)CC1,-9.4,2.3450999999999995,0.8786501693148308,3.2902394285421455,309.43300000000005,2,1,2,45.71,4,23,0.21424617,0.082434386,True,0.6120229829450174,docking_results_3_25.csv,0.054181293,0.026012197,0.092876345,0.09663986,0.12942971,0.039687235,0.025750611,0.17482142,0.021621315,0.040191453,0.21424617,0.07375501,True,2.3450999999999995,2.3450999999999995
108,CC(C)C1C=NN=C(O1)C2=CC=C3C=CC4=C(CCNC4=O)C3=C2,CC(C)C1C=NN=C(c2ccc3ccc4c(c3c2)CCNC4=O)O1,-9.4,2.9129000000000005,0.924169459893748,3.6709786842739254,321.38000000000005,1,4,2,63.050000000000004,4,24,0.21836631,0.08040773,True,0.5812533981942358,docking_results_3_18.csv,0.040632732,0.0186304,0.21836631,0.059636824,0.11881966,0.02725421,0.021738617,0.17824788,0.03720918,0.03189594,0.13989064,0.07257052,True,2.9129000000000005,2.9129000000000005
176,C#CCN1CCN(CC1)C2=CC=C3C4=C(CCNC4=O)C=CC3=C2,C#CCN1CCN(c2ccc3c4c(ccc3c2)CCNC4=O)CC1,-9.4,1.8808999999999996,0.8587340574797326,2.605919177616393,319.408,1,3,2,35.58,4,24,0.24270402,0.077150926,True,0.5403863608253263,docking_results_3_25.csv,0.044568796,0.03181279,0.12333881,0.059493836,0.07341148,0.026721293,0.032059386,0.24270402,0.046750166,0.04659767,0.07661599,0.12173691,True,1.8808999999999996,1.8809
134,C1C=CC(C2=CC=C(C=C2)C3=CC=CC=C3)=C4NCCN(C(=O)C=C14)C(N)=O,NC(=O)N1CCNC2=C(c3ccc(-c4ccccc4)cc3)C=CCC2=CC1=O,-9.4,3.461500000000002,0.8488330992506713,2.8977870318421495,371.44000000000017,2,3,2,75.43,4,28,0.24623477,0.08048282,True,0.4540853557138095,docking_results_3_23.csv,0.04913688,0.034023397,0.12716977,0.04252162,0.10098405,0.034397762,0.035951488,0.24623477,0.04074571,0.05347039,0.1158572,0.08530081,True,3.461500000000002,3.461500000000002
187,C[C@@H1]1CC[C@H1](C(N)=O)[C@H1](C)N1C2=CC=C(C=N2)C3=CC4=CC=CC=C4O3,C[C@@H]1CC[C@H](C(N)=O)[C@H](C)N1c1ccc(-c2cc3ccccc3o2)cn1,-9.4,3.9735000000000023,0.7763132338519177,3.5563023672691143,349.4340000000001,1,4,3,72.36000000000001,4,26,0.25088885,0.122417696,True,0.3252624543135828,docking_results_3_7.csv,0.08042302,0.04788912,0.25088885,0.10742351,0.20233026,0.06280028,0.045402143,0.22503853,0.0757724,0.057714712,0.19248097,0.120848514,True,3.9735000000000023,3.973500000000002
165,C[C@H1](NC(=O)C1=CC=C(Br)O1)C2=CC=C3C=CC4=C(CCNC4=O)C3=C2,C[C@H](NC(=O)c1ccc(Br)o1)c1ccc2ccc3c(c2c1)CCNC3=O,-9.4,3.9722000000000026,0.682795818953202,2.964073932524391,413.2710000000002,2,3,3,71.34,4,26,0.2513685,0.09532114,True,0.325547820186238,docking_results_3_28.csv,0.04237225,0.023115199,0.2513685,0.075436294,0.11046443,0.03337783,0.033713408,0.20545739,0.04015306,0.049052812,0.19362901,0.0857135,True,3.9722000000000026,3.9722000000000026
66,CC[C@@H1]1CCCC(=O)N1C2=CC=C3C4=C(CCNC4=O)C=CC3=C2,CC[C@@H]1CCCC(=O)N1c1ccc2c3c(ccc2c1)CCNC3=O,-9.4,3.4212000000000016,0.9207948472896856,3.069608115712053,322.408,1,2,2,49.410000000000004,4,24,0.2547222,0.10714098,True,0.4648234232884642,docking_results_3_15.csv,0.055294324,0.034445602,0.18978867,0.10267665,0.1145471,0.04199401,0.038532022,0.2547222,0.04569827,0.0573215,0.21960792,0.13106348,True,3.4212000000000016,3.4212000000000016
90,CC1=NN(C=C1C2=CC=C3C4=C(CCNC4=O)C=CC3=C2NC(=O)O)C(N)=O,Cc1nn(C(N)=O)cc1-c1ccc2c3c(ccc2c1NC(=O)O)CCNC3=O,-9.4,2.3143199999999995,0.5409354506025501,3.0945312133017175,379.3760000000001,4,4,2,139.34,4,28,0.26266962,0.075917356,True,0.6097454496030964,docking_results_3_22.csv,0.03827301,0.023160778,0.26266962,0.02949843,0.06605059,0.017442558,0.019159,0.21751282,0.037994627,0.025729608,0.07936023,0.09415698,True,2.3143199999999995,2.3143199999999995
93,O=C(N1C(=O)C2=CC=CC=C2C1=O)C3=CC=C4C=CC=CC4=C3,O=C(c1ccc2ccccc2c1)N1C(=O)c2ccccc2C1=O,-9.4,3.276200000000002,0.6481411767769443,1.896097814931876,301.301,0,3,1,54.45,4,23,0.26379868,0.09381673,True,0.5025980672917449,docking_results_3_10.csv,0.03333395,0.017339626,0.26379868,0.05200079,0.16251819,0.035039872,0.026252845,0.18367802,0.03520491,0.035081822,0.22705764,0.05449437,True,3.276200000000002,3.276200000000002
103,O=C(N[C@H1](CO)C1=CC=C2NCCC2=C1)C3=CC=C4C=CC5=C(CCNC5=O)C4=C3,O=C(N[C@H](CO)c1ccc2c(c1)CCN2)c1ccc2ccc3c(c2c1)CCNC3=O,-9.4,2.5571,0.5408964883996077,3.1169500479546315,401.4660000000002,4,4,4,90.46000000000001,5,30,0.266292,0.109573044,True,0.6165628428913529,docking_results_3_18.csv,0.050688487,0.030975586,0.266292,0.08634151,0.11237386,0.037952278,0.035973728,0.25429353,0.048984326,0.052699592,0.21323505,0.12506664,True,2.5571,2.5571
185,O=C(N1CCC2=CC=C(O)C=C2C1)C3=CC=C4C=CC=CC4=C3,O=C(c1ccc2ccccc2c1)N1CCc2ccc(O)cc2C1,-9.4,3.7439000000000027,0.7436452094208654,1.9176433321012727,303.361,1,2,1,40.540000000000006,4,23,0.26670763,0.11815586,True,0.3797729448236996,docking_results_3_7.csv,0.061956376,0.037932795,0.19982855,0.088494584,0.23149092,0.07252756,0.039335817,0.23262492,0.047959257,0.057666592,0.26670763,0.08134527,True,3.7439000000000027,3.7439000000000022
231,O=C(NC1=CC=C(C=C1)C(=O)O)C2=CC=C3C=CC4=C(CCNC4=O)C3=C2,O=C(O)c1ccc(NC(=O)c2ccc3ccc4c(c3c2)CCNC4=O)cc1,-9.4,3.076200000000002,0.6688075924016379,2.151052035764094,360.36900000000014,3,3,3,95.5,4,27,0.27268136,0.106541574,True,0.5498402226866308,docking_results_3_29.csv,0.059032574,0.03632469,0.27268136,0.048058905,0.1725871,0.04672449,0.029113926,0.23919702,0.051177137,0.038344897,0.19663902,0.088617705,True,3.076200000000002,3.076200000000002
56,OCC1=CC=CC(=C1)C2=CC=C3C=CC4=C(CCNC4=O)C3=C2,O=C1NCCc2c1ccc1ccc(-c3cccc(CO)c3)cc21,-9.4,3.285000000000001,0.7630319256215777,2.2511165812401934,303.36100000000005,2,2,2,49.33,4,23,0.27796575,0.11537701,True,0.5003647673168131,docking_results_3_24.csv,0.055510398,0.031761844,0.27796575,0.09072406,0.17895067,0.05122812,0.034341235,0.22785456,0.04781987,0.049862515,0.24530223,0.093202926,True,3.285000000000001,3.285000000000001
11,CC1=CC=CC=C1C=CC2=CC=C3C4=C(CCNC4=O)C(=O)OC3=C2,Cc1ccccc1C=Cc1ccc2c3c(c(=O)oc2c1)CCNC3=O,-9.4,3.5577200000000015,0.576875787195706,2.6191166207920276,331.3710000000001,1,3,2,59.31,4,25,0.28267297,0.12344719,True,0.4283754084377966,docking_results_3_11.csv,0.052531485,0.036760904,0.26671118,0.089020476,0.15817428,0.05479368,0.043248784,0.28267297,0.059030678,0.066235304,0.2538886,0.1182979,True,3.5577200000000015,3.557720000000001
196,COCC[NH1+1](C1CNC1)C2=CC=C(C=C2)C3=CC=C4C=CC5=C(CCNC5=O)C4=C3,COCC[NH+](c1ccc(-c2ccc3ccc4c(c3c2)CCNC4=O)cc1)C1CNC1,-9.4,1.9273000000000007,0.5906466211472415,3.9468996500766487,402.5180000000002,3,3,6,54.800000000000004,5,30,0.2865069,0.12183106,True,0.5505918759738304,docking_results_3_28.csv,0.045737162,0.029894479,0.22827749,0.11846918,0.14847471,0.049840506,0.03835027,0.2865069,0.058564164,0.06564194,0.25415462,0.1380613,True,1.9273000000000007,1.927300000000001
40,C[NH2+1][C@H1](C)C1=CC=CC=C1C2=CC=C3C4=C(CCNC4=O)C=CC3=C2,C[NH2+][C@H](C)c1ccccc1-c1ccc2c3c(ccc2c1)CCNC3=O,-9.4,3.046900000000001,0.7611961559287033,3.4300331532498474,331.439,2,1,3,45.71,4,25,0.29168016,0.10750014,True,0.556035979788381,docking_results_3_13.csv,0.034509048,0.017288595,0.25559464,0.10552929,0.15238377,0.0410836,0.028049745,0.20667355,0.03333975,0.051156566,0.29168016,0.07271301,True,3.046900000000001,3.046900000000001
81,CC(C1)(O)C=CC2=CC=C(N=C2N1[C@H1](C)CO)C3=CC=C4C=CC=CC4=C3,C[C@H](CO)N1CC(C)(O)C=Cc2ccc(-c3ccc4ccccc4c3)nc21,-9.4,3.8668000000000022,0.7445024146494903,3.526840706135176,360.45700000000005,2,4,3,56.59,4,27,0.2965215,0.1403138,True,0.3496238801474132,docking_results_3_11.csv,0.051876824,0.03396996,0.27671358,0.14515609,0.19384387,0.066214085,0.05034592,0.279831,0.073131055,0.07961913,0.2965215,0.13654271,True,3.8668000000000022,3.866800000000002
131,C[C@@H1](OC1=CC=CN=C1C#N)C2=CC=C3C=CC4=C(CCNC4=O)C3=C2,C[C@@H](Oc1cccnc1C#N)c1ccc2ccc3c(c2c1)CCNC3=O,-9.4,3.5323800000000025,0.7892371722788196,3.180562714229173,343.38600000000014,1,4,3,75.00999999999999,4,26,0.3052265,0.10508367,True,0.4351381611123944,docking_results_3_22.csv,0.043670513,0.024385704,0.3052265,0.0919804,0.12161883,0.036675334,0.03486313,0.2113974,0.0488387,0.05313268,0.1963123,0.09290258,True,3.5323800000000025,3.5323800000000025
169,CN(CCC1=CC=CC=C1)C2=CC=C3C4=C(CCNC4=O)C=CC3=C2,CN(CCc1ccccc1)c1ccc2c3c(ccc2c1)CCNC3=O,-9.4,3.8046000000000024,0.7889180379579618,2.330812669264102,330.43100000000004,1,2,4,32.34,4,25,0.30550033,0.11481675,True,0.364633091891121,docking_results_3_15.csv,0.031531516,0.017102247,0.26700425,0.10687324,0.16313125,0.046595536,0.033147,0.22918648,0.040572446,0.06335491,0.30550033,0.07380178,True,3.8046000000000024,3.8046000000000015
246,O=S(=O)(NC1=NC(=NC(N)=N1)C2=CC=CC=C2)C=C3C=CC4=CC=CC=C4C3,Nc1nc(NS(=O)(=O)C=C2C=Cc3ccccc3C2)nc(-c2ccccc2)n1,-9.4,3.015900000000001,0.7071760607306524,2.9573032711583913,391.45600000000013,2,6,4,110.86,4,28,0.31077605,0.12014387,True,0.5623422351709854,docking_results_3_13.csv,0.044649772,0.03773501,0.20297639,0.084956095,0.14680988,0.055214748,0.056426212,0.31077605,0.077139705,0.081051275,0.2126164,0.13137482,True,3.015900000000001,3.015900000000001
58,C1[C@H1]2CN1CCN2C3=CC=C(C=N3)C4=CC=C5C6=C(CCNC6=O)C=CC5=C4C(=O)CC,CCC(=O)c1c(-c2ccc(N3CCN4CC3C4)nc2)ccc2c3c(ccc12)CCNC3=O,-9.4,3.284600000000001,0.6488893264857121,3.689284483044567,426.52000000000027,1,5,4,65.53999999999999,7,32,0.3155945,0.123044096,True,0.5004664929723557,docking_results_3_13.csv,0.050685596,0.036575206,0.28754175,0.105524205,0.100041114,0.036733687,0.0384505,0.3155945,0.07005702,0.05731031,0.18531078,0.1927045,True,3.284600000000001,3.284600000000001
144,O=C(NCC1=CC=C(O)C=C1)C2=CC=C3C=CC4=C(CCNC4=O)C3=C2,O=C(NCc1ccc(O)cc1)c1ccc2ccc3c(c2c1)CCNC3=O,-9.4,2.7613000000000003,0.6822841892051131,2.2166774894636596,346.38600000000014,3,3,3,78.43,4,26,0.317149,0.13904093,True,0.602482744957467,docking_results_3_22.csv,0.060696706,0.04045597,0.317149,0.08784981,0.21343851,0.07068744,0.041038327,0.28620163,0.06634898,0.06234335,0.30774462,0.11453666,True,2.7613000000000003,2.7613000000000003
146,CC(C)(O)C1=CC=C(C=C1)C=CC2=CC=C3C4=C(CCNC4=O)C(=O)OC3=C2,CC(C)(O)c1ccc(C=Cc2ccc3c4c(c(=O)oc3c2)CCNC4=O)cc1,-9.4,3.476700000000002,0.5426023086698754,2.767641429764902,375.42400000000015,2,4,3,79.54,4,28,0.31884828,0.11766497,True,0.4500244435950628,docking_results_3_20.csv,0.042412408,0.02878023,0.18492962,0.094857424,0.16416366,0.057274185,0.03878452,0.271506,0.043911073,0.06400639,0.31884828,0.10250587,True,3.476700000000002,3.476700000000002
19,CC1=CC=CC=C1C2=CC=C(C=N2)C=C3C=C4C=CN(C)C(=O)C4=CC3,Cc1ccccc1-c1ccc(C=C2C=c3ccn(C)c(=O)c3=CC2)cn1,-9.4,2.8040200000000004,0.718967605753774,3.111187027925199,340.42600000000016,0,2,2,34.89,4,26,0.33934432,0.14930592,True,0.5973682268254826,docking_results_3_13.csv,0.05427403,0.03868596,0.31202295,0.13627785,0.19568251,0.074943595,0.0479944,0.3107478,0.06685031,0.08930797,0.33934432,0.12553924,True,2.8040200000000004,2.8040200000000004
252,COCC1=CC=C(C=C1)C2=CC=C3C4=C(CCNC4=O)C=CC3=C2,COCc1ccc(-c2ccc3c4c(ccc3c2)CCNC4=O)cc1,-9.4,3.9391000000000025,0.7944203432706336,2.2285323644295794,317.388,1,2,3,38.33,4,24,0.34130228,0.13477029,True,0.3329116785630791,docking_results_3_21.csv,0.047716737,0.027898481,0.34130228,0.118645675,0.1912778,0.057343606,0.037362173,0.2530609,0.05566242,0.061649986,0.3213546,0.10396884,True,3.9391000000000025,3.9391000000000025
43,N#CCC1=CC=CC=C1C2=CC=C3C4=C(CCNC4=O)C=CC3=C2,N#CCc1ccccc1-c1ccc2c3c(ccc2c1)CCNC3=O,-9.4,3.858780000000003,0.7809642274410605,2.4700171995944142,312.372,1,2,2,52.89,4,24,0.34230554,0.153098,True,0.3515279012768135,docking_results_3_16.csv,0.05733687,0.042037062,0.34230554,0.13943669,0.17859422,0.06812006,0.052258942,0.31133294,0.07206135,0.08230061,0.33679867,0.15459284,True,3.858780000000003,3.858780000000003
110,CC1=CC(C)=NC(=N1)C2=CC=C3C=CC4=C(CCNC4=O)C3=C2,Cc1cc(C)nc(-c2ccc3ccc4c(c3c2)CCNC4=O)n1,-9.4,3.1995400000000016,0.7508403567517925,2.424475437309498,303.36500000000007,1,3,1,54.88,4,23,0.34803915,0.07935017,True,0.5215833101679057,docking_results_3_26.csv,0.03945345,0.016688013,0.34803915,0.05954592,0.08283619,0.01827932,0.01904122,0.14929721,0.036044475,0.029190471,0.0896244,0.064162225,True,3.1995400000000016,3.1995400000000016
197,CN(C)C(=O)C1=CC=C(C=C1)C2=CC=C3C4=C(CCNC4=O)C=CC3=C2,CN(C)C(=O)c1ccc(-c2ccc3c4c(ccc3c2)CCNC4=O)cc1,-9.4,3.494500000000002,0.7735033168072353,2.2709575559917266,344.414,1,2,2,49.410000000000004,4,26,0.35118192,0.13283534,True,0.4452653358226415,docking_results_3_15.csv,0.052441366,0.03128044,0.35118192,0.09772515,0.1996467,0.057422098,0.03484959,0.2610869,0.06537434,0.05506106,0.2810263,0.10692799,True,3.494500000000002,3.494500000000002
35,CC[NH2+1]CCC(CC)NC1=CC=C(C=N1)C2=CC=C3C=CC4=C(CCNC4=O)C3=C2,CC[NH2+]CCC(CC)Nc1ccc(-c2ccc3ccc4c(c3c2)CCNC4=O)cn1,-9.4,3.3516000000000012,0.5052987611191089,3.727075246893624,403.55000000000024,3,3,8,70.63,4,30,0.355254,0.13538596,True,0.4831797644768986,docking_results_3_14.csv,0.03599142,0.021500088,0.355254,0.1319431,0.15288453,0.04961249,0.035265595,0.27736798,0.059132963,0.07329612,0.3155472,0.116836146,True,3.3516000000000012,3.351600000000001
83,CC1=NN(C)C=C1C2=CC=C3C4=C(CCNC4=O)C=CC3=C2C,Cc1nn(C)cc1-c1ccc2c3c(ccc2c1C)CCNC3=O,-9.4,3.143040000000001,0.7505424715675002,2.6976396546306383,305.38100000000003,1,2,1,46.92,4,23,0.3614847,0.09060422,True,0.5349281431272556,docking_results_3_15.csv,0.03270029,0.014981753,0.3614847,0.082336575,0.07336897,0.018855218,0.020225717,0.18730636,0.03513626,0.035899695,0.1410361,0.083919086,True,3.143040000000001,3.143040000000001
147,CCOC(=O)C1=CC=C(C2=C1)C=CC3=CC4=C(CCNC4=O)C(=O)C3=C2,CCOC(=O)c1ccc2ccc3cc4c(c(=O)c-3cc2c1)CCNC4=O,-9.4,2.7674000000000003,0.7237034724624362,2.468123044557215,347.37000000000006,1,4,2,72.47,4,26,0.3654079,0.13345699,True,0.60179617052163,docking_results_3_16.csv,0.070074655,0.046142507,0.3654079,0.08511653,0.17327878,0.056112166,0.040382646,0.27576748,0.07527978,0.055775534,0.22473755,0.13340831,True,2.7674000000000003,2.7674000000000003
66,C1C[C@H1](CO)N1C2=CC=C(C=N2)C3=CC=C4C=CC5=C(CCNC5=O)C4=C3,O=C1NCCc2c1ccc1ccc(-c3ccc(N4CC[C@@H]4CO)nc3)cc21,-9.4,2.7587,0.7547181451892572,3.0701900843640013,359.42900000000014,2,4,3,65.46000000000001,5,27,0.36691087,0.1636296,True,0.6027708972539878,docking_results_3_29.csv,0.075462036,0.056629077,0.36691087,0.15124953,0.16318834,0.06499275,0.055910878,0.34339246,0.10084643,0.07585553,0.28157437,0.22754316,True,2.7587,2.7587
184,C1=CC=CC(=C1)C2=CC=C3C=CC4=C(CCNC4=O)C3=C2,O=C1NCCc2c1ccc1ccc(-c3ccccc3)cc21,-9.4,3.7927000000000026,0.7177326443114794,2.047929228372615,273.335,1,1,1,29.1,4,21,0.36717784,0.13540034,True,0.3675651567347146,docking_results_3_23.csv,0.05516858,0.031542394,0.36717784,0.10639109,0.22549585,0.06148665,0.038523924,0.23874156,0.06063136,0.05755512,0.28777438,0.094315425,True,3.7927000000000026,3.792700000000002
148,C[C@@](CO)(NC1=CC=C(C=N1)C2=CC=C3C=CC4=C(CCNC4=O)C3=C2C)CN=O,Cc1c(-c2ccc(N[C@@](C)(CO)CN=O)nc2)ccc2ccc3c(c12)CCNC3=O,-9.4,3.4254200000000017,0.5462993406822622,3.632134931711848,404.47000000000025,3,6,6,103.68,4,30,0.3677812,0.16348003,True,0.46370167379466,docking_results_3_26.csv,0.055329405,0.04397157,0.3677812,0.14767002,0.1582552,0.06413902,0.05539486,0.36174136,0.1012227,0.08739951,0.30604973,0.21280557,True,3.4254200000000017,3.4254200000000017
95,CC1=NC=C(CN)N=C1C2=CC=C3C=CC4=C(CCNC4=O)C3=C2,Cc1ncc(CN)nc1-c1ccc2ccc3c(c2c1)CCNC3=O,-9.4,2.3498200000000002,0.7598086617600874,2.7028040414482124,318.38000000000005,2,4,2,80.9,4,24,0.37411505,0.095234394,True,0.6123367640311923,docking_results_3_29.csv,0.048562195,0.024797384,0.37411505,0.072317034,0.09021456,0.023655958,0.025277086,0.19398114,0.05078267,0.036480725,0.104532704,0.09809626,True,2.3498200000000002,2.34982
155,COC=C1C=C(OC2=CC=C(C=C2)C3=CC=C4CNC(=O)COC4=C3)C=C1,COC=C1C=CC(Oc2ccc(-c3ccc4c(c3)OCC(=O)NC4)cc2)=C1,-9.4,3.7250000000000023,0.8434611614376184,3.02869597157512,361.39700000000016,1,4,4,56.790000000000006,4,27,0.37828216,0.13406196,True,0.3845744477315911,docking_results_3_14.csv,0.06708402,0.066017754,0.20757304,0.07637752,0.1381318,0.069971204,0.060919795,0.37828216,0.0817772,0.10562572,0.19994009,0.15704317,True,3.7250000000000023,3.7250000000000014
126,COC1=CC=C(C2=C1)C=C3C=CC4=C(CCNC4=O)OC3=C2,COc1ccc2cc3c(cc2c1)OC1=C(C=C3)C(=O)NCC1,-9.4,3.0280000000000005,0.8788748051858227,2.957075761032911,293.322,1,3,1,47.56,4,22,0.37947187,0.14669013,True,0.559912247147901,docking_results_3_17.csv,0.062084485,0.048568644,0.37947187,0.091815315,0.13189712,0.052563295,0.045556225,0.36087838,0.08148129,0.07427072,0.2486175,0.18307662,True,3.0280000000000005,3.0280000000000005
116,CCC1=C(C)N=CC(=N1)C2=CC=C3C4=C(CCNC4=O)C=CC3=C2,CCc1nc(-c2ccc3c4c(ccc3c2)CCNC4=O)cnc1C,-9.4,3.453520000000002,0.787363895893875,2.6578863156957038,317.392,1,3,2,54.88,4,24,0.3852552,0.0875687,True,0.4562155175740304,docking_results_3_22.csv,0.039265595,0.017253092,0.3852552,0.06641994,0.08399751,0.01958901,0.020308632,0.16520108,0.038721073,0.032810472,0.108882315,0.073120564,True,3.453520000000002,3.453520000000002
205,CC1[C@H1]NC(=O)C(=N1)C2=CC=C3C=CC4=C(CCNC4=O)C3=C2,CC1[CH]NC(=O)C(c2ccc3ccc4c(c3c2)CCNC4=O)=N1,-9.4,1.59489,0.839812364722699,3.7133820047323525,306.3450000000001,2,3,1,70.56,4,23,0.38652214,0.12842222,True,0.4690929194382416,docking_results_3_27.csv,0.05747717,0.034316048,0.38652214,0.09594243,0.12596118,0.039820515,0.036235146,0.27377465,0.06744522,0.052753884,0.21904019,0.1517779,True,1.59489,1.59489
248,COC(=O)C1=CC=C(C=N1)C2=CC=C3C4=C(CCNC4=O)C=CC3=C2,COC(=O)c1ccc(-c2ccc3c4c(ccc3c2)CCNC4=O)cn1,-9.4,2.9743000000000013,0.7326895456281818,2.4249646977151045,332.35900000000004,1,4,2,68.28999999999999,4,25,0.38769457,0.11308911,True,0.5703742940888336,docking_results_3_14.csv,0.059360147,0.03336966,0.38769457,0.07075302,0.14857355,0.03961991,0.031014392,0.21939531,0.06275944,0.042168986,0.1621122,0.10024806,True,2.9743000000000013,2.9743000000000013
99,C[NH1+1]CCN(C1COC1)C2=CC=C(C=C2)C3=CC=C4C=CC5=C(CCNC5=O)C4=C3,C[NH+]CCN(c1ccc(-c2ccc3ccc4c(c3c2)CCNC4=O)cc1)C1COC1,-9.4,1.9769000000000005,0.6641599958269374,3.2810284093960167,401.51000000000016,2,4,6,57.17,5,30,0.3877189,0.17323442,True,0.5609012263575871,docking_results_3_20.csv,0.053249642,0.04304442,0.33910915,0.16907765,0.17323956,0.07278788,0.054987527,0.3877189,0.09387595,0.09546349,0.37812284,0.2181359,True,1.9769000000000005,1.9769000000000003
125,O=C(CC1=CC=CC(O)=C1)NC2=CC3=CC=CC4=C(CCNC4=O)C=CC2=C3,O=C(Cc1cccc(O)c1)NC1=Cc2cccc3c(ccc1c2)CCNC3=O,-9.4,2.972900000000001,0.7750908433141137,3.8673366263904434,372.42400000000015,3,3,3,78.43,4,28,0.3891167,0.15644176,True,0.5706356239672253,docking_results_3_19.csv,0.052100934,0.0427988,0.29052308,0.10208878,0.20186585,0.08347946,0.05059958,0.36279148,0.067291714,0.093488865,0.3891167,0.14115585,True,2.972900000000001,2.972900000000001
111,C=1CN2C=NN=C2C=1C3=CC=C4C=CC5=C(CCNC5=O)C4=C3,O=C1NCCc2c1ccc1ccc(C3=CCn4cnnc43)cc21,-9.4,2.1624999999999996,0.7491628213001525,3.092721673426322,302.33700000000005,1,3,1,59.81,5,23,0.39047298,0.15020959,True,0.5928712549805424,docking_results_3_25.csv,0.065909855,0.052313704,0.39047298,0.122538485,0.11279805,0.045099296,0.040575244,0.36780688,0.0798702,0.05996607,0.23497565,0.23018849,True,2.1624999999999996,2.1625
228,CCC1=NN(C)C2=C1C=C3C=CC4=C(CCNC4=O)C3=C2,CCc1nn(C)c2cc3c4c(ccc3cc12)C(=O)NCC4,-9.4,2.5748000000000006,0.7439323311857785,2.7377190050475537,279.34299999999996,1,2,1,46.92,4,21,0.3914283,0.09312546,True,0.61604929432156,docking_results_3_29.csv,0.035599124,0.0175791,0.3914283,0.07475846,0.06425579,0.01719002,0.02085495,0.20162562,0.040353175,0.034005545,0.11838657,0.101469,True,2.5748000000000006,2.5748000000000006
191,CCC1=CC=C(C=N1)C2=CC=C3C4=C(CCNC4=O)C=CC3=C2,CCc1ccc(-c2ccc3c4c(ccc3c2)CCNC4=O)cn1,-9.4,3.7501000000000024,0.7830876079481367,2.433751483651216,302.377,1,2,2,41.99,4,23,0.3921367,0.10937443,True,0.3782063880987829,docking_results_3_19.csv,0.046486903,0.02252646,0.3921367,0.086873114,0.13803604,0.03444722,0.026941922,0.19895114,0.047377117,0.042958807,0.19243266,0.083325006,True,3.7501000000000024,3.7501000000000015
55,N#CC1=CC=C(C=C1C2=CC=C3C=CC4=C(CCNC4=O)C3=C2C=O)N5CCNCC5,N#Cc1ccc(N2CCNCC2)cc1-c1ccc2ccc3c(c2c1C=O)CCNC3=O,-9.4,2.8864800000000015,0.6488353872524231,2.9640698574485516,410.47700000000026,2,5,3,85.23,5,31,0.39372125,0.1665905,True,0.5855515860738372,docking_results_3_22.csv,0.06708751,0.058272164,0.3614773,0.13339335,0.14141008,0.06163249,0.056846198,0.39372125,0.11157064,0.08177443,0.27333194,0.2585685,True,2.8864800000000015,2.886480000000001
56,O[C@@H1](C1=CC=C(C=C1)C2=CC=C3C=CC(O)=CC3=C2)[C@@H1]4NC(=O)NC4=O,O=C1NC(=O)[C@H]([C@@H](O)c2ccc(-c3ccc4ccc(O)cc4c3)cc2)N1,-9.4,2.4538,0.5465221994794206,3.1158474845640667,348.35800000000006,4,4,3,98.66,4,26,0.3964925,0.19010691,True,0.6168107368783914,docking_results_3_17.csv,0.11306438,0.08769987,0.2844225,0.12777913,0.3235326,0.12808457,0.065275,0.36419174,0.11022647,0.079627626,0.3964925,0.20088647,True,2.4538,2.4538
211,COCC1=CC=C(C=N1)C2=CC=C3C=CC4=C(CCNC4=O)C3=C2,COCc1ccc(-c2ccc3ccc4c(c3c2)CCNC4=O)cn1,-9.4,3.334100000000002,0.8056661032957094,2.4360565402537553,318.37600000000003,1,3,3,51.22,4,24,0.40040684,0.12261083,True,0.4877387687031987,docking_results_3_28.csv,0.05307631,0.029083282,0.40040684,0.10152416,0.15137574,0.04222479,0.03299125,0.22948632,0.063085094,0.05032212,0.20944591,0.10830803,True,3.334100000000002,3.334100000000002
255,CC1=NC=CC=C1C2=CC=C3C4=C(CCNC4=O)C=CC3=C2,Cc1ncccc1-c1ccc2c3c(ccc2c1)CCNC3=O,-9.4,3.4961200000000012,0.7444129054343842,2.4062476360329104,288.34999999999997,1,2,1,41.99,4,22,0.4231382,0.12060287,True,0.4448321113199773,docking_results_3_25.csv,0.05101988,0.026563229,0.4231382,0.099900156,0.14648819,0.038568128,0.031038731,0.22070174,0.05789102,0.0483441,0.20330384,0.10027721,True,3.4961200000000012,3.496120000000001
69,CN(CC1=CC=C2C=CC=CC2=C1)C(=O)C3=NC(N)=NC4=CC=CC=C34,CN(Cc1ccc2ccccc2c1)C(=O)c1nc(N)nc2ccccc12,-9.4,3.6374000000000013,0.6168795136847978,2.1313408740790454,342.40200000000004,1,4,3,72.11,4,26,0.4233926,0.10247969,True,0.4072724950284029,docking_results_3_13.csv,0.030608365,0.014499312,0.4233926,0.07069697,0.14472277,0.03011263,0.027399728,0.17572072,0.05939705,0.04416197,0.14788954,0.061154723,True,3.6374000000000013,3.637400000000001
116,O=C(COC1=CC=CC=C1)N2C=CC(=C(O)C2=O)C3=CC=C4N=CC=CC4=C3,O=C(COc1ccccc1)n1ccc(-c2ccc3ncccc3c2)c(O)c1=O,-9.4,3.4883000000000015,0.5930320862991546,2.4136229292780467,372.38000000000005,1,5,4,81.42,4,28,0.43004775,0.14590298,True,0.4469232640805856,docking_results_3_12.csv,0.063109756,0.0400366,0.43004775,0.09221719,0.24300578,0.06906007,0.045398135,0.25455853,0.09389109,0.061325464,0.24974272,0.108442545,True,3.4883000000000015,3.488300000000001
223,FC1=CC=C(C=C1C(F)(F)F)C=CC=C2C=CC3=C(CCNC3=O)C2=C=C,C=C=c1c2c(ccc1=CC=Cc1ccc(F)c(C(F)(F)F)c1)C(=O)NCC2,-9.4,3.189700000000002,0.8053088264516706,3.4268299618380222,373.3490000000002,1,1,2,29.1,3,27,0.43115413,0.14860064,True,0.5239509737400617,docking_results_3_24.csv,0.043619953,0.050730217,0.107860304,0.13610418,0.11413042,0.07620683,0.060788058,0.43115413,0.045057494,0.12593238,0.4073111,0.18431254,True,3.189700000000002,3.189700000000002
147,CC1=CC=CN=C1C2=CC=C3C=CC4=C(CCNC4=O)C3=C2,Cc1cccnc1-c1ccc2ccc3c(c2c1)CCNC3=O,-9.4,3.496120000000002,0.7444129054343842,2.3528058091098334,288.35,1,2,1,41.99,4,22,0.43770352,0.13196793,True,0.444832111319977,docking_results_3_26.csv,0.051429294,0.02882518,0.43770352,0.11225664,0.15627001,0.044064313,0.03471742,0.2453627,0.064844966,0.05479637,0.23854716,0.114797555,True,3.496120000000002,3.496120000000002
207,C[C@@H1]1OC2=CC=CC=C2N(C1=O)C3=CC=C4C=C(NS(C)(=O)=O)C=CC4=C3,C[C@@H]1Oc2ccccc2N(c2ccc3cc(NS(C)(=O)=O)ccc3c2)C1=O,-9.4,3.656900000000002,0.7501103329267977,2.7404035266845064,382.4410000000001,1,4,3,75.71000000000001,4,27,0.44270584,0.19593586,True,0.4021645931642691,docking_results_3_9.csv,0.06251563,0.05032122,0.399647,0.16828103,0.2490079,0.09609878,0.07016029,0.38101247,0.1212468,0.09961141,0.44270584,0.2106221,True,3.656900000000002,3.656900000000002
44,COC1=CC=CC=C1C2=CC=C3C4=C(CCNC4=O)C=CC3=C2,COc1ccccc1-c1ccc2c3c(ccc2c1)CCNC3=O,-9.4,3.801300000000002,0.7817276534997959,2.177436443467519,303.361,1,2,2,38.33,4,23,0.44945142,0.136122,True,0.3654443332589198,docking_results_3_17.csv,0.045276016,0.024926383,0.44945142,0.10688655,0.17373762,0.047204707,0.033853643,0.24589804,0.059729256,0.05618684,0.28764713,0.10266651,True,3.801300000000002,3.801300000000002
190,C1=C2CN(CC12)C3=CC=C4C5=C(CCNC5=O)C=CC4=C3,O=C1NCCc2ccc3cc(N4CC5=CC5C4)ccc3c21,-9.4,2.5019,0.8116867883071576,3.466305996562446,276.33899999999994,1,2,1,32.34,5,21,0.45702273,0.19942577,True,0.6172802433610093,docking_results_3_20.csv,0.070759304,0.06473562,0.3611169,0.1929475,0.15688935,0.08307226,0.0720057,0.45702273,0.11645829,0.11927575,0.40054992,0.2982762,True,2.5019,2.5019
120,CC1=CC=C(C=C1NC(=O)C=C2C=CC3=C(CCNC3=O)C2=C)C4=CC=CC=C4,C=c1c2c(ccc1=CC(=O)Nc1cc(-c3ccccc3)ccc1C)C(=O)NCC2,-9.4,2.777420000000001,0.7318925879117594,2.783823772308992,382.46300000000014,2,2,3,58.2,4,29,0.4657684,0.19288312,True,0.6006365217746026,docking_results_3_18.csv,0.04579043,0.04140328,0.4139949,0.14268099,0.22056799,0.0945776,0.06417057,0.41802076,0.10157961,0.12235249,0.4657684,0.1836903,True,2.777420000000001,2.777420000000001
237,COC1=CC=C(C=C1C2=CC=C3C=C(SC3=C2)C(=O)NC4CNCCO4)C=O,COc1ccc(C=O)cc1-c1ccc2cc(C(=O)NC3CNCCO3)sc2c1,-9.4,3.0651,0.648473871477726,3.2313772822486877,396.4680000000002,2,6,5,76.66,4,28,0.48700407,0.19982666,True,0.552213396801903,docking_results_3_8.csv,0.068613134,0.059725635,0.48700407,0.14424644,0.21249041,0.087234594,0.06864174,0.41234422,0.15825231,0.10431099,0.33718824,0.25786796,True,3.0651,3.0651
49,O=S(=O)(C1=CC=CC=C1)C2=CC=C3C=CC4=C(CCNC4=O)C3=C2,O=C1NCCc2c1ccc1ccc(S(=O)(=O)c3ccccc3)cc21,-9.3,2.9585000000000017,0.7818552197389782,2.252806048137174,337.40000000000003,1,3,2,63.24,4,24,0.08749541,0.027729884,True,0.5258866172229847,docking_results_3_29.csv,0.03316634,0.009911208,0.0279697,0.017046746,0.08749541,0.012298347,0.009847537,0.054468356,0.0050231656,0.009893877,0.05387712,0.011760833,True,2.9585000000000017,2.9585000000000017
1,C1CCC=NC(C(=O)N2CC3=CC=CC=C3C[C@H1]2C(N)=O)=C(C4)N1NC=CC=C4C,CC1=CC=CNN2CCCC=NC(C(=O)N3Cc4ccccc4C[C@H]3C(N)=O)=C2C1,-9.3,2.1716999999999995,0.7889839821581482,3.9952359587559396,405.5020000000001,2,5,2,91.02999999999999,4,30,0.096575744,0.025997905,True,0.545022118435399,docking_results_3_7.csv,0.0265933,0.011612403,0.029958807,0.012560016,0.044865895,0.008877932,0.011488031,0.096575744,0.010436824,0.01620456,0.018440953,0.024360346,True,2.1716999999999995,2.1716999999999995
196,O=C([O-1])C1=CC=C(C=C1)C2=CC=C3C=CN(C4CCNC4)C(=O)C3=C2,O=C([O-])c1ccc(-c2ccc3ccn(C4CCNC4)c(=O)c3c2)cc1,-9.3,1.5663999999999998,0.7893995601158488,3.0924812301729245,333.3670000000001,1,4,3,74.16,4,25,0.121626236,0.05238134,True,0.4233643933569905,docking_results_3_11.csv,0.051523913,0.021281658,0.105720766,0.030874854,0.121626236,0.022920543,0.017794903,0.11089249,0.022294179,0.020115292,0.066772394,0.036758855,True,1.5663999999999998,1.5663999999999998
123,CN1CCN(CC2=CN=C(N2C3)C4=CC=CC=C4C5=CC=CC=C35)CC1,CN1CCN(Cc2cnc3n2Cc2ccccc2-c2ccccc2-3)CC1,-9.3,3.326200000000002,0.5574422738550261,2.4235473715815434,344.4620000000001,0,3,2,24.3,5,26,0.12322442,0.047153417,True,0.4492898358320727,docking_results_3_11.csv,0.025937859,0.010635042,0.12322442,0.048568346,0.072318785,0.0128278425,0.01312426,0.12262954,0.022226283,0.02116528,0.047147945,0.046035413,True,3.326200000000002,3.326200000000002
247,CS(=O)(=O)C1=CC=C(C=C1)C2=CC=C3C4=C(CCNC4=O)C=CC3=C2,CS(=O)(=O)c1ccc(-c2ccc3c4c(ccc3c2)CCNC4=O)cc1,-9.3,3.196200000000002,0.771110280965024,2.273327942568841,351.4270000000001,1,3,2,63.24,4,25,0.14372875,0.066682555,True,0.4791956074788629,docking_results_3_16.csv,0.048984893,0.0226694,0.11145622,0.047009878,0.14372875,0.03105324,0.022338565,0.13889007,0.020924333,0.025901549,0.14237764,0.044856053,True,3.196200000000002,3.196200000000002
200,C[C@@H1]1C[C@H1]1N2CCN(CC2)C3=CC=C(C=N3)C(=O)NC4=CC=CC(=C4)C(=O)N5CCNCC5,C[C@@H]1C[C@H]1N1CCN(c2ccc(C(=O)Nc3cccc(C(=O)N4CCNCC4)c3)cn2)CC1,-9.3,1.9096999999999997,0.7274986587856412,3.099834523592956,448.57100000000025,2,6,5,80.80999999999999,5,33,0.15195578,0.048035394,True,0.5015712518133458,docking_results_3_14.csv,0.035485458,0.017886735,0.07823185,0.03387421,0.069601916,0.016116215,0.016759304,0.15195578,0.02527412,0.023984361,0.04441546,0.06283925,True,1.9096999999999997,1.9097
176,C[NH1+1](C)[C@@H1](N1C=NN=C(C1)C2=CC=C(C=C2)C3=CC=CC(F)=C3)C4=CC=CC=C4,C[NH+](C)[C@H](c1ccccc1)N1C=NN=C(c2ccc(-c3cccc(F)c3)cc2)C1,-9.3,3.384000000000003,0.7152434627580945,3.6912449155175073,387.4820000000001,1,3,5,32.4,4,29,0.15514334,0.0612207,True,0.4354253372067961,docking_results_3_7.csv,0.028394086,0.010703589,0.10070847,0.059808716,0.13640547,0.027049448,0.018434837,0.12125776,0.016101168,0.030857416,0.15514334,0.02978404,True,3.384000000000003,3.384000000000003
192,CN(C1)N(C(=O)C2=CC=CC=C2N1CC=C=O)CC3=CC=C4C=CC=CC4=C3,CN1CN(CC=C=O)c2ccccc2C(=O)N1Cc1ccc2ccccc2c1,-9.3,3.4943000000000026,0.6587280254171506,2.976381903637023,371.44000000000005,0,4,4,43.86,4,28,0.1553129,0.06717956,True,0.4084979944803081,docking_results_3_24.csv,0.03627641,0.017296512,0.1553129,0.055274528,0.11382021,0.026665753,0.027605452,0.15301394,0.03543458,0.040233966,0.09479539,0.050425082,True,3.4943000000000026,3.494300000000002
55,CC(C)N(CC)C(=O)C1=CC=C2C=C(C=CC2=C1)C3=NC=C(C=N3)C(=O)N4CCNCC4,CCN(C(=O)c1ccc2cc(-c3ncc(C(=O)N4CCNCC4)cn3)ccc2c1)C(C)C,-9.3,3.2127000000000008,0.6711903520437383,2.506955825236174,431.54000000000025,1,5,5,78.43,4,32,0.1704465,0.066205665,True,0.4755275486854726,docking_results_3_15.csv,0.034871537,0.016912868,0.1704465,0.051726237,0.097857945,0.023501206,0.021232923,0.1628824,0.036423363,0.03501381,0.08317724,0.06042189,True,3.2127000000000008,3.2127000000000008
175,CCC1=CC=C(C=C1C2=CC=C(C=N2)C(=O)NCC3NC(=O)C4=CC=CC=C4C3C)C=O,CCc1ccc(C=O)cc1-c1ccc(C(=O)NCC2NC(=O)c3ccccc3C2C)cn1,-9.3,3.769000000000002,0.5864071408659282,3.499256937012005,427.50400000000013,2,4,6,88.16,4,32,0.18069679,0.06773349,True,0.3425791286767282,docking_results_3_14.csv,0.03381667,0.014325116,0.18069679,0.04855226,0.119869575,0.02710962,0.023539465,0.13589698,0.028108599,0.036941074,0.12379157,0.040154163,True,3.769000000000002,3.769000000000002
191,CC1=CC=C(C=C1C2=NC3=CC=CC=C3N2C(=O)C4CCNCC4)C(N)=O,Cc1ccc(C(N)=O)cc1-c1nc2ccccc2n1C(=O)C1CCNCC1,-9.3,2.75042,0.7495617457781644,2.4903439438560024,362.4330000000002,2,4,3,90.00999999999999,4,27,0.18369238,0.060414102,True,0.5537565888198712,docking_results_3_21.csv,0.03216816,0.014825651,0.18369238,0.038064912,0.091251105,0.01845753,0.01811564,0.14335708,0.031860437,0.025391849,0.07391744,0.05386707,True,2.75042,2.75042
168,CC1=CC=CC=C1C2=CC=C3C4=C(CCNC4=O)C=CC3=C2CC(=O)N5CCCNC5,Cc1ccccc1-c1ccc2c3c(ccc2c1CC(=O)N1CCCNC1)CCNC3=O,-9.3,3.423020000000001,0.6917093860578912,2.862968318987013,413.52100000000024,2,3,3,61.440000000000005,5,31,0.20100066,0.07680487,True,0.4259461746983618,docking_results_3_14.csv,0.044115417,0.024471855,0.1512228,0.066109516,0.09304061,0.02741302,0.02991629,0.20100066,0.03533189,0.043070413,0.119298056,0.08666787,True,3.423020000000001,3.423020000000001
111,CCN(CC1=CC=CC=C1)C(=O)C2=CC=C3C4=C(CCNC4=O)C=CC3=C2,CCN(Cc1ccccc1)C(=O)c1ccc2c3c(ccc2c1)CCNC3=O,-9.3,3.788000000000003,0.7713926528279521,2.2658744825480817,358.44100000000003,1,2,4,49.410000000000004,4,27,0.20123439,0.08629089,True,0.3382402399608183,docking_results_3_16.csv,0.034580335,0.01767315,0.18081559,0.07386919,0.13715462,0.037147846,0.02985098,0.1845183,0.031871744,0.04965113,0.20123439,0.05712332,True,3.788000000000003,3.788000000000003
26,C[NH1+1](C1)CCCC(O1)NC(=O)C2=CC=C(C=N2)C3=CC=C4C=CC=CC4=C3,C[NH+]1CCCC(NC(=O)c2ccc(-c3ccc4ccccc4c3)cn2)OC1,-9.3,2.2403000000000013,0.7513595434924775,3.9039460438354503,362.4530000000001,2,3,3,55.660000000000004,4,27,0.20222619,0.07649585,True,0.5528299021972563,docking_results_3_4.csv,0.038804594,0.017006502,0.20222619,0.061364207,0.14400937,0.030221457,0.02258791,0.1565101,0.03597412,0.035419296,0.121019654,0.052806795,True,2.2403000000000013,2.2403000000000013
154,CCOC1=CC=C(C=C1)C2=CC=C3C=C(C=NC3=C2)C(=O)N4CC(N)CNCC4,CCOc1ccc(-c2ccc3cc(C(=O)N4CCNCC(N)C4)cnc3c2)cc1,-9.3,2.6732000000000005,0.7159325175704041,2.8386828276054192,390.4870000000002,2,5,4,80.48,4,29,0.20353629,0.077199176,True,0.5602204078771644,docking_results_3_8.csv,0.057577632,0.028071405,0.20353629,0.052425794,0.12853633,0.029668596,0.02503409,0.16960813,0.04614819,0.034015898,0.07784392,0.07392387,True,2.6732000000000005,2.6732000000000005
16,C=C1CC[C@H1](N)C[C@@H1]1C2=CC=C3C=CC4=C(CCNC4=O)C3=C2,C=C1CC[C@H](N)C[C@@H]1c1ccc2ccc3c(c2c1)CCNC3=O,-9.3,3.2767000000000017,0.794476988473103,3.6387831885996587,306.40900000000005,2,2,1,55.12,4,23,0.20529178,0.09579847,True,0.4609249970055068,docking_results_3_26.csv,0.1002964,0.05479668,0.12374736,0.08826651,0.14841409,0.04995824,0.0320241,0.20529178,0.034776993,0.042793572,0.16741127,0.10180468,True,3.2767000000000017,3.2767000000000017
115,CN(CC1=CC=C(OC)C=C1)C(=O)C2=CC=C3C=CC4=C(CCNC4=O)C3=C2,COc1ccc(CN(C)C(=O)c2ccc3ccc4c(c3c2)CCNC4=O)cc1,-9.3,3.406500000000002,0.7613980974265965,2.2592783138934323,374.44000000000017,1,3,4,58.64,4,28,0.20927183,0.07332088,True,0.4299684756919418,docking_results_3_22.csv,0.036065057,0.015983725,0.20927183,0.053276114,0.11701669,0.027211517,0.022742176,0.1504083,0.029796828,0.035336785,0.13524187,0.04749964,True,3.406500000000002,3.406500000000002
226,CCOC(=O)C1=CC=C(C=C1)C2=CC=C3C=C4N(CCNC4=O)C(=O)C3=C2,CCOC(=O)c1ccc(-c2ccc3cc4n(c(=O)c3c2)CCNC4=O)cc1,-9.3,2.5885999999999996,0.7267384628009262,2.318090597202657,362.3850000000001,1,4,3,77.4,4,27,0.21511687,0.073911406,True,0.5646572777673678,docking_results_3_19.csv,0.05463199,0.02674639,0.21511687,0.04261311,0.114000015,0.026866559,0.02516683,0.15855455,0.038583532,0.03030598,0.09113885,0.063212246,True,2.5885999999999996,2.5886
41,CC1C2=CC=C(C=C2C3=CC=CC4=C(CCNC4=O)C=CC=C3NC(=O)NC1)O,CC1CNC(=O)Nc2cccc3c(cccc2-c2cc(O)ccc21)C(=O)NCC3,-9.3,3.708100000000002,0.553654860454396,3.616177458169953,389.45500000000004,4,3,0,90.46000000000001,4,29,0.22181569,0.07958678,True,0.3567436216029895,docking_results_3_23.csv,0.044186756,0.019939497,0.22181569,0.052612334,0.12169821,0.02881856,0.023840705,0.17078054,0.034207553,0.034575455,0.14047669,0.062089372,True,3.708100000000002,3.708100000000002
29,O=S(=O)(C1=CC=CC=C1C2=CC=CC=C2)C=CC=C3C=CC4=C(CCNC4=O)C3=C,C=c1c2c(ccc1=CC=CS(=O)(=O)c1ccccc1-c1ccccc1)C(=O)NCC2,-9.3,2.8179000000000007,0.7128117775765054,3.142557932559299,415.51400000000024,1,3,4,63.24,4,30,0.22690125,0.088584505,True,0.5463120587805171,docking_results_3_29.csv,0.043649193,0.03188796,0.078012764,0.06103559,0.14750883,0.0529729,0.045577057,0.22690125,0.031413455,0.06419277,0.2119938,0.06786844,True,2.8179000000000007,2.8179000000000007
82,CCC1N2C(CCC1C(N)=O)=CC=C2C3=CC=C4C=CC5=C(CCNC5=O)C4=C3,CCC1C(C(N)=O)CCc2ccc(-c3ccc4ccc5c(c4c3)CCNC5=O)n21,-9.3,3.5930000000000017,0.7204114122260237,3.833878781160868,387.4830000000002,2,2,3,77.12,5,29,0.23113784,0.09676668,True,0.3843494463531007,docking_results_3_28.csv,0.049823463,0.028971093,0.23113784,0.07871938,0.113005035,0.03471339,0.033883918,0.22451907,0.04806484,0.049330458,0.16268608,0.10634551,True,3.5930000000000017,3.5930000000000017
23,CC[NH1+1](CC(=O)O)C1=CC=C(C=C1)C2=CC=C3C=CC4=C(CCNC4=O)C3=C2,CC[NH+](CC(=O)O)c1ccc(-c2ccc3ccc4c(c3c2)CCNC4=O)cc1,-9.3,2.4135999999999997,0.6414010615009724,3.7952944617358675,375.4480000000002,3,2,5,70.84,4,28,0.23386045,0.08953122,True,0.5647348384671672,docking_results_3_22.csv,0.049690306,0.031667873,0.14421512,0.05782113,0.1362851,0.04167309,0.035218127,0.23386045,0.043282848,0.048609618,0.16231705,0.0897339,True,2.4135999999999997,2.4136
1,O=C(CN1CCCCC1)C=CC2=CC=C3C4=C(CCNC4=O)C=CC3=C2,O=C(C=Cc1ccc2c3c(ccc2c1)CCNC3=O)CN1CCCCC1,-9.3,3.193900000000002,0.8635009189281213,2.6304722020142677,348.446,1,3,4,49.410000000000004,4,26,0.23753992,0.07196601,True,0.4797034333066424,docking_results_3_18.csv,0.044134203,0.031962886,0.082828015,0.04918724,0.08469126,0.030876564,0.03341749,0.23753992,0.039512847,0.05060069,0.083858214,0.094982736,True,3.193900000000002,3.193900000000002
51,C[C@@H1]1CCSC[C@H1]1NC(=O)C2=CC=C3C=CC4=C(CCNC4=O)C3=C2,C[C@@H]1CCSC[C@H]1NC(=O)c1ccc2ccc3c(c2c1)CCNC3=O,-9.3,2.9971000000000014,0.8716032324320978,3.448044127326944,354.47500000000014,2,3,2,58.2,4,25,0.24889524,0.112493396,True,0.5192329765938833,docking_results_3_22.csv,0.051520184,0.031688076,0.22026598,0.105546676,0.12557024,0.044265423,0.038800295,0.24889524,0.049399547,0.058165953,0.24664067,0.12916242,True,2.9971000000000014,2.997100000000001
198,O=C([C@@H1](O)C1=CC=CC=C1)NC2=CC=C3C=CC4=C(CCNC4=O)C3=C2,O=C1NCCc2c1ccc1ccc(NC(=O)[C@@H](O)c3ccccc3)cc21,-9.3,2.7978000000000005,0.6822981416437235,2.7310537911522506,346.38600000000014,3,3,3,78.43,4,26,0.25922447,0.11305946,True,0.5486988166333017,docking_results_3_23.csv,0.051789884,0.029402738,0.25922447,0.08228907,0.1747937,0.049019735,0.036250636,0.23172064,0.0516406,0.050600685,0.24459013,0.09539122,True,2.7978000000000005,2.7978000000000005
7,C[C@@H1](S[C@H1]1C[C@@H1](C)N(C(=O)CC2=CC=CC=C2F)C1=O)C(=O)NC(=O)C=3C=C(ON=3)C4CC4,C[C@@H]1C[C@H](S[C@H](C)C(=O)NC(=O)c2cc(C3CC3)on2)C(=O)N1C(=O)Cc1ccccc1F,-9.3,2.8279000000000014,0.6584992395092842,3.9751283368564483,473.5260000000003,1,7,7,109.58000000000001,4,33,0.27626324,0.09604502,True,0.5450724179944937,docking_results_3_2.csv,0.04752798,0.040564187,0.063703455,0.082140274,0.099911645,0.050528158,0.059309483,0.27626324,0.045729067,0.083038315,0.17710766,0.1267168,True,2.8279000000000014,2.8279000000000014
135,C[C@@H1]1NC(=S)NC1C2=CC=C3C4=C(CCNC4=O)C=CC3=C2,C[C@@H]1NC(=S)NC1c1ccc2c3c(ccc2c1)CCNC3=O,-9.3,2.033,0.7055580193015066,3.7246385010843106,311.41,3,2,1,53.16,4,22,0.27886203,0.100883216,True,0.5244572753697165,docking_results_3_18.csv,0.040085882,0.022800324,0.27886203,0.085778326,0.08461527,0.028927533,0.034921266,0.23787805,0.043456003,0.058176246,0.18348241,0.11161527,True,2.033,2.033
217,CC1=CC=C(C=C1C2=CC=C(C=C2)C3=CC(C)=NC(N)=N3)C(=O)NCCC(O)CC,CCC(O)CCNC(=O)c1ccc(C)c(-c2ccc(-c3cc(C)nc(N)n3)cc2)c1,-9.3,3.9004400000000023,0.554342225296872,2.74670622453667,404.5140000000002,3,5,7,101.13000000000001,3,30,0.28380492,0.08003601,True,0.3134875363666598,docking_results_3_7.csv,0.031724915,0.01359462,0.28380492,0.056511197,0.1302509,0.027392136,0.021046694,0.14905502,0.03866616,0.037754796,0.12277424,0.04785649,True,3.9004400000000023,3.9004400000000015
121,COCCOCC1=CC=C(C=C1)C2=CC=C3C=CC4=C(CCNC4=O)C3=C2,COCCOCc1ccc(-c2ccc3ccc4c(c3c2)CCNC4=O)cc1,-9.3,3.955700000000003,0.6763305613229642,2.307299087446591,361.44100000000014,1,3,6,47.56,4,27,0.2861324,0.1213954,True,0.3019759685308259,docking_results_3_15.csv,0.050462704,0.029853422,0.2861324,0.10768007,0.1771581,0.054103784,0.039350666,0.23906039,0.057449393,0.06283461,0.25215888,0.10050037,True,3.955700000000003,3.955700000000003
172,CN(C1CCN(CC1)C(=O)C)C2=CC=C(C=N2)C3=CC=C4C=CC=CC4=N3,CC(=O)N1CCC(N(C)c2ccc(-c3ccc4ccccc4n3)cn2)CC1,-9.3,3.7439000000000027,0.7138225801035631,2.3089466718971945,360.46100000000007,0,4,3,49.33,4,27,0.29109004,0.08511216,True,0.3483717269676379,docking_results_3_14.csv,0.038898718,0.017843056,0.29109004,0.07117511,0.12134055,0.028092014,0.025282847,0.16737477,0.05024438,0.0432937,0.10193613,0.06477448,True,3.7439000000000027,3.7439000000000022
246,C1OC(=O)C=C(O1)C2=CC=C3C4=C(CCNC4=O)C=CC3=C2,O=C1C=C(c2ccc3c4c(ccc3c2)CCNC4=O)OCO1,-9.3,1.9974999999999998,0.8172684583219798,2.9064399437252177,295.294,1,4,1,64.63,4,22,0.29273427,0.113625966,True,0.518269549286859,docking_results_3_21.csv,0.08028792,0.058072727,0.24915981,0.063262746,0.12558667,0.045891166,0.038004007,0.29273427,0.059275366,0.050524235,0.15972735,0.14098538,True,1.9974999999999998,1.9975
209,CC=1OCC=C(C=1C)C2=CC=C3C=CC4=C(CCNC4=O)C3=C2,CC1=C(C)C(c2ccc3ccc4c(c3c2)CCNC4=O)=CCO1,-9.3,3.8332000000000024,0.8692283503301599,3.022446765980826,305.37700000000007,1,2,1,38.33,4,23,0.29767928,0.1233393,True,0.3280906813527215,docking_results_3_27.csv,0.057111237,0.038832814,0.27711117,0.0999065,0.12164943,0.04688448,0.038960688,0.29767928,0.05331887,0.06778175,0.24304695,0.13778841,True,3.8332000000000024,3.8332000000000015
23,O=C(C1CCN(CC1)C2=CC=CC=C2)NC3=CC=C4C=CC5=C(CCNC5=O)C4=C3,O=C1NCCc2c1ccc1ccc(NC(=O)C3CCN(c4ccccc4)CC3)cc21,-9.3,3.980800000000002,0.7003279461267307,2.2650488579130155,399.49400000000026,2,3,3,61.440000000000005,5,30,0.30341998,0.1376337,True,0.2969034811968709,docking_results_3_17.csv,0.051093407,0.03527797,0.28728533,0.11608157,0.1715195,0.060803227,0.050190568,0.30341998,0.079271555,0.07894853,0.2767398,0.14097285,True,3.980800000000002,3.980800000000002
42,CCC1=CC=C(C=C1C2=CC=C3C=CC4=C(CCNC4=O)C3=C2C=O)N5CCNCC5,CCc1ccc(N2CCNCC2)cc1-c1ccc2ccc3c(c2c1C=O)CCNC3=O,-9.3,3.577200000000002,0.6421552580628099,2.8967883189870136,413.52100000000024,2,4,4,61.440000000000005,5,31,0.3065492,0.12455737,True,0.3881981468334651,docking_results_3_22.csv,0.04640634,0.032055188,0.2885733,0.10746032,0.11179831,0.04021044,0.039251477,0.3065492,0.06339728,0.06236171,0.23199369,0.16463116,True,3.577200000000002,3.577200000000002
53,CC(C)(NC1=NC=NC2=CC=C(C=C12)[C@@H1]3O[C@H1](CO)[C@@H1](O)[C@H1]3)C4=CC=CC=C4,CC(C)(Nc1ncnc2ccc([C@H]3[CH][C@H](O)[C@@H](CO)O3)cc12)c1ccccc1,-9.3,2.9743900000000014,0.6326935603243156,3.89308118650138,378.45200000000006,3,6,5,87.50000000000001,4,28,0.30977187,0.11206028,True,0.5231979287940343,docking_results_3_8.csv,0.031856935,0.015336432,0.22732706,0.13466789,0.18053047,0.045513336,0.028154807,0.20020264,0.03882611,0.05095435,0.30977187,0.081581526,True,2.9743900000000014,2.9743900000000014
7,CC[C@@H1](OC1=NC=CC=C1C#N)C2=CC=C3C=CC4=C(CCNC4=O)C3=C2,CC[C@@H](Oc1ncccc1C#N)c1ccc2ccc3c(c2c1)CCNC3=O,-9.3,3.922480000000003,0.7677503369384255,3.2671154232899244,357.4130000000001,1,4,4,75.00999999999999,4,27,0.3161435,0.122695185,True,0.3088408842841955,docking_results_3_16.csv,0.047855817,0.029310454,0.3161435,0.11286994,0.14168777,0.047321532,0.041491322,0.24751301,0.060828526,0.06484314,0.24642718,0.11605005,True,3.922480000000003,3.922480000000003
16,C[C@@H1](O)CN1C=C(C=N1)C2=CC=C3C4=C(CCNC4=O)C=CC3=C2,C[C@@H](O)Cn1cc(-c2ccc3c4c(ccc3c2)CCNC4=O)cn1,-9.3,2.37,0.7781100376201794,3.101833533772253,321.38,2,3,3,67.15,4,24,0.31776726,0.10622469,True,0.5628383834692947,docking_results_3_16.csv,0.0548423,0.029220823,0.31776726,0.09019904,0.12307395,0.034197178,0.030525928,0.21750596,0.053873044,0.043030284,0.16584696,0.114613675,True,2.37,2.37
75,CCNC(=O)C1=CC=CC2=C(C=NN12)C3CCN(C4C3)C=CC5=CC=C(O)C=C45,CCNC(=O)c1cccc2c(C3CCN4C=Cc5ccc(O)cc5C4C3)cnn12,-9.3,3.694600000000003,0.7179075945810771,3.912314680803396,388.4710000000001,2,4,3,69.87,5,29,0.31976652,0.13553898,True,0.3599313109278033,docking_results_3_9.csv,0.046139758,0.031825166,0.2884185,0.12350041,0.12726691,0.049779374,0.042590067,0.31976652,0.064128205,0.07435188,0.29847014,0.16023077,True,3.694600000000003,3.694600000000003
29,CC(C)[C@H1](OC1=CC=CC(=N1)C2=CC=C3C4=C(CCNC4=O)C(=O)OC3=C2)C,CC(C)[C@@H](C)Oc1cccc(-c2ccc3c4c(c(=O)oc3c2)CCNC4=O)n1,-9.3,3.5642000000000023,0.7021766481104843,3.3203092523882543,378.4280000000001,1,5,4,81.42999999999999,4,28,0.3403921,0.11552853,True,0.3913716723744332,docking_results_3_13.csv,0.04358404,0.023380155,0.3403921,0.09179993,0.15779625,0.041761503,0.029924888,0.22542818,0.05896433,0.048810415,0.22540314,0.099097505,True,3.5642000000000023,3.5642000000000023
50,COC1=CC=C2C=C(C3=CC=C(C=N3)C(=O)N4CCOCC4)C=CC2=C1,COc1ccc2cc(-c3ccc(C(=O)N4CCOCC4)cn3)ccc2c1,-9.3,3.3828000000000022,0.7280521213058775,2.0096726068725665,348.4020000000001,0,4,3,51.66,4,26,0.34044713,0.11526925,True,0.4357155734347457,docking_results_3_11.csv,0.057879306,0.034273308,0.34044713,0.083009355,0.15802473,0.044751808,0.038701452,0.23184822,0.078964494,0.05305786,0.15088587,0.11138745,True,3.3828000000000022,3.3828000000000022
104,COC1=CC(C(N)=O)=CC=C1C2=CC=C3C=CC4=C(CCNC4=O)C3=C2,COc1cc(C(N)=O)ccc1-c1ccc2ccc3c(c2c1)CCNC3=O,-9.3,2.9002000000000008,0.7649870115851537,2.3217561006902727,346.38600000000014,2,3,3,81.41999999999999,4,26,0.34460422,0.09624386,True,0.5351155481241447,docking_results_3_29.csv,0.053595264,0.027976258,0.34460422,0.051035732,0.12991184,0.031540073,0.024215573,0.19363755,0.04539973,0.03312267,0.14109656,0.0787908,True,2.9002000000000008,2.9002000000000008
146,CCC1=CC=CC(=C12)C=CC=C3C4=C(CCNC4=O)C=CC3=C2,CCc1cccc2c1C=c1ccc3c(c1=CC=C2)C(=O)NCC3,-9.3,2.1710000000000003,0.8592001572053127,3.290673412468668,301.38899999999995,1,1,1,29.1,4,23,0.35872367,0.13454646,True,0.54493396257681,docking_results_3_21.csv,0.049038835,0.03553969,0.2453067,0.11515637,0.13800666,0.05667729,0.037262924,0.33043355,0.039982773,0.07561742,0.35872367,0.13281164,True,2.1710000000000003,2.1710000000000003
193,C1C2=NOC(C)=C2C3=CC=C4C=C(OCC(N)=O)C=CC4=C3N=C1N,Cc1onc2c1-c1ccc3cc(OCC(N)=O)ccc3c1N=C(N)C2,-9.3,2.21212,0.7602716334666025,3.038565862395494,336.35100000000006,2,6,3,116.72999999999999,4,25,0.36059216,0.095537506,True,0.5498244297421627,docking_results_3_20.csv,0.057816833,0.036233526,0.36059216,0.043833442,0.0901066,0.024642937,0.02801055,0.22073965,0.068207175,0.035075836,0.06498751,0.11620373,True,2.21212,2.21212
233,CC1=NOC(C)=C1C2=CC=C3C=CC4=C(CCNC4=O)C3=C2,Cc1noc(C)c1-c1ccc2ccc3c(c2c1)CCNC3=O,-9.3,3.397540000000002,0.7476056966945325,2.512094785758185,292.338,1,3,1,55.13,4,22,0.3658055,0.10182161,True,0.4321447572536633,docking_results_3_29.csv,0.049542647,0.026448729,0.3658055,0.08354687,0.09393937,0.026759084,0.02747601,0.2114646,0.049428616,0.040789295,0.13878965,0.10786893,True,3.397540000000002,3.397540000000002
74,CCC1=NN(C)C=C1C2=CC=C3C4=C(CCNC4=O)C=CC3=C2,CCc1nn(C)cc1-c1ccc2c3c(ccc2c1)CCNC3=O,-9.3,3.0886000000000013,0.790637385427643,2.6745201925542528,305.381,1,2,2,46.92,4,23,0.36658624,0.0854691,True,0.5019119120499184,docking_results_3_21.csv,0.034674283,0.01503075,0.36658624,0.07009876,0.07492928,0.017733507,0.019061074,0.1689994,0.033830207,0.03223398,0.11880278,0.07364892,True,3.0886000000000013,3.0886000000000013
249,CC1=NN(C)C=C1C2=CC=C3C=CC4=C(CCNC4=O)C3=C2,Cc1nn(C)cc1-c1ccc2ccc3c(c2c1)CCNC3=O,-9.3,2.834620000000001,0.7491561378315951,2.5351013791647787,291.354,1,2,1,46.92,4,22,0.36673376,0.09014529,True,0.5442201396953505,docking_results_3_13.csv,0.04190396,0.019243468,0.36673376,0.07336028,0.0875443,0.0211641,0.02143083,0.17768526,0.04084496,0.033512566,0.11641129,0.08190869,True,2.834620000000001,2.834620000000001
9,CCNC(=O)C1=CC=CC=C1C2=CC=C3C4=C(CCNC4=O)C=CC3=C2,CCNC(=O)c1ccccc1-c1ccc2c3c(ccc2c1)CCNC3=O,-9.3,3.5424000000000024,0.763397456015752,2.2936971817713534,344.414,2,2,3,58.2,4,26,0.3690784,0.11256618,True,0.3967044573386961,docking_results_3_16.csv,0.04026648,0.021166874,0.3690784,0.08056765,0.1397211,0.036687955,0.030155938,0.22072282,0.04821239,0.04886517,0.22834915,0.08700027,True,3.5424000000000024,3.5424000000000024
34,COC1=CC=C(C=C1C2=CC=C3C=CC4=C(CCNC4=O)C3=C2C=O)N5CCNCC5,COc1ccc(N2CCNCC2)cc1-c1ccc2ccc3c(c2c1C=O)CCNC3=O,-9.3,3.0234000000000014,0.6413148944600664,2.8176467805254735,415.4930000000003,2,5,4,70.67,5,31,0.37548164,0.14185229,True,0.5144681964289362,docking_results_3_23.csv,0.052977156,0.038196173,0.37548164,0.11155337,0.123291604,0.04462163,0.042355634,0.3329737,0.08354456,0.06446708,0.23763525,0.19512966,True,3.0234000000000014,3.0234000000000014
243,COC(=O)C1=CC=C(N=C1)C2=CC=C3C4=C(CCNC4=O)C=CC3=C2,COC(=O)c1ccc(-c2ccc3c4c(ccc3c2)CCNC4=O)nc1,-9.3,2.9743000000000013,0.7326895456281818,2.378776236176643,332.35900000000004,1,4,2,68.28999999999999,4,25,0.37738675,0.10925483,True,0.5232133582920633,docking_results_3_16.csv,0.061795283,0.034209292,0.37738675,0.06588933,0.14712857,0.038562655,0.030518986,0.21011947,0.061721258,0.04035598,0.14731333,0.0960571,True,2.9743000000000013,2.9743000000000013
78,CC(=O)OC1=CC=C(C=C1)C2=CC=C3C4=C(CCNC4=O)C=CC3=C2,CC(=O)Oc1ccc(-c2ccc3c4c(ccc3c2)CCNC4=O)cc1,-9.3,3.7180000000000026,0.5750738025094487,2.266655082330489,331.37100000000004,1,3,2,55.4,4,25,0.37795976,0.1644355,True,0.3544163080035157,docking_results_3_14.csv,0.085054405,0.062381685,0.37795976,0.11180296,0.24687278,0.088747166,0.047440458,0.32603616,0.08606665,0.07216592,0.31770507,0.15099317,True,3.7180000000000026,3.718000000000002
188,COC1=CC(C)=C(C(C)=O)C=C1NC(=O)C=CC=C2C=CC3=C(CCNC3=O)C2=C,C=c1c2c(ccc1=CC=CC(=O)Nc1cc(C(C)=O)c(C)cc1OC)C(=O)NCC2,-9.3,1.8778199999999998,0.5887434571602904,3.184822318187681,404.4660000000003,2,4,5,84.5,3,30,0.3791543,0.1360503,True,0.4950672477104615,docking_results_3_18.csv,0.039335657,0.036023222,0.28938922,0.077670194,0.11201581,0.051966514,0.050392684,0.3791543,0.07578509,0.09864142,0.2656356,0.15659398,True,1.8778199999999998,1.87782
199,O=C(NC1=NCCN1)C2=CC=C(C=C2)C3=CC=C4C=CC=CC4=C3,O=C(NC1=NCCN1)c1ccc(-c2ccc3ccccc3c2)cc1,-9.3,3.195800000000002,0.7628645877056713,2.0647823164493904,315.3760000000001,2,3,2,53.49,4,24,0.387289,0.13158713,True,0.4792839873586427,docking_results_3_12.csv,0.054357577,0.031663444,0.387289,0.08282897,0.20959903,0.05563563,0.0421836,0.2501949,0.078049496,0.059208233,0.22792895,0.100106716,True,3.195800000000002,3.195800000000002
167,CC1=CC=C(C=C1C=C2C=CC3=CC=C(O)C(C)=C3C2)C(=O)NCCNC=O,Cc1ccc(C(=O)NCCNC=O)cc1C=C1C=Cc2ccc(O)c(C)c2C1,-9.3,3.137740000000001,0.5353324841839662,3.0870301347308233,376.45600000000013,3,3,6,78.43,3,28,0.3962095,0.14221525,True,0.491816298783459,docking_results_3_23.csv,0.052677706,0.050763823,0.16571385,0.092745535,0.15727596,0.082832284,0.055807296,0.3962095,0.058119874,0.115562856,0.33152157,0.14735264,True,3.137740000000001,3.137740000000001
225,COC[C@@H1](C)OC1=CC=C(C=N1)C2=CC=C3C=CC4=C(CCNC4=O)C3=C2,COC[C@@H](C)Oc1ccc(-c2ccc3ccc4c(c3c2)CCNC4=O)cn1,-9.3,3.6014000000000026,0.7533174179851729,3.027850334532528,362.42900000000014,1,4,5,60.45,4,27,0.39966008,0.13820992,True,0.3823075939981554,docking_results_3_28.csv,0.053781793,0.032109633,0.39966008,0.12234948,0.17035294,0.052882634,0.038732793,0.26108456,0.072154075,0.0630919,0.26519987,0.1271194,True,3.6014000000000026,3.6014000000000026
144,CC(C1)C[NH2+1][NH1]C(=NC1)OC2=CC=C(C=C2)C3=CC=CC4=CN=CC=C34,CC1CCN=C(Oc2ccc(-c3cccc4cnccc34)cc2)N[NH2+]C1,-9.3,2.7444000000000006,0.7008443098053099,3.7570400528905115,347.44200000000006,2,4,2,63.120000000000005,4,26,0.40492126,0.14435223,True,0.5543408319850583,docking_results_3_12.csv,0.049436953,0.027759746,0.40492126,0.122252405,0.22301766,0.06007452,0.037131526,0.26817912,0.086605035,0.06331442,0.27085492,0.118679,True,2.7444000000000006,2.7444000000000006
157,C1C[C@@H1](C)N=C(N)N1C2=CC=C(C=C2)C3=CC=C4C=CC=C(CNC(N)=O)C4=N3,C[C@@H]1CCN(c2ccc(-c3ccc4cccc(CNC(N)=O)c4n3)cc2)C(N)=N1,-9.3,2.9834000000000005,0.6380601601605373,3.182482728307127,388.4750000000002,3,5,4,109.63000000000001,4,29,0.4100327,0.13235533,True,0.5216418407545423,docking_results_3_11.csv,0.06769114,0.041428834,0.4100327,0.086638555,0.17301159,0.050904762,0.04162393,0.26020268,0.097581685,0.056638766,0.16569798,0.1368114,True,2.9834000000000005,2.9834000000000005
120,FC1=CC=C(F)C2=C1C=CC=C3C=CC4=C(CCNC4=O)C3=C2,O=C1NCCc2c1ccc1c2=Cc2c(F)ccc(F)c2C=CC=1,-9.3,1.8868000000000003,0.7909788639524749,3.3725069058409662,309.31500000000005,1,1,0,29.1,4,23,0.41014832,0.16212659,True,0.4969210623406817,docking_results_3_28.csv,0.061960258,0.05339984,0.27241087,0.15087901,0.13043019,0.06586035,0.046923507,0.41014832,0.0542754,0.09156268,0.39741737,0.21025135,True,1.8868000000000003,1.8868000000000005
110,CC[C@H1](NC(=O)C1=CN=C2OC(=O)[NH1]C2=C1)C=CC3=CC=C4N=CC=CC4=C3,CC[C@@H](C=Cc1ccc2ncccc2c1)NC(=O)c1cnc2oc(=O)[nH]c2c1,-9.3,3.286100000000001,0.5581920967510143,3.352594376265781,374.4000000000001,2,5,5,100.88000000000001,4,28,0.42374343,0.14507003,True,0.4587358034344178,docking_results_3_23.csv,0.054066997,0.03957957,0.42374343,0.101543605,0.1627676,0.0569851,0.05436973,0.29316038,0.118317336,0.07965915,0.2050311,0.1516166,True,3.286100000000001,3.286100000000001
25,CC1=CC(OC(F)F)=CC=C1C=CC=C2C=CC3=C(CCNC3=O)C2=C,C=c1c2c(ccc1=CC=Cc1ccc(OC(F)F)cc1C)C(=O)NCC2,-9.3,2.7865200000000003,0.9159647716955331,3.2221005115922186,355.38400000000024,1,2,4,38.33,3,26,0.42899406,0.16826035,True,0.549976025095181,docking_results_3_17.csv,0.051209908,0.05063049,0.22363605,0.14200474,0.15793875,0.085735105,0.0631905,0.4262065,0.068863824,0.12559704,0.42899406,0.19511715,True,2.7865200000000003,2.7865200000000003
16,CC1C=NN=C(C(=O)NCC2=CNC3=C(Cl)C=C(Cl)N=C23)C(N)=C1C4=CC=CC=C4,CC1C=NN=C(C(=O)NCc2c[nH]c3c(Cl)cc(Cl)nc23)C(N)=C1c1ccccc1,-9.3,3.932400000000002,0.5340314515217087,3.757219456598726,441.3220000000002,3,5,4,108.52,4,30,0.43334037,0.12614124,True,0.306773193221214,docking_results_3_8.csv,0.024426159,0.015893769,0.43334037,0.09148111,0.082305774,0.026515521,0.035219,0.29674938,0.0628377,0.066329576,0.24215107,0.13644545,True,3.932400000000002,3.932400000000002
242,C1OC=CC2=CC=C(C=C12)C=CC3=C4C=CN(C)C(=O)C4=CN=C3,Cn1ccc2c(C=Cc3ccc4c(c3)COC=C4)cncc2c1=O,-9.3,3.6048000000000027,0.7253197301238354,3.158924672121887,316.36,0,3,2,44.120000000000005,4,24,0.43516177,0.19170724,True,0.3814820579980663,docking_results_3_17.csv,0.06264506,0.05618517,0.43516177,0.16094331,0.19258052,0.088348344,0.06240275,0.41436705,0.11222424,0.11056948,0.38724515,0.21781404,True,3.6048000000000027,3.6048000000000022
93,COCCOC1=CC=C(C=N1)C2=CC=C3C=CC4=C(CCNC4=O)C3=C2,COCCOc1ccc(-c2ccc3ccc4c(c3c2)CCNC4=O)cn1,-9.3,3.212900000000001,0.7194393451821511,2.457324226305765,348.40200000000016,1,4,5,60.45,4,26,0.4388605,0.13984309,True,0.4754828244977641,docking_results_3_15.csv,0.06052599,0.037686396,0.4388605,0.110892236,0.161601,0.05132996,0.041354075,0.26819342,0.08448789,0.062689975,0.22148697,0.13900858,True,3.212900000000001,3.212900000000001
71,CC1=C(Br)C=CC2=C1C=CC=C3C=CC4=C(CCNC4=O)C3=C2,Cc1c(Br)ccc2c1C=CC=c1ccc3c(c1=C2)CCNC3=O,-9.3,2.679520000000001,0.763391321358433,3.4522104023444626,366.2580000000002,1,1,0,29.1,4,23,0.4489359,0.17801432,True,0.5597765592251149,docking_results_3_28.csv,0.062679626,0.056975476,0.29868168,0.15807456,0.15277117,0.07986815,0.05104964,0.43936953,0.061992355,0.10678889,0.4489359,0.21898483,True,2.679520000000001,2.679520000000001
173,CC=C1C=CC(C=C1OC2=CC=C(C=N2)C3=CC=C(O)C=C3)=CC(=O)N4CCNCC4,CC=c1ccc(=CC(=O)N2CCNCC2)cc1Oc1ccc(-c2ccc(O)cc2)cn1,-9.3,2.2592,0.6838556830969026,3.168069857448552,415.4930000000002,2,5,4,74.69,4,31,0.45039734,0.21821976,True,0.5546838257611518,docking_results_3_12.csv,0.083255865,0.077605166,0.40651864,0.16353182,0.27773935,0.13079987,0.07997033,0.45039734,0.16850442,0.13016452,0.39898956,0.25116026,True,2.2592,2.2592
34,CC1=CN=CC=C1C2=CC=C3C4=C(CCNC4=O)C=CC3=C2,Cc1cnccc1-c1ccc2c3c(ccc2c1)CCNC3=O,-9.3,3.4961200000000012,0.7444129054343842,2.4376913860329115,288.34999999999997,1,2,1,41.99,4,22,0.45316696,0.1377733,True,0.4080515290607145,docking_results_3_18.csv,0.051524986,0.029443366,0.45316696,0.11954103,0.15721788,0.046023894,0.03654592,0.25577608,0.06790923,0.058612447,0.25558114,0.12193673,True,3.4961200000000012,3.496120000000001
192,O=C(C1OCC1)NC2=CC=C(C3=C2)C4=CC=CC=CC5=C(CCNC5=O)C3=C4,O=C1NCCc2c1cccccc1cc2-c2cc(NC(=O)C3CCO3)ccc2-1,-9.3,3.471700000000002,0.7238101229854688,3.921533714403818,372.4240000000002,2,3,2,67.43,5,28,0.4644711,0.20949864,True,0.4140402934676651,docking_results_3_17.csv,0.067115776,0.058824718,0.4644711,0.17527317,0.22692329,0.0949737,0.066109456,0.43144196,0.13209891,0.104863055,0.43387246,0.25801602,True,3.471700000000002,3.471700000000002
146,O=C(NC1=CC=CC=C1)C2=CC=C3C=CC4=C(CCNC4=O)C3=C2,O=C(Nc1ccccc1)c1ccc2ccc3c(c2c1)CCNC3=O,-9.3,3.378000000000002,0.7612823075014872,2.0444873094845235,316.36,2,2,2,58.2,4,24,0.47060153,0.1594907,True,0.4368756386231402,docking_results_3_26.csv,0.047317732,0.031035399,0.47060153,0.106607206,0.21845683,0.065649584,0.044036984,0.2995159,0.08352166,0.070074216,0.35354817,0.1235233,True,3.378000000000002,3.378000000000002
86,COC1=CC=CC(=N1)C2=CC=C3C=CC4=C(CCNC4=O)C3=C2,COc1cccc(-c2ccc3ccc4c(c3c2)CCNC4=O)n1,-9.3,3.1963000000000017,0.790772429583176,2.381293159885429,304.34900000000005,1,3,2,51.22,4,23,0.48494923,0.12792198,True,0.4791735084184206,docking_results_3_27.csv,0.053255633,0.028775137,0.48494923,0.09309542,0.14584301,0.039197586,0.03225819,0.23198728,0.06923523,0.04885636,0.1967893,0.11082153,True,3.1963000000000017,3.1963000000000017
239,CCN1C=CC=C1C2=CC=C3C4=C(CCNC4=O)C=CC3=C2C#N,CCn1cccc1-c1ccc2c3c(ccc2c1C#N)CCNC3=O,-9.3,3.485780000000002,0.786789365724073,2.8616013658629296,315.37600000000003,1,2,2,57.82,4,24,0.49095717,0.19491887,True,0.4105878692095266,docking_results_3_22.csv,0.047935758,0.03938836,0.49095717,0.19055638,0.16119678,0.06861782,0.051958997,0.407755,0.09295137,0.09574072,0.45758563,0.2343823,True,3.485780000000002,3.485780000000002
238,COC1=CC=C(C=N1)C2=CC=C3C4=C(CCNC4=O)C=CC3=C2,COc1ccc(-c2ccc3c4c(ccc3c2)CCNC4=O)cn1,-9.3,3.1963000000000017,0.790772429583176,2.3832956857178065,304.349,1,3,2,51.22,4,23,0.49555486,0.131388,True,0.4791735084184206,docking_results_3_22.csv,0.053070124,0.02871846,0.49555486,0.096119344,0.15191373,0.04084971,0.03208679,0.23682038,0.07041852,0.049409676,0.20929414,0.11240024,True,3.1963000000000017,3.1963000000000017
182,CCOC1=CC=C(C=N1)C2=CC=C3C4=C(CCNC4=O)C=CC3=C2,CCOc1ccc(-c2ccc3c4c(ccc3c2)CCNC4=O)cn1,-9.3,3.586400000000002,0.8027566241365042,2.414810606187821,318.37600000000003,1,3,3,51.22,4,24,0.49633244,0.14580603,True,0.3859559162659189,docking_results_3_21.csv,0.054917686,0.03235877,0.49633244,0.116635606,0.16402854,0.049299296,0.036708962,0.27035916,0.07583731,0.060051277,0.2616473,0.13149595,True,3.586400000000002,3.586400000000002
221,C[C@@H1](CNCCCN1CCCCC1)C2=CC=C3C=CC4=C(CCNC4=O)C3=C2,C[C@@H](CNCCCN1CCCCC1)c1ccc2ccc3c(c2c1)CCNC3=O,-9.2,3.6948000000000025,0.7212802993877709,2.9700871634244237,379.5480000000002,2,3,7,44.37,4,28,0.08347327,0.025623983,True,0.3262278894455886,docking_results_3_24.csv,0.020436833,0.007339946,0.03227413,0.024413235,0.04468374,0.008552445,0.009465779,0.08347327,0.0070078922,0.01680167,0.03141133,0.02162752,True,3.6948000000000025,3.6948000000000025
149,O=S(=O)(NCC1=CC=CC=C1)C2=CC=C3C=CC4=C(CCNC4=O)C3=C2,O=C1NCCc2c1ccc1ccc(S(=O)(=O)NCc3ccccc3)cc21,-9.2,2.6042000000000005,0.7452561218067533,2.2300159510021214,366.44200000000023,2,3,4,75.27000000000001,4,26,0.08782069,0.028422909,True,0.5113021627479801,docking_results_3_18.csv,0.034231443,0.010173724,0.038790938,0.018598178,0.08782069,0.012131417,0.010562722,0.057395108,0.0071495515,0.011669927,0.039345782,0.013205437,True,2.6042000000000005,2.6042000000000005
225,O=S(=O)(NC(=O)C1=CC=C(F)C=C1)C2=CC=C3C=CC=CC3=C2,O=C(NS(=O)(=O)c1ccc2ccccc2c1)c1ccc(F)cc1,-9.2,3.0976000000000017,0.8029611586494373,1.7296742108436547,329.35200000000003,1,3,3,63.24,3,23,0.09231303,0.026545743,True,0.4533320861762881,docking_results_3_14.csv,0.024271388,0.0072856206,0.030752916,0.015585791,0.09231303,0.01249167,0.011662791,0.049298108,0.005478576,0.012899278,0.04814101,0.008368724,True,3.0976000000000017,3.0976000000000017
121,CN1C(C(=O)NC2CCCCC2)=CN=C1C3=CC=CC=CC4=C(CCNC4=O)C=C3,Cn1c(C(=O)NC2CCCCC2)cnc1-c1cccccc2c(cc1)CCNC2=O,-9.2,3.5599000000000016,0.8212956685335376,2.9113680850899115,404.5140000000001,2,3,3,76.02000000000001,4,30,0.100759104,0.040663667,True,0.3557234915279366,docking_results_3_19.csv,0.028127884,0.009733917,0.100759104,0.03279417,0.0754753,0.014175644,0.013965976,0.092643775,0.014857493,0.022284515,0.057489574,0.025656637,True,3.5599000000000016,3.5599000000000016
181,C[C@@H1](C(=O)NC[C@H1]1CCCN1C2=CC=CN=N2)C3=CC=C4C=CC=CC4=C3,C[C@@H](C(=O)NC[C@H]1CCCN1c1cccnn1)c1ccc2ccccc2c1,-9.2,3.518500000000002,0.7563056251065168,3.1151411752862774,360.46100000000007,1,4,5,58.120000000000005,4,27,0.11788604,0.05532692,True,0.3649145817433196,docking_results_3_23.csv,0.038478266,0.016184382,0.10501408,0.052198302,0.112918645,0.025011733,0.023671776,0.11788604,0.026338883,0.035448223,0.07247452,0.03829817,True,3.518500000000002,3.518500000000002
43,CC1=CC=C(C=C1F)C2=CC=C(C=N2)C(=O)N3CCCC(C3)C(=O)NC4CCCC(N)CC4,Cc1ccc(-c2ccc(C(=O)N3CCCC(C(=O)NC4CCCC(N)CC4)C3)cn2)cc1F,-9.2,3.8245200000000024,0.6904890587480187,3.280914945010978,452.5740000000004,2,4,4,88.32000000000001,4,33,0.12253585,0.04555704,True,0.2991568292248125,docking_results_3_5.csv,0.029355543,0.012639373,0.06518481,0.04251045,0.079942405,0.01914653,0.019098043,0.12253585,0.018029802,0.033018794,0.06819148,0.03703142,True,3.8245200000000024,3.8245200000000015
150,C[C@@H1](C1=CC=CS1)N(C)C(=O)C2=CC=C3C=C(C=NC3=C2)C(=O)N4CCN(C)CC4,C[C@@H](c1cccs1)N(C)C(=O)c1ccc2cc(C(=O)N3CCN(C)CC3)cnc2c1,-9.2,3.517100000000003,0.6456217075297709,2.8335115832955573,422.55400000000026,0,5,4,56.75000000000001,4,30,0.12276257,0.045836467,True,0.3652258080449793,docking_results_3_13.csv,0.028613595,0.012305665,0.105636224,0.036668837,0.07389775,0.015522582,0.01550926,0.12276257,0.021750625,0.024920179,0.05297115,0.039479237,True,3.517100000000003,3.517100000000003
155,C1C2=CC(C=C2C3=CC=CC=C3C1N4CCNCC4)C(=O)NC5CCNCC5,O=C(NC1CCNCC1)C1C=C2CC(N3CCNCC3)c3ccccc3C2=C1,-9.2,1.8443999999999992,0.7513843903079864,3.9081324330326117,378.52000000000015,3,4,3,56.400000000000006,5,28,0.13136333,0.031637378,True,0.4423866257426649,docking_results_3_24.csv,0.021716172,0.010854323,0.026795164,0.023485016,0.04175469,0.0099983,0.012649235,0.13136333,0.0119730905,0.022998564,0.02627208,0.039788555,True,1.8443999999999992,1.8443999999999992
27,C1C(C)C(NC(=O)C2=CC=C3C=C(CN4CCCC4)C=CC3=C2)C1,CC1CCC1NC(=O)c1ccc2cc(CN3CCCC3)ccc2c1,-9.2,3.9639000000000033,0.923746380659637,2.6697160797557054,322.452,1,2,4,32.34,4,24,0.13160199,0.054888114,True,0.2722232523818215,docking_results_3_17.csv,0.024371523,0.009937014,0.08916373,0.058502212,0.09609903,0.022581123,0.01847406,0.13160199,0.018270815,0.03643193,0.11620663,0.03701729,True,3.9639000000000033,3.9639000000000033
253,C[C@@H1](C(=O)NC1CCC2=CC=CC=C2S1(=O)=O)C3=CC=C4C=CC=CC4=C3,C[C@@H](C(=O)NC1CCc2ccccc2S1(=O)=O)c1ccc2ccccc2c1,-9.2,3.8057000000000025,0.7527133477669513,3.3590109359054052,379.4810000000001,1,3,3,63.24,4,27,0.13164845,0.04536633,True,0.3029784418078891,docking_results_3_12.csv,0.032438062,0.011527633,0.04106355,0.04012403,0.13164845,0.025281513,0.020383483,0.083120994,0.010627708,0.026906487,0.10261706,0.018656908,True,3.8057000000000025,3.8057000000000025
52,CC=C1C(C(=O)N2CCC(CC2)NC(=O)C3=CC=CC=C3CN4C=CN=C4C)C=C1,CC=C1C=CC1C(=O)N1CCC(NC(=O)c2ccccc2Cn2ccnc2C)CC1,-9.2,3.092920000000002,0.8327656969054438,3.354192846054689,404.5140000000001,1,3,5,67.23,4,30,0.13680954,0.04234977,True,0.4541876277447696,docking_results_3_22.csv,0.024225008,0.012534216,0.056592796,0.033945918,0.056459058,0.016636824,0.02178569,0.13680954,0.017557453,0.03928888,0.055335227,0.037026666,True,3.092920000000002,3.092920000000002
23,O=C(CN1CCCCCC1)C2=CC=C3C=CC4=C(CCNC4=O)C3=C2,O=C(CN1CCCCCC1)c1ccc2ccc3c(c2c1)CCNC3=O,-9.2,3.184400000000001,0.8759629134382991,2.3301279485054103,336.43500000000006,1,3,3,49.410000000000004,4,25,0.14336616,0.047976524,True,0.4367348624156774,docking_results_3_28.csv,0.042981345,0.021224981,0.06521387,0.034736775,0.077899344,0.019057058,0.01850375,0.14336616,0.02111456,0.025331741,0.053983286,0.052305426,True,3.184400000000001,3.184400000000001
99,O=S(=O)(N1CCOCC1)C2=CC=C(C=C2)C3=CCN(CC3)C4=CC=C5C=CC=CC5=N4,O=S(=O)(c1ccc(C2=CCN(c3ccc4ccccc4n3)CC2)cc1)N1CCOCC1,-9.2,3.549400000000002,0.6272331949071447,2.3958190036869276,435.5490000000002,0,5,4,62.74,5,31,0.14716162,0.053750664,True,0.3580515628541669,docking_results_3_6.csv,0.046527572,0.024041763,0.05496235,0.045522716,0.10410427,0.024879193,0.023479713,0.14716162,0.023057604,0.028458988,0.069364496,0.0534477,True,3.549400000000002,3.549400000000002
164,O=C(CS(=O)(=O)C1=CC=C2C3=C(CCNC3=O)C=CC2=C1)NC4=CC=CC=C4,O=C(CS(=O)(=O)c1ccc2c3c(ccc2c1)CCNC3=O)Nc1ccccc1,-9.2,2.538100000000001,0.7112876915401428,2.3685469677395847,394.45200000000006,2,4,4,92.34,4,28,0.14783777,0.061065525,True,0.5130211500452485,docking_results_3_20.csv,0.04221496,0.02227219,0.10185759,0.038877074,0.10974493,0.027774738,0.028721003,0.14783777,0.025296282,0.034663707,0.10654571,0.046980403,True,2.538100000000001,2.538100000000001
57,O=C(CNC(=O)C1=CC=CN=C1OC2=CC=C(F)C=C2F)NCC3CC=CC4=CC=CN=C34,O=C(CNC(=O)c1cccnc1Oc1ccc(F)cc1F)NCC1CC=Cc2cccnc21,-9.2,3.5938000000000025,0.5739466769485395,3.2090403106494634,450.44500000000016,2,5,7,93.21000000000001,4,33,0.15400046,0.05782926,True,0.3482289723620121,docking_results_3_23.csv,0.03606021,0.017205859,0.15400046,0.040319342,0.078315414,0.019775808,0.024784446,0.14235352,0.030040069,0.036869746,0.06484978,0.049376443,True,3.5938000000000025,3.5938000000000025
121,COC(=O)C1=CC=C(C=C1)C(=O)NC(C(N)=O)C2=CC=C(C=C2)C3=CC=CC=C3,COC(=O)c1ccc(C(=O)NC(C(N)=O)c2ccc(-c3ccccc3)cc2)cc1,-9.2,3.0966000000000014,0.6340815789800465,2.286163677243586,388.42300000000006,2,4,6,98.49000000000001,3,29,0.15427326,0.049360856,True,0.4535152586564808,docking_results_3_5.csv,0.041989878,0.0147167025,0.11714497,0.020844895,0.15427326,0.024141956,0.017231526,0.0819006,0.020566544,0.020851148,0.060577583,0.018091228,True,3.0966000000000014,3.0966000000000014
227,C[C@@H1]1CCCN(C2=CC=C(C=N2)C3=CC=C4CNC(=O)COC4=C3)C1,C[C@@H]1CCCN(c2ccc(-c3ccc4c(c3)OCC(=O)NC4)cn2)C1,-9.2,2.993500000000001,0.9152293029342253,2.958024275483778,337.4230000000002,1,4,2,54.46000000000001,4,25,0.16902953,0.0714526,True,0.4712529654602803,docking_results_3_17.csv,0.055283986,0.028347824,0.14278673,0.05792346,0.11099942,0.029407667,0.0283446,0.16902953,0.04180132,0.037789024,0.079841666,0.07587593,True,2.993500000000001,2.993500000000001
60,CCOC[C@@H1]1CCCN1C2CCN(CC2)C3=CC=C(F)C(=C3)C=C4N=C[NH1]C(=O)C4=C,C=c1c(=Cc2cc(N3CCC(N4CCC[C@H]4COCC)CC3)ccc2F)nc[nH]c1=O,-9.2,1.6178000000000008,0.7607602699338221,3.700036160865751,426.5360000000001,1,5,6,61.46,4,31,0.17233324,0.06217414,True,0.395099293891612,docking_results_3_1.csv,0.034769613,0.01777785,0.116096884,0.06398184,0.07247059,0.020750675,0.022686426,0.17233324,0.029547716,0.039677557,0.08180282,0.07419451,True,1.6178000000000008,1.6178000000000008
42,O=C(NC1=CC=C2N=CN(C3CCNCC3)C2=C1C4)CC=CC5=CC=CC=C45,O=C1CC=Cc2ccccc2Cc2c(ccc3ncn(C4CCNCC4)c23)N1,-9.2,3.9070000000000027,0.6809265303863791,3.425465944590364,372.47200000000004,2,3,1,58.95,5,28,0.18365559,0.07147676,True,0.2829099158787313,docking_results_3_21.csv,0.0438648,0.021716608,0.18365559,0.06329322,0.08187153,0.021667281,0.025387848,0.1752247,0.034109276,0.036822177,0.091034845,0.07907316,True,3.9070000000000027,3.9070000000000022
221,CC(C)[C@H1]1COC(=O)N1C2=CC=C3C4=C(CCNC4=O)C=CC3=C2,CC(C)[C@H]1COC(=O)N1c1ccc2c3c(ccc2c1)CCNC3=O,-9.2,3.1069000000000013,0.9232407950271541,3.236939947307567,324.38000000000005,1,3,2,58.64,4,24,0.18384558,0.08122117,True,0.4516192036100834,docking_results_3_19.csv,0.045170654,0.021625565,0.18239084,0.067584164,0.1169108,0.029264195,0.023427011,0.18384558,0.03387759,0.034004375,0.15711296,0.079440266,True,3.1069000000000013,3.1069000000000013
162,C[C@H1](CN1CCCC1)N2CCC(CC2)C=C3C=C4C=CC=CC4=CC3=O,C[C@H](CN1CCCC1)N1CCC(C=C2C=c3ccccc3=CC2=O)CC1,-9.2,1.953,0.775780949722888,3.410926689937675,350.50600000000003,0,3,4,23.55,4,26,0.18994826,0.049868833,True,0.4623428407167954,docking_results_3_9.csv,0.02590553,0.01695014,0.026871601,0.04460385,0.05932706,0.020987395,0.02354752,0.18994826,0.01656794,0.045031257,0.07016132,0.058524042,True,1.953,1.953
170,CCS(=O)(=O)C1=CC=C(C=C1)C2=CC=C3C4=C(CCNC4=O)C=CC3=C2,CCS(=O)(=O)c1ccc(-c2ccc3c4c(ccc3c2)CCNC4=O)cc1,-9.2,3.5863000000000023,0.7714851219510948,2.3475978886320608,365.4540000000001,1,3,3,63.24,4,26,0.20465332,0.093022935,True,0.3498836823752898,docking_results_3_15.csv,0.055602796,0.031279977,0.15687326,0.070983544,0.17770901,0.04815034,0.0324873,0.19173221,0.035319906,0.041648064,0.20465332,0.06983543,True,3.5863000000000023,3.5863000000000023
48,C=CCS(=O)(=O)C1=CC=C(OC)C(=C1)C2=CC=C3C=CC4=C(CCNC4=O)C3=C2,C=CCS(=O)(=O)c1ccc(OC)c(-c2ccc3ccc4c(c3c2)CCNC4=O)c1,-9.2,3.761000000000003,0.6538812602325046,2.671018204823289,407.4910000000002,1,4,5,72.47,4,29,0.20543985,0.086335726,True,0.31220834929169,docking_results_3_13.csv,0.05657802,0.035076167,0.16046353,0.058441285,0.13005906,0.03961825,0.033497855,0.20543985,0.03761119,0.04361436,0.15554672,0.08008239,True,3.761000000000003,3.761000000000003
162,CC(C)(OC1=CC=CC2=CC=CC=C12)C(=O)N3C=CC4=CCC(=O)NC4=CC3,CC(C)(Oc1cccc2ccccc12)C(=O)N1C=CC2=CCC(=O)NC2=CC1,-9.2,3.683300000000002,0.8915407614177625,3.220710236970355,374.44000000000017,1,3,3,58.64,4,28,0.22540438,0.075397365,True,0.3287002687000864,docking_results_3_21.csv,0.03241825,0.022333134,0.117001034,0.052348074,0.08409141,0.03125414,0.03854947,0.22540438,0.03531724,0.063668676,0.12927336,0.07310925,True,3.683300000000002,3.683300000000002
210,COC1=CC(CN2CCC(N)CC2)=CC=C1C3=CC=C4C=CC5=C(CCNC5=O)C4=C3,COc1cc(CN2CCC(N)CC2)ccc1-c1ccc2ccc3c(c2c1)CCNC3=O,-9.2,3.724400000000002,0.681497216795407,2.5122267805254754,415.5370000000002,2,4,4,67.59,5,31,0.22917299,0.08374054,True,0.3199121184586743,docking_results_3_23.csv,0.040564846,0.019909384,0.22917299,0.07618613,0.100570835,0.026648989,0.024179783,0.19151574,0.03770434,0.03979466,0.13559103,0.08304771,True,3.724400000000002,3.724400000000002
161,CC1=NC(NC2=CC=C(C=C2)S(N)(=O)=O)=NC(=N1)C3=CC=C4C=CC=CC4=C3,Cc1nc(Nc2ccc(S(N)(=O)=O)cc2)nc(-c2ccc3ccccc3c2)n1,-9.2,3.3912200000000015,0.5515608057112472,2.1564221600472795,391.4560000000001,2,6,4,110.85999999999999,4,28,0.23297961,0.059914846,True,0.3931201187598976,docking_results_3_12.csv,0.031583723,0.011458853,0.23297961,0.03487397,0.11706701,0.017186653,0.014010647,0.10388993,0.023833437,0.017717458,0.08222282,0.032154053,True,3.3912200000000015,3.391220000000001
135,C[C@@H1](NC(=O)C1=CC=C(C)C=C1)C(=O)N2CCC3=CC(=CC=C23)C4=CN=CC=C4C#N,Cc1ccc(C(=O)N[C@H](C)C(=O)N2CCc3cc(-c4cnccc4C#N)ccc32)cc1,-9.2,3.636300000000003,0.7115528093568922,2.8524550262700092,410.4770000000001,1,4,4,86.09,4,31,0.23595569,0.10117593,True,0.3388991983033448,docking_results_3_4.csv,0.04951535,0.028767435,0.23595569,0.08391921,0.14153357,0.044295136,0.040470123,0.21186821,0.055336583,0.058645006,0.17612155,0.08768314,True,3.636300000000003,3.636300000000003
120,C1CC[C@@H1](CO)N1C2=CC=C3C4=C(CCNC4=O)C=CC3=C2,O=C1NCCc2ccc3cc(N4CCC[C@H]4CO)ccc3c21,-9.2,2.0868,0.891991338456696,2.988543735798423,296.37,2,3,2,52.57,4,22,0.23777786,0.09875474,True,0.4832874089241114,docking_results_3_22.csv,0.054012116,0.031565554,0.19631325,0.09433988,0.10478804,0.03477596,0.033513177,0.23777786,0.04433424,0.04788294,0.17605232,0.12970164,True,2.0868,2.0868
110,CC(C)CNC(=O)C1=CC=C2C=C([NH1]C2=C1)C(=O)N3CC=C4C=CC=CC4=C3,CC(C)CNC(=O)c1ccc2cc(C(=O)N3C=c4ccccc4=CC3)[nH]c2c1,-9.2,2.2282,0.7365860147481973,2.904408698508817,373.4560000000001,2,2,4,65.2,4,28,0.24771065,0.094019674,True,0.4999916462815781,docking_results_3_10.csv,0.036614567,0.019635176,0.24771065,0.06212005,0.14616208,0.037442148,0.02847831,0.20423274,0.0442169,0.046794266,0.18739566,0.06743346,True,2.2282,2.2282
254,C1OC=CC(C2CCN(CC2)C3=NC4=CC=CC=C4C(=O)N3C#N)=CC=C1,N#Cn1c(N2CCC(C3=CC=CCOC=C3)CC2)nc2ccccc2c1=O,-9.2,2.968580000000001,0.8233357088976974,3.3515917846228316,360.4170000000001,0,5,2,71.15,4,27,0.24859007,0.072126105,True,0.4751675233580328,docking_results_3_21.csv,0.04157059,0.03500446,0.0723992,0.051221855,0.067854255,0.030004362,0.040355586,0.24859007,0.042818118,0.060128592,0.07262932,0.10293686,True,2.968580000000001,2.968580000000001
62,C[C@@H1]1CCC2=C(C=CC=C2C1NC(=O)C3=CC=CC=C3N4N=CC=N4)C(=O)NC(=O)NC,CNC(=O)NC(=O)c1cccc2c1CC[C@@H](C)C2NC(=O)c1ccccc1-n1nccn1,-9.2,2.3899,0.5850940693106841,3.5314545701480986,432.48400000000015,3,5,4,118.00999999999999,4,32,0.24902736,0.07567831,True,0.5110717101685213,docking_results_3_22.csv,0.029178962,0.013831079,0.24902736,0.050999053,0.101069316,0.023237221,0.022562586,0.16765292,0.039744627,0.037264578,0.114906974,0.058665015,True,2.3899,2.3899
212,C1C=CC(C)=NC1NC(=O)C2=CC=C3C4=C(CCNC4=O)C=CC3=C2C,CC1=NC(NC(=O)c2ccc3c4c(ccc3c2C)CCNC4=O)CC=C1,-9.2,2.910820000000001,0.8768071466608048,3.650328610279069,347.41800000000006,2,3,2,70.56,4,26,0.26116204,0.0957061,True,0.4836176686046744,docking_results_3_14.csv,0.03781437,0.022138432,0.26116204,0.069720365,0.08402092,0.027907014,0.031312775,0.2420751,0.042883392,0.052992504,0.17136528,0.105080985,True,2.910820000000001,2.910820000000001
113,C1CCC(=O)N1C2=CC=C3C4=C(CCNC4=O)C=CC3=C2,O=C1NCCc2ccc3cc(N4CCCC4=O)ccc3c21,-9.2,2.2525000000000004,0.8707210670264889,2.4293157515797112,280.327,1,2,1,49.410000000000004,4,21,0.26419675,0.10690015,True,0.5022280796779468,docking_results_3_22.csv,0.062384713,0.040519398,0.24825074,0.081535466,0.105561264,0.036525086,0.03829981,0.26419675,0.058128685,0.050982058,0.15318169,0.14323606,True,2.2525000000000004,2.2525000000000004
162,CCCC1=NN=C(O1)C2=CC=C3C4=C(CCNC4=O)C=CC3=C2,CCCc1nnc(-c2ccc3c4c(ccc3c2)CCNC4=O)o1,-9.2,3.1282000000000014,0.8069389390269031,2.5320467764181505,307.353,1,4,3,68.02000000000001,4,23,0.28051704,0.079651095,True,0.4476340085379295,docking_results_3_19.csv,0.04534997,0.022910988,0.28051704,0.05597264,0.085156955,0.021079855,0.022513729,0.17604016,0.040744424,0.03021409,0.09016692,0.08514639,True,3.1282000000000014,3.128200000000001
32,O=C(NC12CC3CC(CC(C3)C1)C2)C4=CC5=CC=CC=C5C(=O)[NH1]4,O=C(NC12CC3CC(CC(C3)C1)C2)c1cc2ccccc2c(=O)[nH]1,-9.2,3.226700000000002,0.8915130829808893,3.536507315488242,322.408,2,2,2,61.96,6,24,0.28063822,0.091074534,True,0.428205365061226,docking_results_3_15.csv,0.02627715,0.014350601,0.1153646,0.10322627,0.12540998,0.040379312,0.03237613,0.19764726,0.027412081,0.06215305,0.28063822,0.067659765,True,3.226700000000002,3.226700000000002
5,O=C(C1=CC=C2C(=C1)NC(=O)C3=CC=CC=C32)N4CCCC4,O=C(c1ccc2c(c1)[nH]c(=O)c1ccccc12)N1CCCC1,-9.2,2.917300000000001,0.7011115874631602,1.872690424494449,292.3380000000001,1,2,1,53.17,4,22,0.29100385,0.11044899,True,0.4827147688389485,docking_results_3_10.csv,0.056425422,0.03377198,0.29100385,0.08315425,0.15461864,0.044179335,0.039290316,0.22830762,0.07000044,0.050728217,0.16543865,0.10846911,True,2.917300000000001,2.917300000000001
36,O=C(C[C@@H1]1CCNC1)NC2=CC=C3C=CC4=C(CCNC4=O)C3=C2,O=C(C[C@@H]1CCNC1)Nc1ccc2ccc3c(c2c1)CCNC3=O,-9.2,2.0637999999999996,0.8096589713535052,2.9217163144698155,323.3960000000001,3,3,3,70.23,4,24,0.29241097,0.11291572,True,0.4800151429113506,docking_results_3_14.csv,0.06524908,0.046863314,0.20664711,0.082959294,0.12232931,0.044805586,0.041067965,0.29241097,0.06615327,0.056735355,0.16429935,0.16546799,True,2.0637999999999996,2.0638
245,CC1CN=C(NC2=CC=C(C=C2)C3=CC=C4CNC(=O)COC4=C3)N1,CC1CN=C(Nc2ccc(-c3ccc4c(c3)OCC(=O)NC4)cc2)N1,-9.2,2.1218,0.7852668010844923,3.2547226948726067,336.3950000000001,3,5,2,74.75,4,25,0.2948754,0.10040023,True,0.4879820548194925,docking_results_3_17.csv,0.060857106,0.031506386,0.2948754,0.063311614,0.14464147,0.03732713,0.031601798,0.21214299,0.061251476,0.042888816,0.12638053,0.09801799,True,2.1218,2.1218
205,C=1C2=CC(Cl)=CC=C2O[C@@H1](C=1C3)CC=C4C=CC5=C(CCNC5=O)C4=C3,O=C1NCCc2c1ccc1c2=CCC2=Cc3cc(Cl)ccc3O[C@@H]2CC=1,-9.2,2.8252999999999995,0.7813051445906704,3.873240657549011,363.8440000000001,1,2,0,38.33,5,26,0.2960732,0.12646045,True,0.4943928113364671,docking_results_3_11.csv,0.11896845,0.07813938,0.1671758,0.10886651,0.16112241,0.06734257,0.034566425,0.2960732,0.039223548,0.055443447,0.2499006,0.1407032,True,2.8252999999999995,2.8252999999999995
191,CC[C@@H1]1CCCC1NC(=O)C2=CC=C3C=CC4=C(CCNC4=O)C3=C2,CC[C@@H]1CCCC1NC(=O)c1ccc2ccc3c(c2c1)CCNC3=O,-9.2,3.4342000000000015,0.9019879316923023,3.158549896557714,336.43500000000006,2,2,3,58.2,4,25,0.29997283,0.11428255,True,0.3836388401692662,docking_results_3_23.csv,0.04936447,0.030283112,0.17488816,0.10731398,0.15088111,0.053435,0.038098868,0.25092104,0.042570453,0.061374027,0.29997283,0.11228753,True,3.4342000000000015,3.434200000000001
248,CC1=[NH1+1]C=CN1C2=CC=C(C=C2)C3=CC=C(C=C3)C(=O)N4CCC(C#N)CC4,Cc1[nH+]ccn1-c1ccc(-c2ccc(C(=O)N3CCC(C#N)CC3)cc2)cc1,-9.2,3.6426000000000025,0.7054947915185363,3.009067373722491,371.4640000000002,0,2,3,63.17,4,28,0.30345476,0.1445897,True,0.3375240971518419,docking_results_3_7.csv,0.060244832,0.043034025,0.2499798,0.14032646,0.20678721,0.07693352,0.052741434,0.29972717,0.078865185,0.08096317,0.30345476,0.14201908,True,3.6426000000000025,3.6426000000000025
23,O=C(NC1CC1C2=CC=CC=C2)C3=CC=C4C=CC5=C(CCNC5=O)C4=C3,O=C(NC1CC1c1ccccc1)c1ccc2ccc3c(c2c1)CCNC3=O,-9.2,3.4116000000000017,0.75551954262381,3.0492580204664144,356.4250000000002,2,2,3,58.2,5,27,0.30366427,0.117032744,True,0.388633680897244,docking_results_3_23.csv,0.040442087,0.023833863,0.24143013,0.09711173,0.1721661,0.052266132,0.037801214,0.24083382,0.04510834,0.061823346,0.30366427,0.08791202,True,3.4116000000000017,3.4116000000000017
201,COC[C@H1](C)OC1=CC=C(C=C1)C2=CC=C3C4=C(CCNC4=O)C(=O)OC3=C2,COC[C@H](C)Oc1ccc(-c2ccc3c4c(c(=O)oc3c2)CCNC4=O)cc1,-9.2,3.159600000000001,0.6892529453242225,3.0342233078897127,379.41200000000015,1,5,5,77.77,4,28,0.30572373,0.13564515,True,0.4416097514526136,docking_results_3_16.csv,0.068942726,0.046505824,0.30572373,0.107874006,0.17834786,0.061237358,0.0455493,0.27997127,0.0762788,0.06351778,0.24929449,0.1444987,True,3.159600000000001,3.159600000000001
8,C1NC=C(C(=O)NC=2SC(C)=C(C)C=2C(=O)N3[C@H1]CC[C@H1](N)CC3)C4=CC=CC=C14,Cc1sc(NC(=O)C2=CNCc3ccccc32)c(C(=O)N2[CH]CC[C@H](N)CC2)c1C,-9.2,3.5629300000000024,0.7044055531520304,3.844733664743522,423.56200000000024,3,5,3,87.46000000000001,4,30,0.32290804,0.12773968,True,0.3550521841377891,docking_results_3_1.csv,0.030386616,0.021961564,0.2887725,0.112025745,0.092773564,0.037463784,0.0416867,0.32290804,0.054541204,0.08324384,0.2955249,0.15158768,True,3.5629300000000024,3.5629300000000024
17,CC1=C([C@@H1](N)C2=CC=CC(O)=C2)C(=O)N1C3=CC=C(C=C3)CCN4CCNCC4,CC1=C([C@@H](N)c2cccc(O)c2)C(=O)N1c1ccc(CCN2CCNCC2)cc1,-9.2,2.1605,0.7019027899632004,3.1017863427649583,392.5030000000002,3,5,6,81.83,4,29,0.32871017,0.1260104,True,0.4927553214256697,docking_results_3_16.csv,0.0381928,0.027509917,0.1874455,0.12047721,0.13411666,0.051272146,0.042226892,0.32871017,0.060785607,0.0775614,0.28831798,0.1555085,True,2.1605,2.1605
116,CC=C1C=CCN=C1C2=CC=C3C4=C(CCNC4=O)C=CC3=C2N5CCNCC5,CC=C1C=CCN=C1c1ccc2c3c(ccc2c1N1CCNCC1)CCNC3=O,-9.2,2.8405000000000005,0.8345463408864398,3.39040736496014,386.4990000000002,2,4,2,56.730000000000004,5,29,0.34423023,0.112909794,True,0.4926376667998733,docking_results_3_18.csv,0.03587272,0.027289968,0.25587392,0.088811584,0.06271381,0.026903259,0.03523736,0.34423023,0.05488503,0.06419366,0.17285615,0.18604977,True,2.8405000000000005,2.8405000000000005
31,CCCN1C(=O)C=CC=C1C2=CC=C3C4=C(CCNC4=O)C=CC3=C2,CCCn1c(-c2ccc3c4c(ccc3c2)CCNC4=O)cccc1=O,-9.2,3.3644000000000016,0.7993923822880968,2.5554916207920275,332.403,1,2,3,51.1,4,25,0.36392966,0.13705494,True,0.3989914928049035,docking_results_3_17.csv,0.049376722,0.031214524,0.36392966,0.1226372,0.14673379,0.049426667,0.043187845,0.28138047,0.06679465,0.068085246,0.2837477,0.13814503,True,3.3644000000000016,3.3644000000000016
23,C[C@@H1]1SCCC[C@@]1(O)C2=CC=C3C=CC4=C(CCNC4=O)C3=C2,C[C@@H]1SCCC[C@@]1(O)c1ccc2ccc3c(c2c1)CCNC3=O,-9.2,3.2288000000000014,0.8453250071162853,3.768678992795465,327.44900000000007,2,3,1,49.33,4,23,0.3682478,0.13721715,True,0.4277754049768133,docking_results_3_15.csv,0.07416874,0.049746662,0.16071598,0.15789272,0.16598907,0.07175445,0.04202286,0.291398,0.0414603,0.06966942,0.3682478,0.15354006,True,3.2288000000000014,3.228800000000001
6,[NH3+1]CC1=CC=C(C=N1)C2=CC=C3C=CC4=C(CCNC4=O)C3=C2,[NH3+]Cc1ccc(-c2ccc3ccc4c(c3c2)CCNC4=O)cn1,-9.2,1.9296,0.7592900130978523,2.90689935965581,304.37300000000005,2,2,2,69.63,4,23,0.37185037,0.11571028,True,0.4582425119123567,docking_results_3_28.csv,0.054327946,0.029533748,0.37185037,0.09210108,0.14531788,0.039615292,0.031406943,0.22498392,0.058983117,0.045887772,0.18987368,0.10464146,True,1.9296,1.9296
102,CC1=NC(C(O)=O)=CC(N)=C1C2=CC=C3C=CC4=C(CCNC4=O)C3=C2,Cc1nc(C(=O)O)cc(N)c1-c1ccc2ccc3c(c2c1)CCNC3=O,-9.2,2.7765200000000005,0.660933386321937,2.696439816123302,347.3740000000001,3,4,2,105.31,4,26,0.3774184,0.10122621,True,0.4995347099584002,docking_results_3_13.csv,0.046038195,0.026849495,0.3774184,0.051869076,0.100320496,0.026623705,0.024485178,0.2284721,0.04964895,0.033499505,0.14304866,0.10644074,True,2.7765200000000005,2.7765200000000005
167,FC1=CC=CC(=N1)C2=CC=C3C=C([NH1]C3=C2)C(=O)NC4CCNCC4,O=C(NC1CCNCC1)c1cc2ccc(-c3cccc(F)n3)cc2[nH]1,-9.2,2.8508000000000004,0.6433123414149253,2.4860963362820154,338.3860000000002,3,3,3,69.81,4,25,0.37749216,0.10239348,True,0.4914080856786553,docking_results_3_7.csv,0.0407336,0.020992288,0.37749216,0.0807306,0.10872221,0.027900297,0.027713029,0.2080214,0.0572811,0.045164607,0.13415942,0.09981113,True,2.8508000000000004,2.8508000000000004
54,COC[C@H1](C)OC1=CC=C(C=N1)C2=CC=C3C=CC4=C(CCNC4=O)C3=C2,COC[C@H](C)Oc1ccc(-c2ccc3ccc4c(c3c2)CCNC4=O)cn1,-9.2,3.6014000000000026,0.7533174179851729,3.027850334532528,362.42900000000014,1,4,5,60.45,4,27,0.3832726,0.1370466,True,0.3465544717815296,docking_results_3_20.csv,0.057336457,0.034904074,0.3832726,0.121190466,0.16824394,0.05373285,0.040712107,0.26187757,0.07354836,0.06376763,0.2549694,0.13100381,True,3.6014000000000026,3.6014000000000026
93,NC(=O)COC1=CC=C(C=C1)C2=CC=C3C=C(C=4N=N[NH1]N=4)C=CC3=C2,NC(=O)COc1ccc(-c2ccc3cc(-c4nn[nH]n4)ccc3c2)cc1,-9.2,2.551,0.577926448393834,2.1489539833907862,345.362,2,5,5,106.78000000000002,4,26,0.38509607,0.12324182,True,0.5128106608628428,docking_results_3_6.csv,0.078623965,0.051921908,0.38509607,0.06773315,0.19300574,0.05186789,0.03917409,0.23664711,0.09780606,0.046339512,0.113846265,0.11683998,True,2.551,2.551
224,O=C(NC1=CC=C(C=C1)C(=O)O)C=CC=C2C=CC3=C(CCNC3=O)C2,O=C(C=CC=C1C=CC2=C(CCNC2=O)C1)Nc1ccc(C(=O)O)cc1,-9.2,2.5823,0.7274494238727747,3.102533231667403,350.37400000000014,3,3,4,95.5,3,26,0.3854718,0.091769494,True,0.5120476000821473,docking_results_3_18.csv,0.049961567,0.06423329,0.04706829,0.026127758,0.082249895,0.052701578,0.049544804,0.3854718,0.050888225,0.08429388,0.09583106,0.112861805,True,2.5823,2.5823
119,O=C(C1=N[NH1]C2=CC=CC=C12)N3C=CC=CC4=CC5=C(CCNC5=O)C=C34,O=C1NCCc2cc3c(cc21)C=CC=CN3C(=O)c1n[nH]c2ccccc12,-9.2,3.036100000000001,0.7034352866670757,3.0983789316530155,356.38500000000016,2,3,1,78.09,5,27,0.3887249,0.13747483,True,0.464211832707512,docking_results_3_22.csv,0.04162983,0.033887297,0.3887249,0.0901128,0.09107209,0.035682037,0.03768241,0.36873528,0.067207925,0.065570556,0.24153572,0.18785712,True,3.036100000000001,3.036100000000001
83,CC1=NC([O-1])=CC=C1C2=CC=C3C4=C(CCNC4=O)C=CC3=C2,Cc1nc([O-])ccc1-c1ccc2c3c(ccc2c1)CCNC3=O,-9.2,2.5697200000000002,0.7511601301153572,2.9531069058409667,303.34099999999995,1,3,1,65.05000000000001,4,23,0.3921593,0.11640506,True,0.512397159163626,docking_results_3_17.csv,0.051708173,0.028826734,0.3921593,0.088088825,0.12773924,0.03611433,0.030903867,0.23291875,0.055823002,0.045534138,0.19627514,0.11076928,True,2.5697200000000002,2.56972
147,CC1=N[NH1]C(C)=C1C2=CC=C3C=CC4=C(CCNC4=O)C3=C2,Cc1n[nH]c(C)c1-c1ccc2ccc3c(c2c1)CCNC3=O,-9.2,3.132640000000001,0.7234074681062587,2.6461629176263166,291.354,2,2,1,57.78,4,22,0.40386802,0.102606915,True,0.4467927224738447,docking_results_3_27.csv,0.0439955,0.022075277,0.40386802,0.08516075,0.09255403,0.02466029,0.02479638,0.20416994,0.046922144,0.03954546,0.14418599,0.0993491,True,3.132640000000001,3.132640000000001
72,CC1=NC=CC(=N1)C2=CC=C3C=CC4=C(CCNC4=O)C3=C2,Cc1nccc(-c2ccc3ccc4c(c3c2)CCNC4=O)n1,-9.2,2.891120000000001,0.7491481024434621,2.439272876417526,289.338,1,3,1,54.88,4,22,0.406201,0.10097434,True,0.4862899258398488,docking_results_3_24.csv,0.05222202,0.026078736,0.406201,0.07411959,0.111623906,0.027605953,0.026213093,0.18788555,0.055651918,0.037428197,0.11540837,0.09125377,True,2.891120000000001,2.891120000000001
127,CC[C@@H1](COC)OC1=CC=C(C=N1)C2=CC=C3C=CC4=C(CCNC4=O)C3=C2,CC[C@@H](COC)Oc1ccc(-c2ccc3ccc4c(c3c2)CCNC4=O)cn1,-9.2,3.991500000000003,0.7066023535866774,3.1174798463512534,376.4560000000002,1,4,6,60.45,4,28,0.40803966,0.14897074,True,0.2672049787609745,docking_results_3_20.csv,0.05366821,0.032937627,0.40803966,0.13615952,0.18632427,0.06017125,0.041665643,0.27770257,0.07917226,0.069959596,0.3049854,0.13686271,True,3.991500000000003,3.991500000000003
213,COC1=CC=C(C=C1C2=CC=C3C4=C(CCNC4=O)C=CC3=C2C(=O)NC)CNC,CNCc1ccc(OC)c(-c2ccc3c4c(ccc3c2C(=O)NC)CCNC4=O)c1,-9.2,2.880300000000001,0.6121099252682691,2.6537876978965613,403.48200000000014,3,4,5,79.46,4,30,0.41517264,0.10975799,True,0.4877103204266945,docking_results_3_26.csv,0.030218074,0.01505857,0.41517264,0.07867215,0.1098863,0.027549848,0.022224806,0.22060195,0.044549204,0.04170978,0.22259934,0.0888531,True,2.880300000000001,2.880300000000001
215,O[C@H1](C1=CC=C(O)C=C1)C2=CC=C3C=CC4=C(CCNC4=O)C3=C2,O=C1NCCc2c1ccc1ccc([C@H](O)c3ccc(O)cc3)cc21,-9.2,2.9130000000000003,0.6800698239212689,2.8486556073508478,319.36,3,3,2,69.56,4,24,0.4256455,0.14931071,True,0.483315222768811,docking_results_3_19.csv,0.06785383,0.04512324,0.22639225,0.11760444,0.25163087,0.091518566,0.039707158,0.29593295,0.04801119,0.06309711,0.4256455,0.11921128,True,2.9130000000000003,2.9130000000000003
89,CC[C@H1](OC1=CN=C(N)N=C1N)C2=CC=C3C=CC4=C(CCNC4=O)C3=C2,CC[C@H](Oc1cnc(N)nc1N)c1ccc2ccc3c(c2c1)CCNC3=O,-9.2,2.6102000000000007,0.6559963952872765,3.34072993185828,363.42100000000016,3,6,4,116.15,4,27,0.4273255,0.11894432,True,0.5110676961237544,docking_results_3_28.csv,0.045848303,0.026958928,0.4273255,0.081949376,0.11892902,0.034200903,0.032258667,0.24312033,0.07057574,0.047911283,0.17498058,0.12327324,True,2.6102000000000007,2.6102000000000007
222,COC=C1C=C(OC2=CC=C(C=C2)C3=CC=C4C(=C3)C(=O)NC4)OC=C1,COC=C1C=COC(Oc2ccc(-c3ccc4c(c3)C(=O)NC4)cc2)=C1,-9.2,3.8914000000000026,0.8527012677604702,3.2106078295446316,347.3700000000001,1,4,4,56.790000000000006,4,26,0.43627018,0.16682458,True,0.2859167526086096,docking_results_3_7.csv,0.06511161,0.068622604,0.29482388,0.09276227,0.17678103,0.088961326,0.062822565,0.43627018,0.094528,0.11355023,0.3186173,0.1890441,True,3.8914000000000026,3.891400000000002
151,CC=1OC(C(=O)NCC2=CC=C(F)C=C2F)=NC=1C(=O)NC3=CC=CC4=CC=CN=C34,Cc1oc(C(=O)NCc2ccc(F)cc2F)nc1C(=O)Nc1cccc2cccnc12,-9.2,3.9917200000000017,0.5069242078115884,2.5135099973086916,422.39100000000013,2,5,5,97.12,4,31,0.43697166,0.12367766,True,0.2671654257683783,docking_results_3_15.csv,0.031679202,0.019152744,0.43697166,0.092227235,0.1163484,0.03342753,0.035669275,0.25593454,0.06596489,0.05989649,0.22697452,0.10988546,True,3.9917200000000017,3.9917200000000017
250,C[C@H1](NC(=O)OC(C)(C)C)C(=O)N1CCC2=CC(=CC=C12)C3=CC=CC(O)=C3C#N,C[C@H](NC(=O)OC(C)(C)C)C(=O)N1CCc2cc(-c3cccc(O)c3C#N)ccc21,-9.2,3.733180000000003,0.8069609865722316,2.9920487734511703,407.4700000000001,2,5,3,102.66,3,30,0.44054183,0.17578937,True,0.3180529170040597,docking_results_3_5.csv,0.047418203,0.044309374,0.22776048,0.15687999,0.20500365,0.10149419,0.068132475,0.40528068,0.09538585,0.12318537,0.44054183,0.19408038,True,3.733180000000003,3.733180000000003
230,COC1=CC=CC=C1C2=CC=C3C=CC4=C(CCNC4=O)C3=C2,COc1ccccc1-c1ccc2ccc3c(c2c1)CCNC3=O,-9.2,3.801300000000002,0.7817276534997959,2.148845169070274,303.36100000000005,1,2,2,38.33,4,23,0.4410723,0.13698338,True,0.3038776040926659,docking_results_3_23.csv,0.047680985,0.026814377,0.4410723,0.10724927,0.17919685,0.04952661,0.034915615,0.24849278,0.061688367,0.05673817,0.28552142,0.104903944,True,3.801300000000002,3.801300000000002
247,C=C(C)COC1=CC=C(C2=C1)C=CC=C3C=CC4=C(CCNC4=O)C3=C2,C=C(C)COc1ccc2c(c1)C=c1c3c(ccc1=CC=C2)C(=O)NCC3,-9.2,2.5635000000000003,0.8701493365509114,3.309585797155968,343.4260000000001,1,2,3,38.33,4,26,0.4433207,0.18410747,True,0.5125487233614926,docking_results_3_17.csv,0.09264808,0.08954127,0.30165794,0.12738472,0.21029629,0.108114325,0.058989346,0.4433207,0.09526199,0.11001003,0.35497117,0.2170936,True,2.5635000000000003,2.5635000000000003
4,CN(C[C@H1]1COC[C@@H1]1O)C2=CC=C(C=C2)C3=CC=C4C=CC=CC4=C3,CN(C[C@H]1COC[C@@H]1O)c1ccc(-c2ccc3ccccc3c2)cc1,-9.2,3.950300000000003,0.7845766244420539,3.0157696015102946,333.4310000000001,1,3,4,32.7,4,25,0.44400468,0.18112294,True,0.2747364324843273,docking_results_3_9.csv,0.056609843,0.038917262,0.3257316,0.19472626,0.28941357,0.101789705,0.057731185,0.32073116,0.09038397,0.09445003,0.44400468,0.15898602,True,3.950300000000003,3.950300000000003
11,N#C[C@]([C@@H1]([C@H1])OC1=CC=CC=C1)C2=CC=C3C=CC4=C(CCNC4=O)C3=C2,[CH][C@@H](Oc1ccccc1)[C](C#N)c1ccc2ccc3c(c2c1)CCNC3=O,-9.2,3.7305600000000023,0.7773022185196852,3.475510689562114,353.4010000000002,1,3,4,62.12,4,27,0.4559255,0.17907323,True,0.3186070022783473,docking_results_3_14.csv,0.052965414,0.04579021,0.29497254,0.1730991,0.21221651,0.09590912,0.066762425,0.37291136,0.08315241,0.1140885,0.4559255,0.18108562,True,3.7305600000000023,3.7305600000000014
176,C1C(=O)NN=C1C2=CC=C(C=C2)C3=CC=C4C=CC=CC4=C3,O=C1CC(c2ccc(-c3ccc4ccccc4c3)cc2)=NN1,-9.2,3.730800000000002,0.7659230613522028,2.098706552453029,286.334,1,2,2,41.46,4,22,0.46132314,0.17373885,True,0.318556221033729,docking_results_3_8.csv,0.06625616,0.04420037,0.46132314,0.12339247,0.28322113,0.08687919,0.05252973,0.3036432,0.098560855,0.07560315,0.35652405,0.13273294,True,3.730800000000002,3.730800000000002
48,C1C=CC(C=C1C2=CC=CC=C2)N3C(N)=NC4=C(N)N=CN=C34,Nc1ncnc2c1nc(N)n2C1C=CCC(c2ccccc2)=C1,-9.2,2.5752999999999995,0.7093635562364489,3.4564864719069694,304.357,2,5,2,95.64,4,23,0.46460775,0.13438721,True,0.5122492070803407,docking_results_3_4.csv,0.034274854,0.023179606,0.46460775,0.10432858,0.106247984,0.03353797,0.03768685,0.29998937,0.08612663,0.06418953,0.20767307,0.15080436,True,2.5752999999999995,2.5752999999999995
214,O=CC1=CN=C(C=N1)C2=CC=C3C=CC4=C(CCNC4=O)C3=C2,O=Cc1cnc(-c2ccc3ccc4c(c3c2)CCNC4=O)cn1,-9.2,2.3952,0.7378709884606937,2.7341055594261867,303.321,1,4,2,71.95,4,23,0.4652042,0.14976417,True,0.5112792999919337,docking_results_3_25.csv,0.07510617,0.053707335,0.4652042,0.10245972,0.15740937,0.05349313,0.045933306,0.30581275,0.10439889,0.060557187,0.19354461,0.17954332,True,2.3952,2.3952
13,CSCC[C@H1](N)C(=O)NC1=CC=C(C=C1)C2=CC=C3C=CC4=C(CCNC4=O)C3=C2,CSCC[C@H](N)C(=O)Nc1ccc(-c2ccc3ccc4c(c3c2)CCNC4=O)cc1,-9.2,3.811600000000002,0.5672414286589103,2.881205010634293,419.55000000000024,3,4,6,84.22,4,30,0.4804702,0.22768895,True,0.3017760988969168,docking_results_3_16.csv,0.071404144,0.06533129,0.4804702,0.19892015,0.25267246,0.11544853,0.07677469,0.44795874,0.15559992,0.12659684,0.46800104,0.2730895,True,3.811600000000002,3.811600000000002
32,C[C@@H1](NC1=NC=NC2=C(C=CN=C12)C(N)=O)C3=CC=C4C=CC=CC4=C3,C[C@@H](Nc1ncnc2c(C(N)=O)ccnc12)c1ccc2ccccc2c1,-9.2,3.450000000000001,0.5917576628419636,2.7776414834599414,343.39000000000004,2,5,4,93.78999999999999,4,26,0.48219135,0.10778067,True,0.3801373948053425,docking_results_3_3.csv,0.03032249,0.014409459,0.48219135,0.069165185,0.13517423,0.027564548,0.02472032,0.18170233,0.05772068,0.03974286,0.16323344,0.06742132,True,3.450000000000001,3.450000000000001
18,CC(C)C1=NN=C(O1)C2=CC=CC=CC3=C(CCNC3=O)C=C2,CC(C)c1nnc(-c2cccccc3c(cc2)CCNC3=O)o1,-9.1,3.2703000000000015,0.9241710199855785,2.6797015851519337,309.369,1,4,2,68.02000000000001,3,23,0.06538378,0.022493085,True,0.375254608960364,docking_results_3_29.csv,0.02632822,0.006325136,0.06538378,0.01278654,0.063143484,0.006679917,0.006058883,0.042247694,0.0071517862,0.008123556,0.016070776,0.009617238,True,3.2703000000000015,3.270300000000001
228,CC(C)[C@H1](NC(=O)C1=CC(F)=CC2=CC=NC=C12)C(=O)N3CC4=CC=C(S(N)(=O)=O)C=C4C3,CC(C)[C@H](NC(=O)c1cc(F)cc2ccncc12)C(=O)N1Cc2ccc(S(N)(=O)=O)cc2C1,-9.1,2.3181000000000003,0.592568206113737,3.049052992057124,470.5260000000003,2,5,5,122.46000000000001,4,33,0.07879549,0.031198302,True,0.4541310166736112,docking_results_3_0.csv,0.030811219,0.011445369,0.041714225,0.021440497,0.0780845,0.01274841,0.011744622,0.07879549,0.010245937,0.014021547,0.041462224,0.021865586,True,2.3181000000000003,2.3181000000000003
189,CN1C(SC2=CC=C(C=C2)S(N)(=O)=O)=NN=C1C3=CC=C4C=CC=CC4=C3,Cn1c(Sc2ccc(S(N)(=O)=O)cc2)nnc1-c1ccc2ccccc2c1,-9.1,3.4339000000000013,0.5705816048913364,2.190006481318541,396.4970000000001,1,5,4,90.87,4,27,0.09027865,0.037662786,True,0.3435092342556194,docking_results_3_10.csv,0.030199626,0.010536521,0.09027865,0.026047878,0.08819324,0.013062433,0.012395139,0.07851478,0.012087243,0.0143810045,0.05482475,0.02143215,True,3.4339000000000013,3.4339000000000013
169,C1C(=O)N(CC1)C2=CC=C(C=C2)[C@@H1]3CN(C(=O)C4=CC=CC=C4)CCO3,O=C(c1ccccc1)N1CCO[C@H](c2ccc(N3CCCC3=O)cc2)C1,-9.1,3.0271000000000017,0.8549217311693055,2.509031953095569,350.4180000000001,0,3,3,49.85000000000001,4,26,0.10120057,0.04161225,True,0.4169455633452639,docking_results_3_11.csv,0.04826774,0.020309787,0.04531333,0.028935436,0.10120057,0.020436194,0.019569477,0.09991693,0.017218627,0.022469493,0.0447106,0.030998783,True,3.0271000000000017,3.0271000000000017
100,C1/C(=N\NC(=O)C2=CC=CC=C2S1(=O)=O)C3=CC=CC4=CC=CC=C34,O=C1N/N=C(/c2cccc3ccccc23)CS(=O)(=O)c2ccccc21,-9.1,2.7612000000000014,0.7331307170012832,2.59744354386895,350.39900000000006,1,4,1,75.6,4,25,0.10124832,0.04331762,True,0.4485085921595633,docking_results_3_19.csv,0.030114247,0.010431704,0.09811368,0.02735194,0.10124832,0.015792446,0.014663635,0.085443765,0.012645949,0.016484518,0.08525101,0.022270191,True,2.7612000000000014,2.761200000000001
99,C[NH1+1](CC(=O)N1CCNC(=O)[C@H1]1C2=CC=CC=C2F)C3=CC=C4C=CC=CC4=C3,C[NH+](CC(=O)N1CCNC(=O)[C@H]1c1ccccc1F)c1ccc2ccccc2c1,-9.1,1.8248000000000006,0.7118593606663823,3.864975908130285,392.4540000000001,2,2,4,53.85,4,29,0.1019755,0.041206077,True,0.3926128409499307,docking_results_3_5.csv,0.029794997,0.011468764,0.061790768,0.033153944,0.093316354,0.017468777,0.017378312,0.1019755,0.015057791,0.024680318,0.061593376,0.026794013,True,1.8248000000000006,1.8248000000000009
236,CO[C@@H1]1CCC[C@H1]1N2C=C(C=N2)C3=CC=CC=CC4=C(CCNC4=O)C=C3,CO[C@@H]1CCC[C@H]1n1cc(-c2cccccc3c(cc2)CCNC3=O)cn1,-9.1,3.700400000000003,0.9045812930690628,3.651991081648676,363.4610000000002,1,3,3,56.15,4,27,0.10718759,0.0452401,True,0.29097849845876,docking_results_3_28.csv,0.039521627,0.012665952,0.10718759,0.041721925,0.098202646,0.0172061,0.01447856,0.08457554,0.016012589,0.02053274,0.06330786,0.02746808,True,3.700400000000003,3.700400000000003
47,CN(C)S(=O)(=O)C1=CC=C(C=C1)C2=CC=C3C=CN(C4CCNC4)C(=O)C3=C2,CN(C)S(=O)(=O)c1ccc(-c2ccc3ccn(C4CCNC4)c(=O)c3c2)cc1,-9.1,2.4532000000000007,0.7341344168668718,2.8338728356404435,397.5000000000002,1,4,4,71.41,4,28,0.11589437,0.045868155,True,0.4591572034544942,docking_results_3_12.csv,0.037758972,0.014179641,0.061714247,0.04068823,0.11589437,0.02065953,0.014516575,0.10332583,0.014763864,0.019510454,0.07636245,0.031043656,True,2.4532000000000007,2.4532000000000007
222,C1[C@@H1]CCN(C1C2=CC=C3C4=C(CCNC4=O)C=CC3=C2)C(=O)CCNCN,NCNCCC(=O)N1CC[CH]CC1c1ccc2c3c(ccc2c1)CCNC3=O,-9.1,1.88939,0.5468725929643594,3.6825601882315944,379.48400000000015,3,4,5,87.46000000000001,4,28,0.11751571,0.03800583,True,0.4036927720874541,docking_results_3_24.csv,0.03345843,0.014501685,0.06809615,0.026948322,0.05611897,0.012481785,0.014779019,0.11751571,0.015775504,0.022457398,0.034489956,0.039447002,True,1.88939,1.88939
160,CNS(=O)(=O)C1=CC=C(C=C1)C2=CC=C3C4=C(CCNC4=O)C=CC3=C2,CNS(=O)(=O)c1ccc(-c2ccc3c4c(ccc3c2)CCNC4=O)cc1,-9.1,2.7008,0.7483458916601576,2.335759427093599,366.4420000000001,2,3,3,75.27000000000001,4,26,0.118170656,0.054756623,True,0.4529655674986643,docking_results_3_12.csv,0.04582818,0.018107451,0.106968835,0.038954064,0.118170656,0.022442685,0.017121334,0.11603186,0.018068042,0.020200279,0.0970683,0.03811775,True,2.7008,2.7008
110,O=C(CC1=CC=CC=C1N2CCNCC2)NC3=CC=C4C=CC(C(=O)O)=CC4=C3,O=C(Cc1ccccc1N1CCNCC1)Nc1ccc2ccc(C(=O)O)cc2c1,-9.1,3.128800000000001,0.6246455878368585,2.158692943499247,389.4550000000001,3,4,5,81.67,4,29,0.15076816,0.05764043,True,0.4006393764455525,docking_results_3_8.csv,0.04162803,0.021102672,0.1203567,0.030853568,0.1000665,0.023367763,0.023090808,0.15076816,0.030118689,0.029856142,0.06992962,0.050546534,True,3.128800000000001,3.128800000000001
36,C1C[C@@H1](C)C1OC2=CC=CC3=C(CCN(C)C)C=C(C=C23)C(=O)N4CCNCC4,C[C@@H]1CCC1Oc1cccc2c(CCN(C)C)cc(C(=O)N3CCNCC3)cc12,-9.1,3.1666000000000016,0.8160832362832099,3.2953551481673564,395.5470000000002,1,4,6,44.81,4,29,0.15127614,0.05426157,True,0.3941249614782957,docking_results_3_19.csv,0.026678452,0.012340527,0.07168307,0.060704134,0.07726617,0.020322705,0.018057922,0.15127614,0.017954208,0.033813644,0.108449906,0.052591983,True,3.1666000000000016,3.1666000000000016
237,CC[C@@]1(C)CC(CN)CN1C2=CC=C(C=C2)C(=O)NCC3=CC4=CC=CN=C4C3,CC[C@@]1(C)CC(CN)CN1c1ccc(C(=O)NCC2=Cc3cccnc3C2)cc1,-9.1,3.4048000000000025,0.7929721876436362,3.8708813761562357,390.5310000000002,2,4,6,71.25,4,29,0.15176688,0.061758175,True,0.3492633695979206,docking_results_3_15.csv,0.030832773,0.014571797,0.118638426,0.060778994,0.090199,0.025002688,0.023402857,0.15176688,0.025400668,0.04334364,0.10885565,0.04830466,True,3.4048000000000025,3.4048000000000025
15,CCC1=C(N=CC(N1)C(=O)NC#N)CC=CC2=CC=C3C=CC=CC3=C2,CCC1=C(CC=Cc2ccc3ccccc3c2)N=CC(C(=O)NC#N)N1,-9.1,3.5045800000000025,0.6435624846351188,3.7888408680753276,344.41800000000006,2,4,5,77.28,3,26,0.15873972,0.054714542,True,0.329457794690966,docking_results_3_25.csv,0.03500922,0.019647956,0.10527518,0.03144125,0.07856702,0.022194885,0.027245503,0.15873972,0.028839225,0.042792864,0.05877852,0.04804317,True,3.5045800000000025,3.5045800000000025
46,C[C@@H1](C[C@@H1]1CNCCO1)C2=CC=C3C=CC4=C(CCNC4=O)C3=C2,C[C@@H](C[C@@H]1CNCCO1)c1ccc2ccc3c(c2c1)CCNC3=O,-9.1,2.6077000000000004,0.9123574057236593,3.5443855303051546,324.4240000000001,2,3,3,50.36,4,24,0.16016635,0.06572879,True,0.4576183685348975,docking_results_3_27.csv,0.044088684,0.021021169,0.10641611,0.06678746,0.09827002,0.025654903,0.02369856,0.16016635,0.025821496,0.034031637,0.11294038,0.069848776,True,2.6077000000000004,2.6077000000000004
75,C1C(=O)N[C@H1](C1)C2=CC=C3C4=C(CCNC4=O)C=CC3=C2,O=C1CC[C@H](c2ccc3c4c(ccc3c2)CCNC4=O)N1,-9.1,2.0768,0.8399303816476196,3.123047321868553,280.327,2,2,1,58.2,4,21,0.16312836,0.07090897,True,0.4314017112082974,docking_results_3_15.csv,0.06277863,0.030314237,0.14622065,0.054828674,0.1005157,0.02685202,0.027027635,0.16312836,0.030922193,0.031766005,0.1017469,0.074806616,True,2.0768,2.0768
171,C[C@H1](C1CC1)N(C2)CC=CC=C(NC(=O)NC3=CC=CC(=C3)C(=O)NC(N)=O)C2,C[C@H](C1CC1)N1CC=CC=C(NC(=O)Nc2cccc(C(=O)NC(N)=O)c2)CC1,-9.1,2.5609,0.6108051216604842,3.296414146286738,397.4790000000002,4,4,5,116.56,3,29,0.1876421,0.051966544,True,0.4589083536061966,docking_results_3_4.csv,0.022600684,0.014397804,0.08602068,0.023703841,0.0628536,0.019211607,0.02207239,0.1876421,0.027158305,0.041452445,0.064795114,0.051689904,True,2.5609,2.5609
181,CCN(C[C@@H1]1COC2=CC=CN=C2O1)C(=O)C3=CC=C4C=CC5=C(CCNC5=O)C4=C3C,CCN(C[C@@H]1COc2cccnc2O1)C(=O)c1ccc2ccc3c(c2c1C)CCNC3=O,-9.1,3.1312200000000017,0.6865654131381731,3.42281079993737,431.49200000000025,1,5,4,80.76,5,32,0.19087948,0.074960746,True,0.4002290333901321,docking_results_3_20.csv,0.040016424,0.02128824,0.19087948,0.06664915,0.075244844,0.023243163,0.027756857,0.18524367,0.03503776,0.04159436,0.1100605,0.08251439,True,3.1312200000000017,3.1312200000000017
78,O=C(C[NH1+1]C1=CC=C(C=C1)C(=O)N2CCCCC2)C3=CC=C4C=CC=CC4=C3,O=C(C[NH+]c1ccc(C(=O)N2CCCCC2)cc1)c1ccc2ccccc2c1,-9.1,3.3295000000000012,0.6986851909479836,2.7474957247752325,372.468,1,3,5,52.980000000000004,4,28,0.20093407,0.090434074,True,0.3639711757441176,docking_results_3_16.csv,0.04610734,0.026109492,0.15113981,0.06618714,0.17388856,0.04789482,0.036296763,0.20093407,0.04543572,0.05245211,0.17250441,0.066258624,True,3.3295000000000012,3.329500000000001
124,O=C(CC1CCCCC1)N2CCC(CC2)C=3N=NN4C=NC=5[NH1]C=CC=5C=34,O=C(CC1CCCCC1)N1CCC(c2nnn3cnc4[nH]ccc4c23)CC1,-9.1,3.282000000000002,0.7713827814223267,2.9475882695303284,366.46900000000005,1,4,3,79.18,5,27,0.20819819,0.065888055,True,0.3730492098168943,docking_results_3_5.csv,0.028412336,0.01836509,0.10319861,0.07118032,0.063331336,0.02043082,0.02526208,0.20819819,0.035207484,0.04346668,0.07799226,0.09561142,True,3.282000000000002,3.282000000000002
247,CC1=NC(C)=NC2=C1C=CC3=CC=C(C=C23)C(=O)N4CCOCC4,Cc1nc(C)c2ccc3ccc(C(=O)N4CCOCC4)cc3c2n1,-9.1,2.8722400000000015,0.6467927620809792,2.256496349140521,321.38000000000017,0,4,1,55.32000000000001,4,24,0.21425813,0.06463926,True,0.4375463693352444,docking_results_3_26.csv,0.040661406,0.020236418,0.21425813,0.047390252,0.07228851,0.016883178,0.020250583,0.15453154,0.037608486,0.027815865,0.05186645,0.07188022,True,2.8722400000000015,2.872240000000001
242,O=S(=O)(C1=CC=CC=C1NC2CC2)C3=CC=C4C=CC5=C(CCNC5=O)C4=C3,O=C1NCCc2c1ccc1ccc(S(=O)(=O)c3ccccc3NC3CC3)cc21,-9.1,3.5328000000000017,0.7122380338559696,2.506741967739586,392.48000000000013,2,4,4,75.27000000000001,5,28,0.215316,0.068743326,True,0.3238420966516232,docking_results_3_28.csv,0.031558182,0.015174621,0.0948378,0.059089564,0.10944702,0.027748507,0.022572178,0.15336804,0.016041283,0.031762846,0.215316,0.04800389,True,3.5328000000000017,3.5328000000000017
128,O=C(CC1=CC=C(Cl)C=C1)NC2=CC=C3C=CN(C4CNC4)C(=O)C3=C2,O=C(Cc1ccc(Cl)cc1)Nc1ccc2ccn(C3CNC3)c(=O)c2c1,-9.1,2.9804000000000004,0.7447977363469344,2.247718470752641,367.8360000000002,2,3,4,63.13,4,26,0.2200691,0.09579062,True,0.4237453052017233,docking_results_3_17.csv,0.04210412,0.023213083,0.2200691,0.0770799,0.13624348,0.038384486,0.03427906,0.21399342,0.04600517,0.05343323,0.18166478,0.083017446,True,2.9804000000000004,2.9804000000000004
98,O=C(N[C@@H1](CC1CC1)C(=O)O)C2=CC=C3C=CC4=C(CCNC4=O)C3=C2,O=C(N[C@@H](CC1CC1)C(=O)O)c1ccc2ccc3c(c2c1)CCNC3=O,-9.1,2.1088000000000005,0.7678971818745409,2.8677582716580456,352.39000000000016,3,3,5,95.5,4,26,0.22032674,0.08013786,True,0.4353378706103744,docking_results_3_26.csv,0.052017447,0.034063905,0.10190431,0.05095644,0.11423347,0.03852174,0.036391504,0.22032674,0.041805003,0.045698356,0.12957816,0.09615711,True,2.1088000000000005,2.1088000000000005
72,COC[C@H1](C)OC1=CC=C(C=C1)C2=CC=C3C=C4N(CCNC4=O)C(=O)C3=C2,COC[C@H](C)Oc1ccc(-c2ccc3cc4n(c(=O)c3c2)CCNC4=O)cc1,-9.1,2.8256000000000006,0.7412559158841366,2.9473352309666367,378.42800000000017,1,4,5,69.56,4,28,0.22263928,0.09016064,True,0.4425710389627224,docking_results_3_16.csv,0.055056382,0.029657032,0.22263928,0.069408,0.12841018,0.035133205,0.031241002,0.1940614,0.045687977,0.041710842,0.1426819,0.08624047,True,2.8256000000000006,2.825600000000001
237,O=C([O-1])C1=CC=C(C=C1)C2=CC=C3C4=C(CCNC4=O)C=CC3=N2,O=C([O-])c1ccc(-c2ccc3c4c(ccc3n2)CCNC4=O)cc1,-9.1,1.5511999999999997,0.7772645201558632,2.667843506331156,317.324,1,4,2,82.11999999999999,4,24,0.22844218,0.07494874,True,0.3405534065443518,docking_results_3_9.csv,0.056536,0.028218659,0.22844218,0.03909124,0.117117584,0.02628175,0.021543998,0.16087513,0.034774993,0.025090886,0.097927466,0.06348501,True,1.5511999999999997,1.5511999999999997
84,CCOC1[C@@H1]CC(=O)N(C1=O)C2=CC=C3C4=C(CCNC4=O)C=CC3=C2,CCOC1[CH]CC(=O)N(c2ccc3c4c(ccc3c2)CCNC4=O)C1=O,-9.1,1.9983899999999997,0.8584448026277325,3.5771891092395682,351.38200000000006,1,4,3,75.71000000000001,4,26,0.22950442,0.085985936,True,0.4207154211113548,docking_results_3_17.csv,0.046867248,0.025635405,0.22950442,0.06195676,0.088485144,0.025479056,0.027451962,0.21266961,0.041445475,0.038675696,0.128012,0.10564843,True,1.9983899999999997,1.99839
135,CCC1=CC2=CC(=C1)C3=CC(=CN=C3N2)C(=O)N4CCN(CC4)C(=O)C(O)C5=CC=CC=C5,CCc1cc2cc(c1)-c1cc(C(=O)N3CCN(C(=O)C(O)c4ccccc4)CC3)cnc1N2,-9.1,3.386000000000001,0.5061111989525815,3.800998647143894,442.51900000000023,2,5,4,85.77000000000001,5,33,0.230621,0.092219286,True,0.3529636789202683,docking_results_3_5.csv,0.045461513,0.02720895,0.1872954,0.07387815,0.11850369,0.035732113,0.034790903,0.230621,0.04908088,0.048978187,0.15326685,0.101813704,True,3.386000000000001,3.386000000000001
71,COCC1=CC=CC(=C1)C2=CC=C3C=C([NH1]C3=C2)[C@H1]4CN[C@H1](C)CN4,COCc1cccc(-c2ccc3cc([C@H]4CN[C@H](C)CN4)[nH]c3c2)c1,-9.1,3.6037000000000017,0.6826268454888602,3.4354616984544464,335.4510000000001,3,3,4,49.08,4,25,0.2355255,0.08194216,True,0.3097970317100115,docking_results_3_9.csv,0.042664483,0.016076606,0.2355255,0.079902306,0.1551797,0.030173903,0.02018496,0.1422689,0.035851907,0.03312018,0.13514546,0.057212193,True,3.6037000000000017,3.6037000000000017
38,C1C=NN=C(NC(=O)C2=CC=CC3=CC=CC(=C23)N4CCNCC4)C=CC=C1,O=C(NC1=NN=CCC=CC=C1)c1cccc2cccc(N3CCNCC3)c12,-9.1,2.8796000000000017,0.8504960779312586,3.6058779927831344,373.4600000000002,2,5,2,69.09,4,28,0.23796853,0.07267597,True,0.4367002002996817,docking_results_3_10.csv,0.026489705,0.017253019,0.18582255,0.040855367,0.061310753,0.018760782,0.025514191,0.23796853,0.039959952,0.043594796,0.08318636,0.09139573,True,2.8796000000000017,2.8796000000000017
153,CCC1NC(N)N=C1C2=CC=C3C=CC4=C(CCNC4=O)C3=C2,CCC1NC(N)N=C1c1ccc2ccc3c(c2c1)CCNC3=O,-9.1,1.5389,0.7871217588127855,3.835765706082177,308.38500000000005,3,4,2,79.50999999999999,4,23,0.24205904,0.0729316,True,0.3381098067302032,docking_results_3_25.csv,0.04705048,0.020064633,0.24205904,0.05539948,0.08474182,0.019339725,0.018582111,0.16284879,0.031561177,0.027200783,0.088221684,0.078109555,True,1.5389,1.5389
23,CCCC1N(CC2=CC=C(C=C2)C=C3C=CC4=CN(C)C(=O)C(=O)C4=C3)CC1,CCCC1CCN1Cc1ccc(C=c2ccc3c(c2)C(=O)C(=O)N(C)C=3)cc1,-9.1,2.2825000000000006,0.7542416190018744,3.601617923274331,374.4840000000002,0,3,5,40.620000000000005,4,28,0.24406117,0.09710475,True,0.4518439788042976,docking_results_3_19.csv,0.040293086,0.024912346,0.12847881,0.09097408,0.13502263,0.046327934,0.037096035,0.24406117,0.04131227,0.06529094,0.21964376,0.091844,True,2.2825000000000006,2.2825000000000006
250,CC[C@H1](NC(=O)C1=CC=CC=N1)C2=CC=C3C=CC4=C(CCNC4=O)C3=C2,CC[C@H](NC(=O)c1ccccn1)c1ccc2ccc3c(c2c1)CCNC3=O,-9.1,3.4018000000000015,0.7499216272383635,2.889521932165664,359.42900000000014,2,3,4,71.09,4,27,0.24991563,0.09227715,True,0.3498548555786909,docking_results_3_27.csv,0.04041717,0.02032225,0.24991563,0.07533853,0.1285728,0.034318417,0.029760277,0.18833908,0.039321452,0.04590337,0.18443072,0.07068615,True,3.4018000000000015,3.401800000000001
186,CN(CC1=CC=CC=C1CO)C=NC2=CC=C3C4=C(CCNC4=O)C=CC3=C2,CN(C=Nc1ccc2c3c(ccc2c1)CCNC3=O)Cc1ccccc1CO,-9.1,3.4098000000000015,0.5320818213475599,2.925728912184031,373.45600000000013,2,3,5,64.93,4,28,0.25182822,0.10404146,True,0.3482767748264078,docking_results_3_18.csv,0.04095365,0.02289049,0.25182822,0.0862086,0.14219922,0.041784216,0.033136852,0.2252965,0.045589563,0.05529978,0.21910311,0.08420724,True,3.4098000000000015,3.409800000000001
154,C1CCCC2=NN=C(NC(=O)C3=CC4=CC=CC(C(=O)O)=C4N3)C=CC=C12,O=C(NC1=NN=C2CCCCC2=CC=C1)c1cc2cccc(C(=O)O)c2[nH]1,-9.1,3.420600000000001,0.7616762025052722,3.241332470713761,362.38900000000007,3,4,2,106.91,4,27,0.25908238,0.0814377,True,0.3461426115120407,docking_results_3_4.csv,0.033827674,0.023344317,0.19037783,0.03683526,0.07395689,0.024467649,0.027007453,0.25908238,0.037990946,0.041716468,0.13482226,0.09382332,True,3.420600000000001,3.420600000000001
254,CO[C@]1(C)CC(C=C[C@H1]1O)NC2=CC=C(C=N2)C(=O)NC3=CC=CC=CC=CC=C3,CO[C@]1(C)CC(Nc2ccc(C(=O)Nc3ccccccccc3)cn2)C=C[C@H]1O,-9.1,3.9647000000000023,0.6559537687873961,3.8998272526519013,405.49800000000005,3,5,5,83.48,3,30,0.26740998,0.10823187,True,0.2435742009755565,docking_results_3_23.csv,0.03521594,0.016038325,0.24934226,0.08749158,0.23381726,0.05262406,0.028386442,0.17834532,0.044673715,0.052181,0.26740998,0.053256664,True,3.9647000000000023,3.9647000000000014
59,CC1=CC=C(C=C1OCCCN2CCCC2)C=CC3=C4C=CC5=C(CCNC5=O)C4=CCC3,Cc1ccc(C=CC2=c3ccc4c(c3=CCC2)CCNC4=O)cc1OCCCN1CCCC1,-9.1,3.5840200000000024,0.6667063720818216,3.0923336702989923,442.6030000000003,1,3,7,41.57,5,33,0.2820451,0.09332132,True,0.3136814331261596,docking_results_3_13.csv,0.04109491,0.030112846,0.100456916,0.09263696,0.083374046,0.03878203,0.038624715,0.2820451,0.03201763,0.073672995,0.19280577,0.11423195,True,3.5840200000000024,3.5840200000000024
34,O=C([O-1])[C@H1]1CCCC[C@@H1]1NC2=CC(=C(Cl)N=N2)C3=CC=C4C=CC=CC4=N3,O=C([O-])[C@H]1CCCC[C@@H]1Nc1cc(-c2ccc3ccccc3n2)c(Cl)nn1,-9.1,3.0658000000000003,0.7463885496036284,3.5705169299114,381.84300000000013,1,6,4,90.83,4,27,0.28442302,0.12766193,True,0.4109680659294959,docking_results_3_7.csv,0.057984184,0.04047413,0.28442302,0.1086521,0.15134332,0.049835797,0.04510619,0.27753514,0.07905634,0.059725378,0.2186466,0.1591607,True,3.0658000000000003,3.0658000000000003
47,C1C=CC(C2=CC=C(C=C2)C(=O)NCCN3CCNC(=O)C3)=CC=C1C(=O)NC4=CC=CC=C4,O=C1CN(CCNC(=O)c2ccc(C3=CC=C(C(=O)Nc4ccccc4)CC=C3)cc2)CCN1,-9.1,2.7565999999999997,0.5976981336014495,2.694667805709731,456.5460000000001,3,4,7,90.54,4,34,0.28518152,0.08574838,True,0.4488866050257356,docking_results_3_23.csv,0.048379157,0.042245176,0.08346055,0.04072403,0.11353742,0.046047926,0.04583226,0.28518152,0.058713578,0.06957981,0.09426739,0.10101185,True,2.7565999999999997,2.7566
51,COC1=CC=CC=C1[C@H1](C2)NC3=CC(=CN=C3NC2=O)CC=C4C=CC=CC4=C,C=c1ccccc1=CCc1cnc2c(c1)N[C@H](c1ccccc1OC)CC(=O)N2,-9.1,3.019100000000001,0.7247446298247728,3.6001075528801447,385.46700000000016,2,4,4,63.25,4,29,0.2945773,0.10476228,True,0.4181434777766815,docking_results_3_10.csv,0.04404722,0.022869198,0.2945773,0.081574865,0.15395187,0.042000774,0.034505136,0.20128502,0.04926712,0.05451867,0.20468722,0.07386287,True,3.019100000000001,3.019100000000001
217,CN(CC1=CC=CC=C1)C2=CC=C3C4=C(CCNC4=O)C=CC3=C2,CN(Cc1ccccc1)c1ccc2c3c(ccc2c1)CCNC3=O,-9.1,3.762100000000002,0.7977146267233017,2.2897640127812267,316.404,1,2,3,32.34,4,24,0.3057037,0.119885735,True,0.2792966363902345,docking_results_3_22.csv,0.03467399,0.0183986,0.3057037,0.10677017,0.17824326,0.04814607,0.03238963,0.2293506,0.04633156,0.05928693,0.3025803,0.076754004,True,3.762100000000002,3.762100000000002
87,NC(=O)N1C=CC=C1C2=CC=C3C4=C(CCNC4=O)C=CC3=C2,NC(=O)n1cccc1-c1ccc2c3c(ccc2c1)CCNC3=O,-9.1,2.521000000000001,0.7244546580130348,2.736634877868939,305.337,2,2,1,77.12,4,23,0.30959877,0.08620966,True,0.4594440877438164,docking_results_3_11.csv,0.05432846,0.027505675,0.30959877,0.044840034,0.115606494,0.026409734,0.022290414,0.17861548,0.040907606,0.02805529,0.110978134,0.07537988,True,2.521000000000001,2.521000000000001
113,CN(CC1=CC=C(F)C=C1)C2=CC=C3C4=C(CCNC4=O)C=CC3=C2,CN(Cc1ccc(F)cc1)c1ccc2c3c(ccc2c1)CCNC3=O,-9.1,3.901200000000002,0.7877375914890398,2.3593396977151038,334.39400000000006,1,2,3,32.34,4,25,0.31852278,0.12024418,True,0.2542704216668093,docking_results_3_19.csv,0.03283249,0.017826833,0.29754013,0.1179698,0.15058894,0.044024438,0.033231135,0.23943157,0.043084823,0.061393518,0.31852278,0.08648375,True,3.901200000000002,3.901200000000002
4,COC1=CC=C(C=C1)C=C2C=C3C4=C(CCNC4=O)C=CC3=CC2,COc1ccc(C=C2C=c3c4c(ccc3=CC2)CCNC4=O)cc1,-9.1,2.0294,0.9202943058431069,3.0285967600339747,317.38800000000003,1,2,2,38.33,4,24,0.33300668,0.13528053,True,0.4251112959614362,docking_results_3_19.csv,0.06923939,0.051108457,0.22241348,0.101677574,0.17115831,0.07140055,0.036455315,0.33300668,0.044455107,0.07330496,0.3215988,0.1275478,True,2.0294,2.0294
52,C1C2=NC=C(N=C2NC1C)CC3=CC=CC4=CC=CC=C34,CC1Cc2ncc(Cc3cccc4ccccc34)nc2N1,-9.1,3.5771000000000024,0.7765404003314772,3.0509883786964425,275.355,1,3,2,37.81,4,21,0.35880783,0.09221258,True,0.3150503691527352,docking_results_3_9.csv,0.027405916,0.011384801,0.35880783,0.09129379,0.113396496,0.02461386,0.023687463,0.15732507,0.035892684,0.044945806,0.16342501,0.05437222,True,3.5771000000000024,3.5771000000000024
148,O=C([O-1])C=1C=NN(C=1)C2=CC=C(C=C2)C3=CC=C4C=CC=CC4=C3,O=C([O-])c1cnn(-c2ccc(-c3ccc4ccccc4c3)cc2)c1,-9.1,3.056000000000001,0.5838969889575794,2.2913306061878203,313.33600000000007,0,3,3,57.949999999999996,4,24,0.36169443,0.116608955,True,0.4125096366196923,docking_results_3_7.csv,0.056033082,0.03166038,0.36169443,0.06639228,0.23230356,0.05234079,0.033656415,0.19914292,0.06499834,0.042567782,0.1863922,0.07212537,True,3.056000000000001,3.056000000000001
160,O=C(CSC1=CC=CC=C1F)NC2=CC=C3C=CC4=C(CCNC4=O)C3=C2,O=C(CSc1ccccc1F)Nc1ccc2ccc3c(c2c1)CCNC3=O,-9.1,3.9956000000000023,0.6729893588871471,2.3233626482285548,380.4440000000002,2,3,4,58.2,4,27,0.3749702,0.16852297,True,0.2385543881510699,docking_results_3_24.csv,0.0462062,0.039047256,0.3686848,0.14172076,0.16535352,0.07054466,0.06357551,0.37286204,0.088757545,0.11133927,0.3749702,0.17921408,True,3.9956000000000023,3.995600000000002
37,CCC1=CC=NC(=N1)C2=CC=C3C=CC4=C(CCNC4=O)C3=C2,CCc1ccnc(-c2ccc3ccc4c(c3c2)CCNC4=O)n1,-9.1,3.145100000000001,0.7910034255939182,2.509847465281526,303.36500000000007,1,3,2,54.88,4,23,0.37769264,0.09164172,True,0.3978573854678683,docking_results_3_26.csv,0.045019705,0.0207493,0.37769264,0.06816309,0.09939046,0.023608783,0.023413952,0.17083439,0.04508025,0.034567337,0.113314696,0.07786599,True,3.145100000000001,3.145100000000001
175,COC1=NN(C)C=C1C2=CC=C3C4=C(CCNC4=O)C=CC3=C2,COc1nn(C)cc1-c1ccc2c3c(ccc2c1)CCNC3=O,-9.1,2.5348000000000006,0.7913299629455719,2.6407880247220863,307.353,1,3,2,56.15,4,23,0.39351687,0.08713972,True,0.4593177663365528,docking_results_3_19.csv,0.035748154,0.015682636,0.39351687,0.06378225,0.07840195,0.017715251,0.018472478,0.1703071,0.037900407,0.029875057,0.108813405,0.075461,True,2.5348000000000006,2.5348000000000006
236,CC(C)(CC1=CC=C(N)C=C1)C(=O)NC2=CC3=CC=CC=C3C(=O)O2,CC(C)(Cc1ccc(N)cc1)C(=O)Nc1cc2ccccc2c(=O)o1,-9.1,3.582600000000001,0.7131322488558399,2.535821126286532,336.39100000000013,2,4,4,85.33,3,25,0.39721078,0.15592743,True,0.3139622211781228,docking_results_3_9.csv,0.032463256,0.02151718,0.37590292,0.122235306,0.2525398,0.079298094,0.046033222,0.28339353,0.07968615,0.0890074,0.39721078,0.09184162,True,3.582600000000001,3.582600000000001
94,CN(CC(=O)NC1=CC=CC=C1)C2=CC=C3C=CC4=C(CCNC4=O)C3=C2,CN(CC(=O)Nc1ccccc1)c1ccc2ccc3c(c2c1)CCNC3=O,-9.1,3.2006000000000014,0.7519830132381367,2.3187330624297378,359.42900000000014,2,3,4,61.440000000000005,4,27,0.40394837,0.13905494,True,0.3880865018036356,docking_results_3_28.csv,0.044712204,0.02865466,0.40394837,0.09725542,0.17695017,0.054004345,0.044799224,0.28295556,0.086610615,0.072227985,0.25767604,0.11886477,True,3.2006000000000014,3.200600000000001
39,CCC1=CC=CN=C1C2=CC=C3C4=C(CCNC4=O)C=CC3=C2,CCc1cccnc1-c1ccc2c3c(ccc2c1)CCNC3=O,-9.1,3.7501000000000024,0.7830876079481367,2.459410266659253,302.377,1,2,2,41.99,4,23,0.41082203,0.12542333,True,0.2815444621665457,docking_results_3_24.csv,0.04449474,0.024064772,0.41082203,0.11138463,0.13901642,0.039317135,0.03212355,0.23852794,0.05349359,0.053928588,0.2508191,0.10708735,True,3.7501000000000024,3.7501000000000015
140,COC1=NC=C(C=N1)C2=CC=C3C=CC4=C(CCNC4=O)C3=C2,COc1ncc(-c2ccc3ccc4c(c3c2)CCNC4=O)cn1,-9.1,2.5913000000000004,0.7901719918900986,2.516613481355005,305.33700000000005,1,4,2,64.11000000000001,4,23,0.41603628,0.10250371,True,0.4581513051937224,docking_results_3_29.csv,0.051381692,0.026238384,0.41603628,0.068766646,0.11338433,0.02810454,0.025878062,0.19441427,0.05845733,0.036196694,0.11677363,0.09441268,True,2.5913000000000004,2.5913000000000004
239,CNC(=O)N1C=CC=C1C2=CC=C3C4=C(CCNC4=O)C=CC3=C2,CNC(=O)n1cccc1-c1ccc2c3c(ccc2c1)CCNC3=O,-9.1,2.7817000000000007,0.724285253573672,2.775759225394701,319.36400000000003,2,2,1,63.13,4,24,0.41941312,0.12022146,True,0.446748262657774,docking_results_3_14.csv,0.05141678,0.028581658,0.41941312,0.07729396,0.14682615,0.038355596,0.02976755,0.2368504,0.06266339,0.043116085,0.19915207,0.10922066,True,2.7817000000000007,2.7817000000000007
161,CC1=NC(C)=NC(N)=C1C2=CC=C3C=CC4=C(CCNC4=O)C3=C2,Cc1nc(C)c(-c2ccc3ccc4c(c3c2)CCNC4=O)c(N)n1,-9.1,2.781740000000001,0.7227277665437135,2.624138912587304,318.38000000000005,2,4,1,80.9,4,24,0.42766196,0.09357375,True,0.4467447078464132,docking_results_3_23.csv,0.03948904,0.018773377,0.42766196,0.06385454,0.08090729,0.019285202,0.020332847,0.18460847,0.046702843,0.031685177,0.102055326,0.08752895,True,2.781740000000001,2.781740000000001
30,CC1NC(C(=O)NCC2=CC=C(O)C=C2)=CC3=CC(=CC=C13)C4=COCOC4=C,C=C1OCOC=C1c1ccc2c(c1)C=C(C(=O)NCc1ccc(O)cc1)NC2C,-9.1,3.572600000000002,0.743770717293785,3.750927399298787,390.43900000000025,3,5,4,79.82000000000001,4,29,0.4390447,0.17915745,True,0.3159413368819382,docking_results_3_27.csv,0.04671835,0.045788098,0.3158759,0.11531433,0.18023552,0.08975673,0.06704993,0.4390447,0.09330343,0.12867741,0.43578643,0.19233862,True,3.572600000000002,3.572600000000002
186,FC1=CN=C2[NH1]C=CC2=C1C3CCN(C3)C(=O)C=CC4=CNC(=O)CCC4=C,C=C1CCC(=O)NC=C1C=CC(=O)N1CCC(c2c(F)cnc3[nH]ccc23)C1,-9.1,2.924200000000001,0.8039940350034057,3.962973115582022,380.4230000000002,2,3,3,78.09,4,28,0.44548115,0.13600123,True,0.4312745809866672,docking_results_3_3.csv,0.05222538,0.06985775,0.11954998,0.08335054,0.0875923,0.06350274,0.084382325,0.44548115,0.11245989,0.13802958,0.14267346,0.23290959,True,2.924200000000001,2.924200000000001
187,CCN1C=CN=C1C2=CC=C3C=CC4=C(CCNC4=O)C3=C2,CCn1ccnc1-c1ccc2ccc3c(c2c1)CCNC3=O,-9.1,3.009100000000001,0.7886764171949371,2.5386990783406027,291.35400000000004,1,2,2,46.92,4,22,0.45053396,0.13410263,True,0.4196219866213765,docking_results_3_23.csv,0.047512837,0.027917044,0.45053396,0.119958915,0.12503156,0.0384586,0.03494003,0.2659214,0.06725664,0.05642379,0.23732942,0.13794738,True,3.009100000000001,3.009100000000001
18,COC1=NC=CC=C1C2=CC=C3C4=C(CCNC4=O)C=CC3=C2,COc1ncccc1-c1ccc2c3c(ccc2c1)CCNC3=O,-9.1,3.1963000000000017,0.790772429583176,2.412252746567404,304.349,1,3,2,51.22,4,23,0.46324447,0.11656534,True,0.3888589057914201,docking_results_3_27.csv,0.047811683,0.023949966,0.46324447,0.08685187,0.13034368,0.03279004,0.02804988,0.2103275,0.058458686,0.043511253,0.17697172,0.09647333,True,3.1963000000000017,3.1963000000000017
192,CC=C1N=C(NC(=O)C2=COC3=CC=C(C=C23)C(=O)N4CCCC4)C=C1,CC=C1C=CC(NC(=O)c2coc3ccc(C(=O)N4CCCC4)cc23)=N1,-9.1,3.2707000000000024,0.9040389241220012,3.028916874079046,349.39000000000016,1,4,2,74.91,4,26,0.4664789,0.17106839,True,0.3751794307814352,docking_results_3_16.csv,0.037168536,0.039141566,0.36635807,0.10601908,0.11259386,0.05772779,0.06015805,0.4664789,0.10471514,0.114854716,0.34541517,0.24218988,True,3.2707000000000024,3.2707000000000024
154,C1OC=CC=C1C2=CC=C3C4=C(CCNC4=O)C(=O)OC3=C2C=C,C=Cc1c(C2=CC=COC2)ccc2c3c(c(=O)oc12)CCNC3=O,-9.1,2.6492000000000004,0.8635290856741842,3.6271873190401855,321.33200000000005,1,4,2,68.53999999999999,4,24,0.4686215,0.1602178,True,0.4558834485285283,docking_results_3_19.csv,0.08653738,0.09852117,0.2531842,0.08740383,0.12045744,0.07183036,0.059324503,0.4686215,0.10326997,0.09677172,0.2127629,0.2639287,True,2.6492000000000004,2.6492000000000004
188,CN1C=CC=C1C2=CC=C3C4=C(CCNC4=O)C=CC3=C2,Cn1cccc1-c1ccc2c3c(ccc2c1)CCNC3=O,-9.1,3.1312000000000015,0.7276818809739296,2.544974263559533,276.339,1,1,1,34.03,4,21,0.4692222,0.15384375,True,0.4002324285464649,docking_results_3_21.csv,0.047178026,0.028573811,0.4692222,0.13830456,0.1684397,0.051744465,0.03840038,0.29438576,0.0717817,0.065359056,0.3324828,0.14025243,True,3.1312000000000015,3.131200000000001
96,CN(CC[NH3+1])C1=CC=C(C=N1)C2=CC=C3C=CC4=C(CCNC4=O)C3=C2,CN(CC[NH3+])c1ccc(-c2ccc3ccc4c(c3c2)CCNC4=O)cn1,-9.1,1.8658000000000003,0.7566372047188106,3.030087335617507,347.4420000000001,2,3,4,72.87,4,26,0.46954608,0.16763967,True,0.3997224338747128,docking_results_3_26.csv,0.05381517,0.03766475,0.46954608,0.14371106,0.17488956,0.06130258,0.047013987,0.34028015,0.10417861,0.077314,0.31579202,0.18616815,True,1.8658000000000003,1.8658000000000003
156,CC1=C(Cl)C=CC2=C1C=CC=C3C=CC4=C(CCNC4=O)C3=C2,Cc1c(Cl)ccc2c1C=CC=c1ccc3c(c1=C2)CCNC3=O,-9.1,2.5704200000000004,0.7936767177537916,3.3761593533934136,321.807,1,1,0,29.1,4,23,0.47156736,0.17876232,True,0.4587036291285346,docking_results_3_28.csv,0.055991475,0.051213484,0.30328637,0.15982193,0.15381585,0.078495786,0.049809035,0.4404524,0.059908826,0.10745737,0.47156736,0.21332787,True,2.5704200000000004,2.5704200000000004
190,CC=C1C=CC(NC(=O)C2=CC=CC3=CC4=C(CCNC4=O)C(=O)C3=C2)=C1,CC=C1C=CC(NC(=O)c2cccc3cc4c(c(=O)c-3c2)CCNC4=O)=C1,-9.1,2.5673000000000004,0.8663716812391932,3.0126532345652937,358.39700000000005,2,3,2,75.27000000000001,4,27,0.476485,0.15891472,True,0.4587739791879577,docking_results_3_16.csv,0.043269742,0.049043283,0.2864982,0.08927976,0.113501705,0.06288603,0.050371353,0.476485,0.07224531,0.11150648,0.34309244,0.20879729,True,2.5673000000000004,2.5673000000000004
94,COC1=CC=CC(=C1)C2=CC=C3C=CC4=C(CCNC4=O)C3=N2,COc1cccc(-c2ccc3ccc4c(c3n2)CCNC4=O)c1,-9.1,3.196300000000001,0.790772429583176,2.306127143811951,304.34900000000005,1,3,2,51.22,4,23,0.4872736,0.13034466,True,0.3888589057914203,docking_results_3_27.csv,0.051377587,0.02830077,0.4872736,0.09529656,0.14577977,0.03972484,0.033290334,0.2400058,0.070291325,0.050981093,0.2079625,0.11385184,True,3.196300000000001,3.196300000000001
40,C1OC=CC=C1CNC2=CC=C(C=C2)C(=O)NC=CC=C3CN(CC3=C)C(=O)NC=C,C=CNC(=O)N1CC(=C)C(=CC=CNC(=O)c2ccc(NCC3=CC=COC3)cc2)C1,-9.1,3.4636000000000022,0.6333477756165412,3.885383738174566,418.4970000000003,3,4,7,82.7,3,31,0.49834567,0.14172345,True,0.3376128232067232,docking_results_3_7.csv,0.046639554,0.0793911,0.11751355,0.044726677,0.10477655,0.080442995,0.095270954,0.49834567,0.14726563,0.1654889,0.117375955,0.20344391,True,3.4636000000000022,3.4636000000000022
30,C[C@H1]1CCC[C@@H1](C1)C2=CC(=CC=N2)C(=O)N3CCN(CC3)C4CC4C5=CC=C(C=C5)C(N)=O,C[C@H]1CCC[C@H](c2cc(C(=O)N3CCN(C4CC4c4ccc(C(N)=O)cc4)CC3)ccn2)C1,-9.0,3.788100000000002,0.7579098623346232,3.6682064765030535,446.59500000000025,1,4,5,79.53,5,33,0.07114681,0.025609208,True,0.2425801615091078,docking_results_3_1.csv,0.028319085,0.009977926,0.023733487,0.01986825,0.06296879,0.01087965,0.010077035,0.07114681,0.00760289,0.01431512,0.029756501,0.018664986,True,3.788100000000002,3.788100000000002
251,O=C([C@H1]1CC2=CC=CC=C2NC1=O)N3CCC4=CC=CC=C4C3,O=C1Nc2ccccc2C[C@@H]1C(=O)N1CCc2ccccc2C1,-9.0,2.3823000000000008,0.82246892917521,2.7175730390711497,306.365,1,2,1,49.410000000000004,4,23,0.09307776,0.036689904,True,0.4041237897417776,docking_results_3_13.csv,0.0489132,0.01940292,0.03643697,0.024296658,0.09307776,0.017638002,0.017660398,0.087531425,0.0132226655,0.019296736,0.037185457,0.025616651,True,2.3823000000000008,2.3823000000000008
142,O=C1CN(CC2=CC=CC=C2C=O)CCN1CC3=CC=CC4=CC=CC=C34,O=Cc1ccccc1CN1CCN(Cc2cccc3ccccc23)C(=O)C1,-9.0,3.4967000000000024,0.6556665573368426,2.1932576074076415,358.44100000000003,0,3,5,40.620000000000005,4,27,0.099887595,0.036030583,True,0.2925652497111474,docking_results_3_14.csv,0.036599398,0.014513703,0.046119865,0.023375316,0.099887595,0.016918132,0.016605662,0.08737174,0.016007269,0.02069431,0.031940967,0.02233303,True,3.4967000000000024,3.4967000000000024
149,C[C@H1](NC(=O)CC1=CC=CC=C1)C2=CC=C3C=CC4=C(CCNC4=O)C3=C2,C[C@H](NC(=O)Cc1ccccc1)c1ccc2ccc3c(c2c1)CCNC3=O,-9.0,3.545600000000002,0.7493447307223254,2.6688213404496874,358.44100000000014,2,2,4,58.2,4,27,0.11346598,0.055099797,True,0.2839668629781153,docking_results_3_27.csv,0.036093954,0.014421478,0.10616929,0.044403683,0.11136764,0.02464651,0.022462565,0.11346598,0.018024094,0.032221273,0.106919676,0.031001331,True,3.545600000000002,3.545600000000002
88,O=C(N1C[C@@H1]2C[C@H1]1CN2C(N)=O)C3=CC=C4C=CC=CC4=C3,NC(=O)N1C[C@@H]2C[C@H]1CN2C(=O)c1ccc2ccccc2c1,-9.0,1.8171999999999995,0.8717080172421978,3.6127822164104373,295.34200000000004,1,2,1,66.64000000000001,4,22,0.1269435,0.051073927,True,0.3458072006599656,docking_results_3_4.csv,0.058713563,0.028572287,0.061613776,0.029344207,0.115876965,0.02410728,0.02179773,0.1269435,0.025735974,0.022129,0.048975445,0.049077373,True,1.8171999999999995,1.8171999999999997
62,C1C[C@@H1](NC(=O)C2=CC=CC=C2CC1=O)CC=C3C=CC=CC3=C,C=c1ccccc1=CC[C@H]1CCC(=O)Cc2ccccc2C(=O)N1,-9.0,1.9715,0.9198002787386651,3.973042959206663,319.40400000000005,1,2,2,46.17,3,24,0.12804635,0.050898746,True,0.3683150477156325,docking_results_3_24.csv,0.048876517,0.018586788,0.084852375,0.036672812,0.12804635,0.027158238,0.023914846,0.09397564,0.020879166,0.031406347,0.07017043,0.026245441,True,1.9715,1.9715
111,CC1=CC=C(C=C1S(=O)(=O)NC=C2C3=CCN(CCC3=C2)C4=CC=CC=N4)C(=O)N(C)CC,CCN(C)C(=O)c1ccc(C)c(S(=O)(=O)NC=C2C=C3CCN(c4ccccn4)CC=C23)c1,-9.0,3.4208200000000026,0.7084176257556329,3.1640976210805025,464.5910000000003,1,5,6,82.61,4,33,0.13804816,0.038134675,True,,docking_results_3_0_add_B.csv,0.018941535,0.010179493,0.034160726,0.02783711,0.048408408,0.014757532,0.017614132,0.13804816,0.010627824,0.031727456,0.074413605,0.030900162,True,3.4208200000000026,
231,O=S(=O)(NC1=CC=CN(CC2=CC=CC=C2)C1=O)C3=CC=CC4=CC=CC=C34,O=c1c(NS(=O)(=O)c2cccc3ccccc23)cccn1Cc1ccccc1,-9.0,3.8506000000000027,0.5627668399651898,1.9986827583378748,390.4640000000001,1,3,5,68.17,4,28,0.14668055,0.049865723,True,0.2325640496489848,docking_results_3_8.csv,0.028543992,0.010366895,0.068639554,0.03714566,0.14668055,0.025211943,0.017922642,0.08700523,0.011561194,0.023609526,0.12397906,0.017722465,True,3.8506000000000027,3.8506000000000022
220,O=C(C[C@H1]1CNC(=O)C2=CC=CC=C2N1C(O)O)NC3=CC=C4C=CC=CC4=C3,O=C(C[C@H]1CNC(=O)c2ccccc2N1C(O)O)Nc1ccc2ccccc2c1,-9.0,2.0551999999999992,0.5101312685653316,3.00848495258887,391.42700000000013,4,5,4,101.9,4,29,0.16091116,0.06568615,True,0.3788031826673347,docking_results_3_16.csv,0.044245243,0.019397214,0.16091116,0.04364154,0.12562485,0.026432395,0.023771806,0.13996787,0.032587837,0.031192662,0.09005387,0.050407402,True,2.0551999999999992,2.0551999999999992
181,C1C(C)CN(CC2=CN=C(NC2=O)C3=CC=C4C=CC=CC4=C3)C1,CC1CCN(Cc2cnc(-c3ccc4ccccc4c3)[nH]c2=O)C1,-9.0,3.4319000000000015,0.8044054895492853,2.6526242265577284,319.4080000000001,1,3,3,48.99,4,24,0.16714154,0.06722739,True,0.3039478939837005,docking_results_3_8.csv,0.03928823,0.017689805,0.16714154,0.060745005,0.12156537,0.025999215,0.022264222,0.14614834,0.03672807,0.034082517,0.081102245,0.05397412,True,3.4319000000000015,3.431900000000001
147,CSC[C@@H1]1CCN(O1)C2=CC=C(C=N2)C(=O)N3CCC4N(CC3)C5=CC=CC=C5C(=O)N4,CSC[C@@H]1CCN(c2ccc(C(=O)N3CCC4NC(=O)c5ccccc5N4CC3)cn2)O1,-9.0,2.3769,0.7615884372438878,3.930389683174031,453.56800000000027,1,7,4,78.01,5,32,0.16963758,0.05886973,True,0.4039365474965175,docking_results_3_13.csv,0.04140418,0.022317851,0.10367473,0.04827871,0.0740742,0.020429417,0.02392256,0.16963758,0.031538352,0.032813106,0.06309964,0.075246416,True,2.3769,2.3769
225,O=C([O-1])C1=CC=C(C2=CC=C(C(=O)NCC3=CC=CC=C3)C=C2)C=C1,O=C([O-])c1ccc(-c2ccc(C(=O)NCc3ccccc3)cc2)cc1,-9.0,2.647100000000001,0.7817462590883826,1.9140012361766416,330.363,1,3,5,69.22999999999999,3,25,0.17287774,0.043716203,True,0.4030045706822198,docking_results_3_12.csv,0.03789079,0.01302949,0.067254454,0.017315498,0.17287774,0.025094798,0.013907564,0.06975961,0.012419849,0.01679626,0.06623393,0.012014468,True,2.647100000000001,2.647100000000001
1,C[C@H1]1COC[C@@H1](O1)C2=CC=C3C4=C(CCNC4=O)C=CC3=C2,C[C@H]1COC[C@H](c2ccc3c4c(ccc3c2)CCNC4=O)O1,-9.0,2.6021,0.8799053211777265,3.5752624021832116,297.354,1,3,1,47.56,4,22,0.1735993,0.08028243,True,0.404618122505796,docking_results_3_22.csv,0.05479295,0.025026428,0.1735993,0.08102157,0.113667935,0.029857723,0.026764654,0.1662605,0.033122037,0.036049876,0.14221774,0.08100829,True,2.6021,2.6021
151,CC[C@H1]1CN(CCN1C2=CC=CC=C2S(C)(=O)=O)C=C3C=CC4=CC=C(O)C=C4C3,CC[C@H]1CN(C=C2C=Cc3ccc(O)cc3C2)CCN1c1ccccc1S(C)(=O)=O,-9.0,3.849700000000003,0.8078854439129595,3.6762992756032506,424.5660000000002,1,5,4,60.85000000000001,4,30,0.17480429,0.062298965,True,0.2327057329565306,docking_results_3_11.csv,0.04456651,0.025932714,0.042343788,0.051441643,0.09927205,0.03332874,0.029772516,0.17480429,0.018148424,0.042472094,0.13061576,0.054889023,True,3.849700000000003,3.849700000000003
36,CNS(=O)(=O)C1=CC=CC(=C1)C2=CC=C3C=C(NS(C)(=O)=O)C=CC3=C2,CNS(=O)(=O)c1cccc(-c2ccc3cc(NS(C)(=O)=O)ccc3c2)c1,-9.0,2.7864000000000004,0.7006273348775631,2.0781506433098134,390.4860000000001,2,4,5,92.34,3,26,0.1756505,0.062135804,True,0.3944695499265755,docking_results_3_11.csv,0.047342867,0.020462714,0.07922352,0.041302845,0.1756505,0.03368454,0.021349655,0.123944275,0.020656507,0.024956312,0.12206849,0.03498744,True,2.7864000000000004,2.7864000000000004
41,CCN1N=C(C(=O)O)C=C1C2=CC=C3C4=C(CCNC4=O)C=CC3=C2,CCn1nc(C(=O)O)cc1-c1ccc2c3c(ccc2c1)CCNC3=O,-9.0,2.707300000000001,0.7706409656656382,2.6338018320596337,335.363,2,3,3,84.22,4,25,0.1795707,0.051707804,True,0.3999596210600604,docking_results_3_20.csv,0.036173437,0.015903048,0.1795707,0.026900295,0.05891073,0.012437266,0.014262332,0.13233018,0.020274244,0.01813029,0.055595923,0.05000518,True,2.707300000000001,2.707300000000001
186,CC1C[C@H1](C)N=C(N)N1C(=O)C2=CC=C(C=C2)C3=CC=CC(F)=C3,CC1C[C@H](C)N=C(N)N1C(=O)c1ccc(-c2cccc(F)c2)cc1,-9.0,3.4303000000000017,0.9194054678710974,3.168290247379127,325.38700000000006,1,3,2,58.69,3,24,0.17971557,0.07887026,True,0.3042280461504601,docking_results_3_5.csv,0.036834914,0.015407153,0.17971557,0.067680836,0.15118317,0.03343824,0.023457304,0.14892818,0.02905434,0.037486475,0.1759404,0.047316466,True,3.4303000000000017,3.4303000000000017
213,CC1=CC(C)=NC(=N1)NCC2=CN=C(C=N2)N3CCC(C34)NC(=O)C5=CC=CN=C5C4,Cc1cc(C)nc(NCc2cnc(N3CCC4NC(=O)c5cccnc5CC43)cn2)n1,-9.0,1.823939999999999,0.6630354183443692,3.7895208255219295,416.48900000000015,2,8,4,108.82000000000001,5,31,0.1833034,0.039932787,True,0.3468618179246583,docking_results_3_1.csv,0.02515352,0.008288745,0.1833034,0.028917817,0.043031823,0.0072825965,0.009781077,0.08526112,0.017239917,0.016432801,0.024251498,0.030249167,True,1.823939999999999,1.823939999999999
241,C[C@@H1]1CN(CCN1C2=CC=C(C=N2)CC3=CC=CO3)C(=O)C4=CC=CC=C4N=CC=N,C[C@@H]1CN(C(=O)c2ccccc2N=CC=N)CCN1c1ccc(Cc2ccco2)cn1,-9.0,3.9681700000000024,0.6174833631367809,3.4155913899063712,415.4970000000001,1,6,6,85.79,4,31,0.19374467,0.08033451,True,0.2147701324348293,docking_results_3_5.csv,0.044781722,0.025543543,0.17841384,0.06189504,0.108004674,0.03273984,0.036649432,0.19374467,0.049615,0.0537607,0.1022812,0.07658433,True,3.9681700000000024,3.9681700000000015
206,O=C(C1=CC=CC(F)=C1)C2=CC=C(C=N2)C3=NOC(=N3)C4CCOCC4,O=C(c1cccc(F)c1)c1ccc(-c2noc(C3CCOCC3)n2)cn1,-9.0,3.3957000000000015,0.6691443304104928,2.427048517803742,353.3530000000002,0,6,4,78.11,4,26,0.19514033,0.079606675,True,0.3102678899269496,docking_results_3_2.csv,0.044948015,0.024694737,0.19514033,0.065506384,0.10769599,0.028179564,0.028025284,0.18573478,0.044657562,0.037679426,0.108927876,0.084090106,True,3.3957000000000015,3.395700000000001
137,COC1=CC=C(N=C1C2=CC=C(C=C2)C(=O)N3CCNC(=O)C3)C4=CC=CC=C4,COc1ccc(-c2ccccc2)nc1-c1ccc(C(=O)N2CCNC(=O)C2)cc1,-9.0,2.996200000000001,0.7471020815887961,2.1598896467959516,387.4390000000001,1,4,4,71.53,4,29,0.19841167,0.07091453,True,0.3725247254777958,docking_results_3_15.csv,0.05299542,0.024884446,0.19841167,0.041552573,0.1252686,0.0272881,0.025693707,0.15096171,0.041176718,0.031688415,0.07426021,0.05679267,True,2.996200000000001,2.996200000000001
28,C1CC2=CN=CC=C2C3=CC=C4C5=C(CCNC5=O)C=CC4=C3C(=O)NCCNCC1,O=C1NCCc2ccc3c4c(ccc3c21)-c1ccncc1CCCCNCCNC4=O,-9.0,2.843400000000001,0.5282967646424173,3.377698913152356,414.5090000000002,3,4,0,83.12,5,31,0.20010947,0.060762465,True,0.3895164489535633,docking_results_3_17.csv,0.04015093,0.017423054,0.20010947,0.04461192,0.06942687,0.015342762,0.017101636,0.14518408,0.027422406,0.024154885,0.06356738,0.06465412,True,2.843400000000001,2.843400000000001
75,C1CCC[C@H1](O1)C2=CC=C3C4=C(CCNC4=O)C=CC3=C2C,Cc1c([C@@H]2CCCCO2)ccc2c3c(ccc12)CCNC3=O,-9.0,3.6757200000000028,0.8713472026284386,3.125274505029193,295.382,1,2,1,38.33,4,22,0.20859453,0.090108834,True,0.2613698250482711,docking_results_3_16.csv,0.047736786,0.02518112,0.15294032,0.102680065,0.104747884,0.034715258,0.03038618,0.2037796,0.029421205,0.047725856,0.20859453,0.09339713,True,3.6757200000000028,3.6757200000000023
110,CC1=NC(C2=CC=CC(=C2)C(=O)CC3CNC(=O)C3=O)=NN1C4=CC=CC=C4,Cc1nc(-c2cccc(C(=O)CC3CNC(=O)C3=O)c2)nn1-c1ccccc1,-9.0,2.1306199999999995,0.5453783605414736,3.0745311925050975,374.40000000000003,1,5,5,93.94999999999999,4,28,0.2159769,0.08705815,True,0.3869959772103168,docking_results_3_24.csv,0.05036272,0.029446643,0.2159769,0.05944328,0.1268282,0.034137417,0.035353307,0.1994516,0.06007525,0.04537731,0.10152553,0.08671957,True,2.1306199999999995,2.1306199999999995
87,CC1=CC=C2[NH1]C=C(CCNC3CCCCC3)C2=C1C=C4CNC(=O)NC4=O,Cc1ccc2[nH]cc(CCNC3CCCCC3)c2c1C=C1CNC(=O)NC1=O,-9.0,3.163920000000001,0.6011943441960443,3.0077819036370217,380.4920000000001,4,3,5,86.02000000000001,4,28,0.21811548,0.07185843,True,0.3487469365614873,docking_results_3_23.csv,0.028824143,0.01739373,0.1165696,0.062636666,0.0700735,0.02453827,0.029363567,0.21811548,0.03174518,0.05458404,0.12340104,0.08505582,True,3.163920000000001,3.163920000000001
165,O=C(NC1CC2=CC=CC=C2C1)[C@H1]3CCCCCN3C(=O)C=CC4=C5C=CC=CC5=NN=C4N,Nc1nnc2ccccc2c1C=CC(=O)N1CCCCC[C@@H]1C(=O)NC1Cc2ccccc2C1,-9.0,3.280000000000001,0.5881816571966729,3.1621051423633535,455.5620000000001,2,5,4,101.21,5,34,0.22208686,0.08261835,True,0.3300394148674537,docking_results_3_21.csv,0.041588906,0.026468754,0.14001808,0.06656929,0.10251253,0.033940714,0.037878305,0.22208686,0.047709752,0.056232296,0.12327431,0.09314034,True,3.280000000000001,3.280000000000001
45,CC=CC1=C(OC2=CC=C(C=N2)C(=O)NC3CNCCC3C4=CC=CC=C4)C=C1,CC=CC1=C(Oc2ccc(C(=O)NC3CNCCC3c3ccccc3)cn2)C=C1,-9.0,3.7359000000000027,0.7927139832022929,3.700755165612703,387.4830000000001,2,4,6,63.25,4,29,0.22230278,0.07397028,True,0.2511971434194465,docking_results_3_17.csv,0.027025238,0.017579889,0.11530611,0.055864174,0.08331561,0.03000904,0.032745067,0.22230278,0.030754857,0.06674964,0.14021826,0.06577272,True,3.7359000000000027,3.735900000000002
110,CCC[C@H1]1SCCN1C(=O)C2=CC=C3C=CC4=C(CCNC4=O)C3=C2,CCC[C@H]1SCCN1C(=O)c1ccc2ccc3c(c2c1)CCNC3=O,-9.0,3.440900000000002,0.9184977403557659,3.196450460942155,354.47500000000014,1,3,3,49.410000000000004,4,25,0.23257963,0.09513104,True,0.3023709026429982,docking_results_3_18.csv,0.047720887,0.029568376,0.18151712,0.084775075,0.10470865,0.036343,0.037365302,0.23257963,0.045049295,0.05518243,0.17586319,0.11089949,True,3.440900000000002,3.440900000000002
93,O=C(N1CCN(CC1)C2=CC=CC(O)=C2)C3=CC=C4C=CC=CC4=C3,O=C(c1ccc2ccccc2c1)N1CCN(c2cccc(O)c2)CC1,-9.0,3.5078000000000022,0.7809129553672294,1.83659032995957,332.4030000000001,1,3,2,43.78,4,25,0.24180734,0.11395946,True,0.2906122505275254,docking_results_3_24.csv,0.053499267,0.03324595,0.23002592,0.08599379,0.18799272,0.058005635,0.04622623,0.24180734,0.06758431,0.064376175,0.20425086,0.094505444,True,3.5078000000000022,3.5078000000000022
177,CC(=O)N[C@@H1](CS(=O)=O)C1=CC=C(C=C1)C2=CC=CC3=CC=CC=C23,CC(=O)N[C@@H](C[SH](=O)=O)c1ccc(-c2cccc3ccccc23)cc1,-9.0,3.2954000000000025,0.6919935122539255,2.911097969067832,353.4430000000001,2,3,5,63.24,3,25,0.24366851,0.111661226,True,0.3274591119366512,docking_results_3_10.csv,0.052037988,0.030748792,0.1736822,0.08924538,0.24366851,0.070225626,0.04991843,0.20768735,0.053983655,0.07170824,0.22925366,0.06777489,True,3.2954000000000025,3.2954000000000025
19,CC=1CCN(CC)C(=O)C=1C2=CC=C3C=CC4=C(CCNC4=O)C3=C2,CCN1CCC(C)=C(c2ccc3ccc4c(c3c2)CCNC4=O)C1=O,-9.0,3.1514000000000015,0.9170618842303971,2.7782932730130447,334.4190000000001,1,2,2,49.410000000000004,4,25,0.25542516,0.09590572,True,0.3506709656849744,docking_results_3_28.csv,0.04371526,0.027365528,0.19115262,0.083589084,0.09067423,0.03276871,0.033056267,0.25542516,0.041749872,0.054891754,0.18006177,0.11641831,True,3.1514000000000015,3.151400000000001
190,O=C1CC[C@@H1](NC2=NC=CC(=N2)N3CCN(C3)C4=CC=CC=C4)C=CC=CC=C1,O=C1C=CC=CC=C[C@H](Nc2nccc(N3CCN(c4ccccc4)C3)n2)CC1,-9.0,3.572700000000002,0.8654131093002799,3.853240294129174,387.487,1,6,4,61.36000000000001,4,29,0.25862622,0.082833685,True,0.2792152695470826,docking_results_3_11.csv,0.047681462,0.037877478,0.10438674,0.060926463,0.086802915,0.036253955,0.04556714,0.25862622,0.05151513,0.0695635,0.09063474,0.104168504,True,3.572700000000002,3.572700000000002
184,C1C=CC2=CC3=NC(=C(N=C3N21)C4=CC=CC=C45)NCCCCNC(=O)C5,O=C1Cc2ccccc2-c2nc3c(cc4n3CC=C4)nc2NCCCCN1,-9.0,2.9895000000000005,0.6472509568846782,3.803917494295842,359.4330000000002,2,4,0,71.84,5,27,0.25886214,0.08824409,True,0.3733730753238174,docking_results_3_20.csv,0.0412403,0.02515342,0.25886214,0.06563023,0.07510923,0.02198176,0.02921993,0.23224269,0.051440414,0.040120453,0.09558385,0.122344635,True,2.9895000000000005,2.9895000000000005
128,C1OC=CC(CCC2=CC=C3N=C(N)N=C(N)C3=C2F)C=C1N4C(=O)C=CC=C4C,Cc1cccc(=O)n1C1=CC(CCc2ccc3nc(N)nc(N)c3c2F)C=COC1,-9.0,3.0372200000000014,0.6880517650287729,3.956967329901894,407.4490000000001,2,6,4,109.04999999999998,4,30,0.2654363,0.09168678,True,0.3671455426738569,docking_results_3_8.csv,0.034357812,0.020816723,0.2654363,0.07312113,0.07613486,0.025246562,0.031616963,0.23152173,0.04808697,0.053323653,0.13655882,0.10401978,True,3.0372200000000014,3.0372200000000014
92,COCC1=NN=C(O1)C2=CC=C3C4=C(CCNC4=O)C=CC3=C2,COCc1nnc(-c2ccc3c4c(ccc3c2)CCNC4=O)o1,-9.0,2.3221000000000007,0.8031641293052005,2.5769165812401926,309.32500000000005,1,5,3,77.25,4,23,0.26927388,0.07613849,True,0.4015718815646071,docking_results_3_21.csv,0.046412442,0.023584027,0.26927388,0.051359527,0.0822104,0.019645024,0.021147314,0.1711075,0.040556256,0.027088698,0.0758301,0.08544668,True,2.3221000000000007,2.3221000000000007
150,CCOC1=CC(CC1C2=CC=C3C=C(O)C(C)=CC3=C2)NC(N)=O,CCOC1=CC(NC(N)=O)CC1c1ccc2cc(O)c(C)cc2c1,-9.0,3.298420000000001,0.8057190222064663,3.71278508090381,326.396,3,3,4,84.58000000000001,3,24,0.30393878,0.12778874,True,0.3269508985884314,docking_results_3_24.csv,0.038551237,0.027292218,0.25264987,0.09105526,0.15058576,0.057764526,0.046849824,0.30393878,0.05985102,0.091363676,0.29841673,0.115145974,True,3.298420000000001,3.298420000000001
50,O=C(COC1=CC=CC=C1C=CN)C2=CC=C3C=CC4=C(CCNC4=O)C3=C2,NC=Cc1ccccc1OCC(=O)c1ccc2ccc3c(c2c1)CCNC3=O,-9.0,3.3168000000000015,0.6734188787910045,2.6507186557737743,372.42400000000015,2,4,5,81.41999999999999,4,28,0.31680977,0.122086115,True,0.3238432277095748,docking_results_3_27.csv,0.06431413,0.044234756,0.31680977,0.07231371,0.16097851,0.053842064,0.044185445,0.26718485,0.07062188,0.064270854,0.19305386,0.11322355,True,3.3168000000000015,3.316800000000001
124,CCN1N=C(C)C=C1C2=CC=C3C=CC4=C(CCNC4=O)C3=C2,CCn1nc(C)cc1-c1ccc2ccc3c(c2c1)CCNC3=O,-9.0,3.317520000000002,0.7892707526127314,2.543678234512294,305.38100000000003,1,2,2,46.92,4,23,0.31857842,0.07562054,True,0.3237209992402719,docking_results_3_25.csv,0.035973612,0.015118626,0.31857842,0.060786802,0.069168635,0.01590274,0.018091766,0.1527604,0.029515725,0.028502068,0.09687523,0.06617251,True,3.317520000000002,3.317520000000002
69,C#CC1OC2=CC(=CC=C2O1)C3=CN=CC(=C3)C(=O)NCC4CCNCC4,C#CC1Oc2ccc(-c3cncc(C(=O)NCC4CCNCC4)c3)cc2O1,-9.0,2.2085,0.8151805262917967,3.37900839010889,363.41700000000014,2,5,4,72.48,4,27,0.3186514,0.13802876,True,0.3940595399800882,docking_results_3_16.csv,0.058253285,0.045857426,0.28865668,0.10342861,0.15719467,0.061896127,0.0545323,0.3186514,0.10718129,0.082904376,0.19986896,0.17792006,True,2.2085,2.2085
94,COC1=CC=CC=C1C2=CC=C3C4=C(CCNC4=O)C=CC3=C2N5CCNCC5,COc1ccccc1-c1ccc2c3c(ccc2c1N1CCNCC1)CCNC3=O,-9.0,3.2109000000000014,0.7246943492432418,2.600617862697696,387.4830000000002,2,4,3,53.6,5,29,0.3209028,0.098312,True,0.3413517054211456,docking_results_3_21.csv,0.037992485,0.020305244,0.3209028,0.082884304,0.08945556,0.024612218,0.026540695,0.22569841,0.046515763,0.04224558,0.15140417,0.11118688,True,3.2109000000000014,3.2109000000000014
177,O=C(NC1=CC=C(C=C1)C(=O)N2CCOCC2)OC3=CC=C4C=CC=CC4=C3,O=C(Nc1ccc(C(=O)N2CCOCC2)cc1)Oc1ccc2ccccc2c1,-9.0,3.9231000000000034,0.7522415172799268,1.9349983514168834,376.412,1,4,3,67.87,4,28,0.32102853,0.1477804,True,0.2214173251787827,docking_results_3_15.csv,0.059399545,0.043344628,0.32102853,0.09683936,0.22338606,0.07496925,0.055835444,0.31119955,0.10235287,0.07915796,0.2684405,0.13741125,True,3.9231000000000034,3.9231000000000034
111,CC=NC(C1=CC=C(C=C1)C2=CC=CC=C2)=NNC3CCC(=O)NC3,CC=NC(=NNC1CCC(=O)NC1)c1ccc(-c2ccccc2)cc1,-9.0,2.974100000000001,0.5127573437810536,3.2792303871803012,334.4230000000002,2,3,4,65.85,3,25,0.32592344,0.100348674,True,0.3752895449902188,docking_results_3_13.csv,0.034485735,0.0166574,0.32592344,0.0660712,0.16133116,0.03707602,0.029864734,0.1931317,0.052249968,0.052892484,0.17243086,0.062069453,True,2.974100000000001,2.974100000000001
68,O=C1SCC[C@@H1]1NC(=O)C2=CC=C3C=CC4=C(CCNC4=O)C3=C2,O=C(N[C@H]1CCSC1=O)c1ccc2ccc3c(c2c1)CCNC3=O,-9.0,1.8876000000000002,0.8753494401840164,3.0774121290899794,340.4040000000001,2,4,2,75.27000000000001,4,24,0.338213,0.1489634,True,0.3565251713786314,docking_results_3_18.csv,0.06807738,0.05349013,0.3295311,0.11125381,0.14401662,0.05915009,0.055581965,0.338213,0.09121648,0.07807813,0.261871,0.19708127,True,1.8876000000000002,1.8876
244,COC[C@@H1](O)C1=CC=C(C=N1)C2=CC=C3C=CC4=C(CCNC4=O)C3=C2,COC[C@@H](O)c1ccc(-c2ccc3ccc4c(c3c2)CCNC4=O)cn1,-9.0,2.8675000000000006,0.7604897753326623,3.079877175767635,348.40200000000016,2,4,4,71.45,4,26,0.33956632,0.12267057,True,0.3871837272764723,docking_results_3_29.csv,0.06023034,0.03375923,0.33956632,0.10279026,0.16428386,0.047112983,0.035048082,0.2352455,0.06478822,0.050195627,0.21780708,0.12121934,True,2.8675000000000006,2.8675000000000006
114,N#CC1=CC=CC=C1C2=CC=C3C=C(OCC(N)=O)C=CC3=C2,N#Cc1ccccc1-c1ccc2cc(OCC(N)=O)ccc2c1,-9.0,3.242580000000001,0.8034225784229153,1.9726670457011082,302.33299999999997,1,3,4,76.10999999999999,3,23,0.34798795,0.1275405,True,0.3362234957033908,docking_results_3_18.csv,0.07983104,0.052160304,0.34798795,0.068458736,0.23196732,0.06740792,0.05021246,0.22580993,0.09403563,0.06095948,0.1552768,0.09637854,True,3.242580000000001,3.242580000000001
57,CC=C1C(NC(=O)C2=CC=C(C3=CC=C(CC#N)C=C3)C(C)=C2)=NC(N)=N1,CC=C1N=C(N)N=C1NC(=O)c1ccc(-c2ccc(CC#N)cc2)c(C)c1,-9.0,3.0885000000000007,0.8817650816198495,2.815326164267173,357.4170000000001,2,5,3,103.63,3,27,0.3527983,0.11905826,True,0.3600012542954361,docking_results_3_3.csv,0.027841352,0.018243564,0.3527983,0.06975532,0.11483434,0.03566911,0.032555044,0.28085616,0.051375408,0.059932247,0.2796233,0.10521509,True,3.0885000000000007,3.0885000000000007
239,C1C[C@H1](C)C(=O)N(C1)C2=CC=C(C=C2)C3=CC4=CC=CC=C4[NH1]C3=O,C[C@H]1CCCN(c2ccc(-c3cc4ccccc4[nH]c3=O)cc2)C1=O,-9.0,3.958000000000003,0.7721496296037216,2.6254658455575406,332.4030000000001,1,2,2,53.17,4,25,0.353049,0.15043844,True,0.2162502378277697,docking_results_3_11.csv,0.061787974,0.039572276,0.353049,0.13093175,0.22441763,0.0725748,0.050671477,0.27895725,0.089478314,0.0749438,0.29466245,0.13421449,True,3.958000000000003,3.958000000000003
132,CN1C=NN=C1C2=CC=C3C4=C(CCNC4=O)C=CC3=C2,Cn1cnnc1-c1ccc2c3c(ccc2c1)CCNC3=O,-9.0,1.9211999999999998,0.7395288712038923,2.6124731286288903,278.315,1,3,1,59.81,4,21,0.3544296,0.09495181,True,0.3613863572000727,docking_results_3_16.csv,0.04670608,0.024449658,0.3544296,0.07445476,0.086686134,0.022718824,0.02428557,0.20433068,0.04870903,0.034110054,0.112127535,0.10641378,True,1.9211999999999998,1.9212
77,CC=1NC(N)CC=1C2=CC=C3C=CC4=C(CCNC4=O)C3=C2,CC1=C(c2ccc3ccc4c(c3c2)CCNC4=O)CC(N)N1,-9.0,2.1348000000000003,0.7543690486608923,3.4869802742599614,293.37,3,3,1,67.15,4,22,0.35715184,0.11343479,True,0.3874122939416882,docking_results_3_25.csv,0.052427538,0.028729197,0.35715184,0.09276556,0.105646156,0.032714248,0.031526297,0.24347591,0.05189393,0.05063098,0.18879469,0.12546119,True,2.1348000000000003,2.1348000000000003
194,C1CN=C([C@@H1](O)C1)NC2=CC=C3C4=C(CCNC4=O)C=CC3=C2,O=C1NCCc2ccc3cc(NC4=NCCC[C@@H]4O)ccc3c21,-9.0,2.0907999999999998,0.7549909184262485,3.4202074822399204,309.369,3,4,1,73.72,4,23,0.3577419,0.14002176,True,0.3828280723760091,docking_results_3_20.csv,0.060670767,0.04024251,0.3577419,0.11349527,0.12938833,0.0452807,0.040402163,0.31472895,0.07347608,0.058669254,0.2523277,0.19383751,True,2.0907999999999998,2.0908
102,COC(=O)N1C=CC=C1C2=CC=C3C4=C(CCNC4=O)C=CC3=C2,COC(=O)n1cccc1-c1ccc2c3c(ccc2c1)CCNC3=O,-9.0,3.208700000000002,0.7487780056462876,2.6841157471338306,320.348,1,3,1,60.33,4,24,0.36106497,0.10935495,True,0.3417038241814168,docking_results_3_24.csv,0.056232717,0.030641645,0.36106497,0.06976235,0.14910547,0.038180288,0.029617442,0.21350448,0.056791537,0.039592367,0.17248365,0.095282376,True,3.208700000000002,3.208700000000002
69,C[C@@H1](CCO)N1C=C(C=N1)C2=CC=C3C=CC4=C(CCNC4=O)C3=C2,C[C@@H](CCO)n1cc(-c2ccc3ccc4c(c3c2)CCNC4=O)cn1,-9.0,2.9326000000000008,0.770223584623341,3.1768677686344624,335.40700000000004,2,3,4,67.15,4,25,0.3639346,0.13507207,True,0.3802133193716961,docking_results_3_27.csv,0.051039,0.03235485,0.3639346,0.122446604,0.14419754,0.047294714,0.039229516,0.28033513,0.07178044,0.061654568,0.25480065,0.15179707,True,2.9326000000000008,2.9326000000000008
130,CC(C)=CC=C(O)C1=CC=C2C=CC3=C(CCNC3=O)C2=C1,CC(C)=CC=C(O)c1ccc2ccc3c(c2c1)CCNC3=O,-9.0,3.990800000000002,0.6494539959869885,2.860428071826954,293.366,2,2,2,49.33,3,22,0.36780795,0.14159833,True,0.2115191679997954,docking_results_3_25.csv,0.041400716,0.035785064,0.24013478,0.09637717,0.15426211,0.0680562,0.04969933,0.36780795,0.066425905,0.096801005,0.33979055,0.14263898,True,3.990800000000002,3.990800000000002
156,C1C=C(C)C(=N1)C2=CC=C3C=CC4=C(CCNC4=O)C3=C2,CC1=CCN=C1c1ccc2ccc3c(c2c1)CCNC3=O,-9.0,2.8747000000000007,0.8546316726257128,2.9924456380866467,276.339,1,2,1,41.46,4,21,0.38515934,0.14419542,True,0.3864602094136643,docking_results_3_26.csv,0.058489323,0.04192129,0.38515934,0.11440236,0.12421905,0.047901724,0.041309956,0.33475265,0.071130894,0.06863945,0.26286462,0.17955449,True,2.8747000000000007,2.8747000000000007
239,O=C(CSC1=CC=CC=C1)NC2=CC=C3C=CC4=C(CCNC4=O)C3=C2,O=C(CSc1ccccc1)Nc1ccc2ccc3c(c2c1)CCNC3=O,-9.0,3.8565000000000023,0.6931588998361192,2.222832323471758,362.4540000000002,2,3,4,58.2,4,26,0.38555264,0.17308606,True,0.2316371694389046,docking_results_3_27.csv,0.05047351,0.042115968,0.38555264,0.13422611,0.20374174,0.08213134,0.06514733,0.36522838,0.09929124,0.11079413,0.37316597,0.16516449,True,3.8565000000000023,3.856500000000002
19,CC1=CC(C)=CC(=C1)C=CC2=C3C=C(O)C(=C23)C4(O)CNCCNC4,Cc1cc(C)cc(C=Cc2c3cc(O)c(C4(O)CNCCNC4)c2-3)c1,-9.0,2.5402400000000007,0.555188471790904,3.2908603369350384,336.4350000000001,4,4,3,64.52,4,25,0.38701853,0.13869154,True,0.4058914278961332,docking_results_3_7.csv,0.030508708,0.024164777,0.18542245,0.13767552,0.11639596,0.048323493,0.037602674,0.38701853,0.046331633,0.08238097,0.3850609,0.1834129,True,2.5402400000000007,2.5402400000000007
151,C1C=NOC1C2=CC=C3N=C(NC(=O)NC4CC4)C(=NC3=C2)N5CCCC5=N,N=C1CCCN1c1nc2cc(C3CC=NO3)ccc2nc1NC(=O)NC1CC1,-9.0,2.938370000000001,0.7552839760687325,3.775144803616209,379.42400000000015,3,6,4,115.59,5,28,0.3894413,0.14547865,True,0.3795503416611361,docking_results_3_1.csv,0.037657306,0.03136508,0.36279172,0.107395396,0.08219118,0.03647624,0.0497935,0.3894413,0.09364316,0.08197002,0.22460859,0.24841045,True,2.938370000000001,2.938370000000001
78,CC1(C)C[C@H1]1C(=O)NC2=CC=C3C4=C(CCNC4=O)C=CC3=C2,CC1(C)C[C@H]1C(=O)Nc1ccc2c3c(ccc2c1)CCNC3=O,-9.0,3.1103000000000014,0.8953457435415899,2.957037555431654,308.38100000000003,2,2,2,58.2,4,23,0.39129636,0.13671039,True,0.3568341179970806,docking_results_3_23.csv,0.031441078,0.021151762,0.26624727,0.1314132,0.14368333,0.050611824,0.03396107,0.31355575,0.05134439,0.06933347,0.39129636,0.1364853,True,3.1103000000000014,3.1103000000000014
83,CC1=NC([N+1](=O)[O-1])=C(N1)C2=CC=C3C=CC4=C(CCNC4=O)C3=C2,Cc1nc([N+](=O)[O-])c(-c2ccc3ccc4c(c3c2)CCNC4=O)[nH]1,-9.0,2.7324200000000003,0.559266681010094,2.902986197655176,322.324,2,4,2,100.91999999999999,4,24,0.3916293,0.11644185,True,0.3983958665674834,docking_results_3_16.csv,0.031584308,0.01938646,0.3916293,0.07852759,0.09623626,0.026252117,0.023733774,0.2768537,0.048619125,0.03795445,0.23845217,0.12807299,True,2.7324200000000003,2.7324200000000003
134,C[NH1+1](C)C(C)(C)C1=CC=C(C=C1)C2=CC=C3C=CC=CC3=C2,C[NH+](C)C(C)(C)c1ccc(-c2ccc3ccccc3c2)cc1,-9.0,3.8864000000000027,0.7462950334773687,2.6034791884522654,290.43,1,0,3,4.44,3,22,0.4069135,0.10204259,True,0.2269926670265599,docking_results_3_8.csv,0.012789947,0.0046437676,0.16468045,0.093200184,0.27242547,0.048364494,0.013861472,0.13132566,0.01451041,0.043755665,0.4069135,0.018040055,True,3.8864000000000027,3.8864000000000023
31,CN1S(=O)(=O)C2=CC(NC(=O)C3=CC=CC(=C3)C4=CC=CC(C)=C4N)=CC=C2N=C1,Cc1cccc(-c2cccc(C(=O)Nc3ccc4c(c3)S(=O)(=O)N(C)C=N4)c2)c1N,-9.0,3.790420000000002,0.6290178224947199,2.7413685382326953,420.4940000000002,2,5,3,104.86,4,30,0.41197893,0.15175423,True,0.2422022230673551,docking_results_3_6.csv,0.036652204,0.024481304,0.38741547,0.11360348,0.18427578,0.056931797,0.03930743,0.3083979,0.064773865,0.06466967,0.41197893,0.12856284,True,3.790420000000002,3.790420000000002
141,O=C(C1=CC=C2OCOC2=C1)NC=3N=C4C=CC=CN4C=3C(=O)NC5CCNCC5,O=C(Nc1nc2ccccn2c1C(=O)NC1CCNCC1)c1ccc2c(c1)OCO2,-9.0,1.7970999999999995,0.6090508952143701,2.589412319451478,407.43000000000023,3,6,4,105.99000000000001,5,30,0.41495728,0.117365055,True,0.3426295202218517,docking_results_3_24.csv,0.035023883,0.02182451,0.41495728,0.07658085,0.09452188,0.028035542,0.031488538,0.27211994,0.068848446,0.050008,0.17413583,0.140836,True,1.7970999999999995,1.7970999999999997
140,COC1CC(=O)C=CC=C(C2=CC=C3N=C(N)N=C(N)C3=C2)C=C1,COC1C=CC(c2ccc3nc(N)nc(N)c3c2)=CC=CC(=O)C1,-9.0,2.2778,0.8787140395519226,3.875018357593441,322.36800000000005,2,6,2,104.11999999999999,3,24,0.42306784,0.15886112,True,0.3990525814718589,docking_results_3_4.csv,0.048552252,0.049109943,0.39032653,0.09354213,0.11354049,0.054487016,0.056487657,0.42306784,0.12607239,0.10071498,0.21791753,0.23251475,True,2.2778,2.2778
131,CC1=N[NH1]C=C1CN(C)C2=CC=C3C=CC4=C(CCNC4=O)C3=C2,Cc1n[nH]cc1CN(C)c1ccc2ccc3c(c2c1)CCNC3=O,-9.0,2.7936200000000007,0.779937283648275,3.0367130715485464,320.396,2,3,3,61.02,4,24,0.42439836,0.12198245,True,0.3938871557177011,docking_results_3_21.csv,0.037297986,0.020930469,0.42439836,0.10756257,0.113693565,0.03356055,0.030947777,0.25279593,0.06502953,0.055823606,0.20503119,0.11671786,True,2.7936200000000007,2.7936200000000007
38,CN1N=CC=C1C2=CC=C3C4=C(CCNC4=O)C=CC3=C2,Cn1nccc1-c1ccc2c3c(ccc2c1)CCNC3=O,-9.0,2.5262000000000002,0.7426890758067894,2.5508963316553714,277.327,1,2,1,46.92,4,21,0.44614333,0.1194736,True,0.4060266505240831,docking_results_3_26.csv,0.04918612,0.026331002,0.44614333,0.09770306,0.11754936,0.031819675,0.02908519,0.23383865,0.062309045,0.044818327,0.17606166,0.11883778,True,2.5262000000000002,2.5262
89,O=C(NCCO)NC1=CC=C(C=N1)C2=CC=C3C=CC4=C(CCNC4=O)C3=C2,O=C(NCCO)Nc1ccc(-c2ccc3ccc4c(c3c2)CCNC4=O)cn1,-9.0,2.3015,0.5608998235570448,2.5103545532096714,376.4160000000002,4,4,4,103.35,4,28,0.45035285,0.16245274,True,0.4004670251180783,docking_results_3_19.csv,0.06990134,0.054445878,0.45035285,0.10092501,0.16913891,0.062949285,0.053611778,0.35374412,0.1187812,0.076270275,0.23355734,0.20575483,True,2.3015,2.3015
167,COC(=O)C1=CC=C(C=C1)C2=CC=C3C4=C(CCNC4=O)C(O)=CC3=C2,COC(=O)c1ccc(-c2ccc3c4c(c(O)cc3c2)CCNC4=O)cc1,-9.0,3.2849000000000013,0.6977186400589868,2.3669843751185464,347.37000000000006,2,4,2,75.63,4,26,0.45286795,0.18861842,True,0.3292204957949822,docking_results_3_17.csv,0.0761823,0.062632255,0.45286795,0.1212935,0.25751683,0.09835604,0.043625154,0.38681686,0.09342457,0.07196903,0.4123552,0.18638127,True,3.2849000000000013,3.2849000000000013
146,CC1=CC=C(C=C1NC(=O)C=C2C3=CC=CC=C3NC(=O)C2)C#N,Cc1ccc(C#N)cc1NC(=O)C=C1CC(=O)Nc2ccccc21,-9.0,3.2310000000000008,0.83428665086835,2.4758018085149054,317.3480000000001,2,3,2,81.99000000000001,3,24,0.45631796,0.20570911,True,0.3381101783123745,docking_results_3_11.csv,0.042648513,0.044300456,0.44231686,0.1478341,0.17900802,0.089370415,0.08732315,0.45631796,0.13995194,0.15727358,0.44660753,0.23555683,True,3.2310000000000008,3.2310000000000008
42,CCC1=CC(N[C@@H1]2CCCC[C@H1]2N)=NC(=N1)C3=CC=C4NC(=O)CC4=C3,CCc1cc(N[C@@H]2CCCC[C@H]2N)nc(-c2ccc3c(c2)CC(=O)N3)n1,-9.0,2.8824000000000005,0.7874871867985203,3.3654835344601164,351.4540000000001,3,5,4,92.93,4,26,0.46007913,0.15289848,True,0.385673115310263,docking_results_3_2.csv,0.046638824,0.028455615,0.46007913,0.14773016,0.12658583,0.04391578,0.04076782,0.30103138,0.08402952,0.07017282,0.29979867,0.1855763,True,2.8824000000000005,2.8824000000000005
208,O=C([O-1])C=1SC(=S)NC=1C2=CC=C3C=CC4=C(CCNC4=O)C3=C2,O=C1NCCc2c1ccc1ccc(-c3[nH]c(=S)sc3C(=O)[O-])cc21,-9.0,2.27529,0.6908077432638076,3.2430334827230496,355.4200000000002,2,5,2,85.01999999999998,4,24,0.4659682,0.19531065,True,0.3988938899203706,docking_results_3_23.csv,0.07449317,0.082770586,0.42505428,0.11729098,0.1769505,0.08706471,0.06291004,0.4659682,0.12350694,0.09966614,0.35531482,0.27273744,True,2.27529,2.27529
45,CCC1=NN(C)C(N)=C1C2=CC=C3C4=C(CCNC4=O)C=CC3=C2,CCc1nn(C)c(N)c1-c1ccc2c3c(ccc2c1)CCNC3=O,-9.0,2.6708000000000007,0.7622539783327236,2.695316288152915,320.396,2,3,2,72.94,4,24,0.46863014,0.10782376,True,0.4019255609412996,docking_results_3_12.csv,0.033380024,0.016869413,0.46863014,0.08132651,0.0753355,0.019807732,0.021409625,0.22557487,0.0469441,0.037623584,0.15670532,0.110278286,True,2.6708000000000007,2.6708000000000007
154,CC1=N[NH1]C=C1C2=CC=C3C4=C(CCNC4=O)C=CC3=C2,Cc1n[nH]cc1-c1ccc2c3c(ccc2c1)CCNC3=O,-9.0,2.8242200000000004,0.7182915511832868,2.862489269864705,277.32699999999994,2,2,1,57.78,4,21,0.47180676,0.12493358,True,0.391273017741426,docking_results_3_23.csv,0.05128129,0.028097555,0.47180676,0.101444356,0.12148636,0.033915836,0.030599048,0.23955299,0.06606246,0.047510736,0.18379499,0.12365059,True,2.8242200000000004,2.8242200000000004
19,NC1=CC=CC(Cl)=C1C=CC=C2C3=C(CCNC3=O)C=CC2=C,C=c1ccc2c(c1=CC=Cc1c(N)cccc1Cl)C(=O)NCC2,-9.0,2.1123000000000003,0.8313550719768112,3.318352080666142,324.8110000000001,2,2,2,55.12,3,23,0.47394273,0.19797646,True,0.3851234105381,docking_results_3_16.csv,0.043389402,0.043167114,0.46226722,0.1436813,0.1569833,0.0772799,0.05892119,0.47394273,0.09930598,0.12931089,0.45299336,0.23447512,True,2.1123000000000003,2.1123000000000003
131,CC1=CC=C(C=C1NC(=O)C2CC2=O)C=C3C=CC=C4CNCCC34,Cc1ccc(C=C2C=CC=C3CNCCC23)cc1NC(=O)C1CC1=O,-9.0,3.0116200000000015,0.8356006563301803,3.9491963754309527,334.41900000000015,2,3,3,58.2,4,25,0.48003247,0.16112675,True,0.3705394566231255,docking_results_3_11.csv,0.051010594,0.06314745,0.10253383,0.12518173,0.11912562,0.09082642,0.08903681,0.48003247,0.08688616,0.1746334,0.31627807,0.23482846,True,3.0116200000000015,3.011620000000001
249,CN1C=C(N=C1C2=CC=C(C=C2)C3=CC=CC(NC(=O)C=C)=C3)C(N)=O,C=CC(=O)Nc1cccc(-c2ccc(-c3nc(C(N)=O)cn3C)cc2)c1,-9.0,2.9775,0.6959989117481592,2.384322850896748,346.39000000000016,2,3,5,90.00999999999999,3,26,0.48900416,0.17064534,True,0.3748704844896836,docking_results_3_4.csv,0.05547136,0.048147842,0.48900416,0.090848856,0.19186938,0.0710565,0.06101367,0.37048492,0.14375351,0.095249854,0.25239938,0.17844473,True,2.9775,2.9775
22,CN1C=C(C2=C1C=C3C=CC4=C(CCNC4=O)C3=C2)C(=O)NC=O,Cn1cc(C(=O)NC=O)c2cc3c4c(ccc3cc21)C(=O)NCC4,-9.0,1.5035999999999998,0.7020992724422248,2.9280212655284803,321.336,2,3,2,80.2,4,24,0.48990488,0.17439385,True,0.2926180336512417,docking_results_3_28.csv,0.05063578,0.045226295,0.48990488,0.11252796,0.12642264,0.05288723,0.051541124,0.41420004,0.10901716,0.083371,0.3109893,0.24600278,True,1.5035999999999998,1.5035999999999998
62,CCCOC1=CC=C(C=N1)C2=CC=C3C=CC4=C(CCNC4=O)C3=N2,CCCOc1ccc(-c2ccc3ccc4c(c3n2)CCNC4=O)cn1,-9.0,3.371500000000002,0.7949127957830694,2.562834376324165,333.391,1,4,4,64.11,4,25,0.4949446,0.14183153,True,0.3144658958019798,docking_results_3_27.csv,0.05884881,0.035862688,0.4949446,0.1097619,0.14457242,0.04539028,0.040217277,0.2693397,0.09172128,0.060617384,0.20302702,0.1476751,True,3.371500000000002,3.371500000000002
87,C[C@H1]C(=O)N(C)C1=CC=C(C=C1)C2=CC=C3C4=C(CCNC4=O)C=CC3=C2,C[CH]C(=O)N(C)c1ccc(-c2ccc3c4c(ccc3c2)CCNC4=O)cc1,-9.0,3.9796900000000033,0.7707469281374397,2.696462824974885,357.43300000000005,1,2,3,49.410000000000004,4,27,0.4980358,0.195998,True,0.2131078128149448,docking_results_3_17.csv,0.06312538,0.047714386,0.4980358,0.15813303,0.24133725,0.08999538,0.055529866,0.37827086,0.11659793,0.093879424,0.41480792,0.19454855,True,3.9796900000000033,3.9796900000000033
40,O=C(CCCC(=O)N1CCCCC1)NS(=O)(=O)C2=CC=C3C=CC=CC3=CC=CC=C2,O=C(CCCC(=O)N1CCCCC1)NS(=O)(=O)c1cccccc2ccccc2cc1,-8.9,3.951900000000003,0.7371797249009607,2.466457422749933,440.5650000000001,1,4,6,83.55000000000001,3,31,0.06863645,0.017632302,True,0.1894395105118861,docking_results_3_19.csv,0.02441996,0.007946974,0.008464563,0.007832521,0.06863645,0.0089850295,0.00909095,0.041903984,0.0041430946,0.010631957,0.01318728,0.006344874,True,3.951900000000003,3.951900000000003
136,C1[C@H1]CCN(CC=2C=C(ON=2)C(N)=O)[C@H1]1C3=CN=C4C=CC=CC4=C3,NC(=O)c1cc(CN2CC[CH]C[C@@H]2c2cnc3ccccc3c2)no1,-8.9,2.8630900000000015,0.7922082689091731,3.4397888697935777,335.38700000000006,1,5,4,85.25000000000001,4,25,0.06972276,0.027852578,True,0.3381665635624533,docking_results_3_15.csv,0.031036733,0.0108625945,0.06972276,0.016303677,0.058880568,0.008599145,0.009786566,0.06716059,0.013771854,0.012469437,0.014836853,0.020800149,True,2.8630900000000015,2.863090000000001
229,CS(=O)(=O)C1=CC=C(C=N1)C2=CC=CC=CC3=C(CCNC3=O)C=C2,CS(=O)(=O)c1ccc(-c2cccccc3c(cc2)CCNC3=O)cn1,-8.9,2.5624000000000002,0.8992024732337781,2.6823263547666407,354.43100000000015,1,4,2,76.13,3,25,0.08123427,0.02129666,True,0.3538186547262972,docking_results_3_28.csv,0.032524068,0.007986079,0.03215459,0.010463515,0.08123427,0.008249358,0.0069262884,0.037753083,0.0051472113,0.0073217903,0.018442107,0.007357564,True,2.5624000000000002,2.5624
161,C[C@@H1]([NH2+1]CC1=CC(O)=CC(F)=C1)C2=CC=CC=CC3=C(CCNC3=O)C=C2,C[C@@H]([NH2+]Cc1cc(O)cc(F)c1)c1cccccc2c(cc1)CCNC2=O,-8.9,2.7662000000000004,0.7779750306314046,3.9318763594209942,367.44400000000013,3,2,4,65.94,3,27,0.082766764,0.031675834,True,0.3455009797459251,docking_results_3_18.csv,0.021420332,0.0059360024,0.048546236,0.027193908,0.082766764,0.013616903,0.011093754,0.06242692,0.0063635916,0.018311633,0.070808955,0.011625008,True,2.7662000000000004,2.7662000000000004
107,CN(C(=O)C1=CC=C(F)C(S(C)(=O)=O)=C1)C=C2C=CC3=CC=CC=C3C2,CN(C=C1C=Cc2ccccc2C1)C(=O)c1ccc(F)c(S(C)(=O)=O)c1,-8.9,3.454600000000003,0.8303456606015038,2.9633006433098146,371.4330000000001,0,3,3,54.45,3,26,0.092280164,0.032787006,True,0.261696054215431,docking_results_3_10.csv,0.025996575,0.011451348,0.025614355,0.022394514,0.06804514,0.015779555,0.017105548,0.092280164,0.0073972982,0.023529965,0.06524938,0.01860023,True,3.454600000000003,3.454600000000003
105,CC1=CC=C(C=C1C2=CC=C3C=C(C=NC=C2)C(=O)NC3)OC(=O)NC(=O)CCNCC,CCNCCC(=O)NC(=O)Oc1ccc(C)c(-c2ccncc3cc(cc2)CNC3=O)c1,-8.9,3.0394200000000016,0.6031852698587763,3.849070574288083,434.49600000000027,3,6,6,109.41999999999999,3,32,0.10092155,0.038882855,True,0.3200442584753716,docking_results_3_29.csv,0.03084048,0.012419153,0.10092155,0.020514594,0.07146579,0.013863687,0.014915644,0.09847658,0.017750569,0.022588084,0.036919728,0.025918402,True,3.0394200000000016,3.0394200000000016
150,CC1=CC=C(C=C1[C@@H1]2C[C@H1]2C(=O)NCCCN3CCN(CC3)C4=NC=CC=N4)C5=CC=CC=C5,Cc1ccc(-c2ccccc2)cc1[C@@H]1C[C@H]1C(=O)NCCCN1CCN(c2ncccn2)CC1,-8.9,3.884020000000003,0.5224973027960464,3.0630519066502417,455.60600000000017,1,5,8,61.36000000000001,5,34,0.10202677,0.038323835,True,0.1983516348223251,docking_results_3_18.csv,0.035241053,0.014874475,0.044912912,0.034584902,0.08278128,0.016669057,0.016849756,0.10202677,0.015247948,0.024203623,0.041326586,0.031167654,True,3.884020000000003,3.884020000000003
85,O=C(CN1C=C(C=N1)C2=CC=CC=3CCOC2=3)N4CC5=CC=CC=C5CNC4,O=C(Cn1cc(-c2cccc3c2OCC3)cn1)N1CNCc2ccccc2C1,-8.9,2.5745000000000005,0.765572794296216,2.8243979061084463,374.4440000000001,1,4,3,59.39000000000001,5,28,0.10455299,0.04483597,True,0.3536095374419691,docking_results_3_25.csv,0.046247203,0.01875035,0.10028725,0.033213284,0.08469674,0.016288001,0.017089507,0.10455299,0.022449167,0.021621708,0.035287544,0.03754787,True,2.5745000000000005,2.5745000000000005
44,CC1=CC=CC(=C1C)C2=CC(=CC=C2F)C(=O)NC[C@@H1](F)CC3=CN=C(N3)C(N)=O,Cc1cccc(-c2cc(C(=O)NC[C@@H](F)Cc3cnc(C(N)=O)[nH]3)ccc2F)c1C,-8.9,3.242139999999999,0.5552771004285937,3.247782108291469,412.44000000000017,3,3,7,100.87,3,30,0.11984738,0.044234138,True,0.2933894277601992,docking_results_3_0.csv,0.026744926,0.010172428,0.11984738,0.03160554,0.07423607,0.01468402,0.015666848,0.10163034,0.016529022,0.023282824,0.067855634,0.028554622,True,3.242139999999999,3.242139999999999
87,CN(CC1=CC=CC=C1C2=CC=CC=C2)C(=O)CC=C(N3)N=CN=C(N)N=C3N,CN(Cc1ccccc1-c1ccccc1)C(=O)CC=C1N=CN=C(N)N=C(N)N1,-8.9,1.8043999999999993,0.7217044017304092,3.1859327621143674,389.4630000000001,3,7,5,121.46,3,29,0.12271456,0.04159296,True,0.2999270498183933,docking_results_3_5.csv,0.027293758,0.011579928,0.12271456,0.016969291,0.0770029,0.013674272,0.015556219,0.10760619,0.022408823,0.02256943,0.034295663,0.02744453,True,1.8043999999999993,1.8043999999999996
87,O=C(CC1=CC=CC=N1)N2CCC(CC2)NC(=O)C3=CC=C(C=C3)C4=CC=CC=C4,O=C(NC1CCN(C(=O)Cc2ccccn2)CC1)c1ccc(-c2ccccc2)cc1,-8.9,3.712100000000002,0.711408582271634,1.9567516551158128,399.494,1,3,5,62.300000000000004,4,30,0.12652719,0.046850707,True,0.2226339201756538,docking_results_3_6.csv,0.04134379,0.015348909,0.08843595,0.03156134,0.12652719,0.023397047,0.020399353,0.09039632,0.021122782,0.027948648,0.052965105,0.022762004,True,3.712100000000002,3.712100000000002
186,C[C@@H1](N[C@H1](C(=O)O)C1=CC=C(C=O)C(O)=C1)C2=CC=C3C=CC=CC3=C2,C[C@@H](N[C@H](C(=O)O)c1ccc(C=O)c(O)c1)c1ccc2ccccc2c1,-8.9,3.8344000000000023,0.588810336867629,3.0437782025317706,349.3860000000001,3,4,6,86.63000000000001,3,26,0.12776901,0.043422777,True,0.2051277279544247,docking_results_3_16.csv,0.038981713,0.013464848,0.06571313,0.025883263,0.12776901,0.022727504,0.018050669,0.0818989,0.014404376,0.021625774,0.070511244,0.020042926,True,3.8344000000000023,3.834400000000002
116,CC1C=NN=C(NC(=O)C2=CC=C3C=CC=C(C(=O)O)C3=C2)N1,CC1C=NN=C(NC(=O)c2ccc3cccc(C(=O)O)c3c2)N1,-8.9,1.6013,0.7835114911577803,3.255314796555915,310.313,3,5,2,103.15,3,23,0.13402893,0.048449054,True,0.2702271119210286,docking_results_3_14.csv,0.03440668,0.014879752,0.13402893,0.017510533,0.087229386,0.01587286,0.014522074,0.12632889,0.02181643,0.017342113,0.058777414,0.038673583,True,1.6013,1.6013
221,CNC1CO[C@H1]([C@H1]1C(=O)NC2=CC=C3C=C(C(=O)O)C=CC3=C2)C4=CC=CC=C4,CNC1CO[C@@H](c2ccccc2)[C@H]1C(=O)Nc1ccc2cc(C(=O)O)ccc2c1,-8.9,3.4522000000000013,0.6210881814416085,3.278024353443353,390.4390000000001,3,4,5,87.66000000000001,4,29,0.13644852,0.05012065,True,0.2620636427615536,docking_results_3_18.csv,0.042161535,0.015106404,0.10085911,0.029385475,0.13644852,0.02269553,0.015994634,0.09578073,0.019223863,0.020200547,0.07607337,0.027518101,True,3.4522000000000013,3.4522000000000013
181,O=C1C2=CC=CC=C2C(=O)N1CCCN3CCN(CC3)C4=CC=CC5=CC=CC=C45,O=C1c2ccccc2C(=O)N1CCCN1CCN(c2cccc3ccccc23)CC1,-8.9,3.648100000000003,0.6145934584219792,2.0208939628081204,399.4940000000001,0,4,5,43.86000000000001,5,30,0.13980022,0.05266628,True,0.2321581318852506,docking_results_3_21.csv,0.03237323,0.01523742,0.10832928,0.04416526,0.08099996,0.018465035,0.02130101,0.13980022,0.025252623,0.030023567,0.067417614,0.04863019,True,3.648100000000003,3.648100000000003
71,CC1=CC=C(C=C1C=CC=CC2=CC3=C(CCNC3=O)C=C2C(=O)O)C(=O)N(C)C,Cc1ccc(C(=O)N(C)C)cc1C=CC=Cc1cc2c(cc1C(=O)O)CCNC2=O,-8.9,3.4075200000000017,0.7480216750392189,2.851458648122806,404.4660000000002,2,3,5,86.71,3,30,0.1434786,0.043139968,True,0.2688863376383871,docking_results_3_10.csv,0.024968505,0.013557811,0.06558784,0.021207793,0.061387207,0.017515227,0.018597696,0.1434786,0.01603597,0.029636174,0.07153512,0.03417167,True,3.4075200000000017,3.4075200000000017
120,ClC1=CC=CC=C1CN2C(=NC3=CC=CC=C23)[C@H1]4CNCCCO4,Clc1ccccc1Cn1c([C@H]2CNCCCO2)nc2ccccc21,-8.9,3.7890000000000015,0.7874437099911836,2.7631087893189097,341.84200000000016,1,3,3,39.08,4,24,0.14449471,0.057474703,True,0.2115027975886189,docking_results_3_13.csv,0.03131347,0.012513618,0.14449471,0.064014055,0.0868466,0.017935595,0.019497883,0.1274522,0.022966716,0.03070972,0.08423201,0.04771976,True,3.7890000000000015,3.7890000000000015
48,OC[C@H1](CC1=CC=CC(F)=C1)NC(=O)C2=CC=C3C=CC=CC3=C2,O=C(N[C@H](CO)Cc1cccc(F)c1)c1ccc2ccccc2c1,-8.9,3.3123000000000014,0.7566603417081738,2.294596744474596,323.367,2,2,5,49.33,3,24,0.14463061,0.05852176,True,0.2831916801032462,docking_results_3_7.csv,0.033570927,0.013433814,0.10034548,0.048337456,0.14463061,0.03037518,0.024456102,0.106807046,0.018992562,0.03572533,0.11894821,0.026638333,True,3.3123000000000014,3.3123000000000014
63,C=CC1OC(=O)N(C)C(=O)[NH1]CC=C1C2=CC=CC3=CC=CC=C23,C=CC1OC(=O)N(C)C(=O)NCC=C1c1cccc2ccccc12,-8.9,3.5694000000000026,0.8599983073390719,3.9553830634757947,322.3640000000001,1,3,2,58.64,3,24,0.14638264,0.053594638,True,0.2440958548515607,docking_results_3_10.csv,0.047778618,0.026126727,0.081019044,0.025230309,0.1081622,0.025210552,0.02650299,0.14638264,0.03283798,0.03233598,0.044560257,0.0469883,True,3.5694000000000026,3.5694000000000026
36,CCN1CCN(CC1)C2=CC=C3C4=C(CCNC4=O)C=CC3=C2,CCN1CCN(c2ccc3c4c(ccc3c2)CCNC4=O)CC1,-8.9,2.2676,0.9242061067773959,2.355280989965797,309.41300000000007,1,3,2,35.58,4,23,0.15264055,0.0517112,True,0.3475679722530319,docking_results_3_15.csv,0.033380393,0.015022035,0.12027169,0.04335558,0.061297845,0.01412031,0.015229064,0.15264055,0.022394294,0.024075318,0.057706226,0.061041117,True,2.2676,2.2676
147,COC1=CC=C(C=C1C2=CC=CC3=C(CCNC3=O)C=CC=C2)C(=O)NC(=O)NC,CNC(=O)NC(=O)c1ccc(OC)c(-c2ccccc3c(ccc2)C(=O)NCC3)c1,-8.9,2.8416999999999994,0.7316201981345255,2.65126524845393,405.45400000000006,3,4,3,96.53,3,30,0.15291503,0.044290125,True,0.3399592624463532,docking_results_3_29.csv,0.03365467,0.011260593,0.15291503,0.020127213,0.091698006,0.014775422,0.013395849,0.087992676,0.01836641,0.018831402,0.046612844,0.021851415,True,2.8416999999999994,2.8416999999999994
129,CC1=CC=C(C=C1C#N)C2=CN=CC(OC3CCN(CC3)C(N)=O)=C2,Cc1ccc(-c2cncc(OC3CCN(C(N)=O)CC3)c2)cc1C#N,-8.9,2.8506,0.93254608889614,2.4869701960899686,336.39500000000015,1,4,3,92.24000000000001,3,25,0.15884496,0.06342708,True,0.3392249377473588,docking_results_3_2.csv,0.046645224,0.024946637,0.13583392,0.041532554,0.10051888,0.02662905,0.026180264,0.15884496,0.039411865,0.036559112,0.062968485,0.06105405,True,2.8506,2.8506
32,C[C@H1](CS(N)(=O)=O)C1=CC=C2C3=C(CCNC3=O)C=CC2=C1,C[C@H](CS(N)(=O)=O)c1ccc2c3c(ccc2c1)CCNC3=O,-8.9,1.5176999999999998,0.8988634198048053,3.138258962784551,318.398,2,3,3,89.25999999999999,3,22,0.1630977,0.06519203,True,0.2574486518203939,docking_results_3_24.csv,0.053440478,0.028272541,0.086801596,0.049861733,0.117806725,0.03080063,0.027203199,0.1630977,0.02771657,0.03326799,0.100760154,0.06327504,True,1.5176999999999998,1.5176999999999998
198,C1C2=CC=CC(C)=C2C=CC=C3C=C(CCNCC)C(O)=CC3=NC1=O,CCNCCc1cc2c(cc1O)=NC(=O)Cc1cccc(C)c1C=CC=2,-8.9,2.048819999999999,0.8315691318705007,3.648569774520233,348.4460000000001,2,3,4,61.69,3,26,0.17364517,0.06674918,True,0.3298195822191377,docking_results_3_20.csv,0.034977354,0.017484704,0.13096696,0.053163838,0.08336162,0.024877127,0.024930092,0.17364517,0.022750879,0.04365375,0.13425812,0.0569206,True,2.048819999999999,2.048819999999999
164,CC1=CC=C(C=C1N2C=C(C=N2)C3=CC=C(C=C3)C(=O)NCCC)C(O)=O,CCCNC(=O)c1ccc(-c2cnn(-c3cc(C(=O)O)ccc3C)c2)cc1,-8.9,3.6857200000000008,0.6995326566358367,2.081740536736806,363.4170000000002,2,3,6,84.22,3,27,0.17814058,0.057608154,True,0.2265349020618736,docking_results_3_12.csv,0.036894932,0.015013013,0.17814058,0.029207764,0.11203551,0.021459984,0.017689945,0.118233204,0.026488567,0.02381756,0.07801527,0.034301545,True,3.6857200000000008,3.6857200000000008
7,O=CN1CCC[C@@H1]1C(=O)NCC2=CC=C(C=C2)C3=CC=C4C=CC=CC4=C3,O=CN1CCC[C@@H]1C(=O)NCc1ccc(-c2ccc3ccccc3c2)cc1,-8.9,3.743800000000002,0.7064690602471713,2.6129252352890244,358.4410000000001,1,2,5,49.410000000000004,4,27,0.18393837,0.080904685,True,0.2179990094040541,docking_results_3_14.csv,0.061845507,0.032112975,0.121015295,0.058572616,0.18393837,0.047543436,0.038697533,0.16214018,0.04278239,0.047115196,0.11866901,0.056423634,True,3.743800000000002,3.743800000000002
162,[O-1]C1=NC(SCCN2CCNCC2)=CC(=N1)C3=CC=C4C=CC=CC4=C3,[O-]c1nc(SCCN2CCNCC2)cc(-c2ccc3ccccc3c2)n1,-8.9,2.3677,0.553178304034908,2.780677441511612,365.482,1,6,5,64.11000000000001,4,26,0.18925676,0.07449957,True,0.3521056944969272,docking_results_3_26.csv,0.04111485,0.02346161,0.1840583,0.056771755,0.103709474,0.025666527,0.026639193,0.18925676,0.049087357,0.03879259,0.071503215,0.083933234,True,2.3677,2.3677
30,CN(CC1=CC=C(N)C=C1)C2=NC=CC3=C(CCNC3=O)C=CC=C2,CN(Cc1ccc(N)cc1)c1ccccc2c(ccn1)C(=O)NCC2,-8.9,2.7105000000000006,0.8468180571992826,2.755794691711385,334.42300000000006,2,4,3,71.25,3,25,0.21373552,0.05099407,True,0.3487655445226542,docking_results_3_14.csv,0.028319618,0.008371078,0.21373552,0.032593742,0.09725436,0.014896634,0.012614242,0.084578104,0.020446626,0.021270717,0.05667623,0.021171987,True,2.7105000000000006,2.710500000000001
217,CN(CC1=CC=CC2=CC=CC=C12)C3=CC=C(C=N3)C(=O)N4CCC4,CN(Cc1cccc2ccccc12)c1ccc(C(=O)N2CCC2)cn1,-8.9,3.717100000000003,0.7309891309633312,2.0518108515612585,331.41900000000015,0,3,4,36.440000000000005,4,25,0.22283426,0.088214345,True,0.22189887860171,docking_results_3_13.csv,0.034763567,0.017513331,0.22283426,0.07986332,0.13699658,0.035330825,0.031698868,0.18337217,0.04477839,0.051497452,0.15750307,0.062420245,True,3.717100000000003,3.717100000000003
142,O[C@H1](C=1C=CSC=1)C2=CC=C3C=CC4=C(CCNC4=O)C3=C2,O=C1NCCc2c1ccc1ccc([C@H](O)c3ccsc3)cc21,-8.9,3.2689000000000012,0.7631073972661493,3.0489216204138074,309.39000000000004,2,3,2,49.33,4,22,0.22747332,0.09508449,True,0.2895434466815744,docking_results_3_24.csv,0.049042918,0.025163526,0.19584145,0.08505467,0.1412291,0.039964568,0.030947268,0.19248615,0.032291662,0.043377746,0.22747332,0.07814147,True,3.2689000000000012,3.268900000000001
250,CC(C)CS(=O)(=O)C1=CC=C(C=C1)C=C2C=C3C=CN(C)C(=O)C3=CC2,CC(C)CS(=O)(=O)c1ccc(C=C2C=c3ccn(C)c(=O)c3=CC2)cc1,-8.9,1.8633,0.8266629547191198,3.241235258694429,369.48600000000016,0,3,4,56.14,3,26,0.22789007,0.081951484,True,0.307878072002598,docking_results_3_14.csv,0.03981581,0.025087211,0.04838703,0.07107882,0.15358447,0.053312156,0.0339451,0.1983877,0.021341266,0.05771608,0.22789007,0.05287211,True,1.8633,1.8633
135,CCC1=NC(C(=O)NC2CCC(CO)CC2)=C(C)N1C3=CC=C4C=CC=CC4=N3,CCc1nc(C(=O)NC2CCC(CO)CC2)c(C)n1-c1ccc2ccccc2n1,-8.9,3.5722200000000024,0.6955880695057656,2.543442864060614,392.50300000000004,2,4,5,80.04,4,29,0.2338731,0.07683762,True,0.2436651008666842,docking_results_3_6.csv,0.025000965,0.011954979,0.2338731,0.07593943,0.081085615,0.020910576,0.022793755,0.17385475,0.032945514,0.042785466,0.13183962,0.06906763,True,3.5722200000000024,3.5722200000000024
124,C1C(C)[C@@H1](N)[C@H1]1OC2=CC=C3C=CC4=C(CCNC4=O)C3=C2,CC1C[C@H](Oc2ccc3ccc4c(c3c2)CCNC4=O)[C@@H]1N,-8.9,2.2401999999999997,0.8930410166592204,3.6941778506738245,296.37,2,3,2,64.35,4,22,0.2339609,0.109090276,True,0.3459124800478252,docking_results_3_27.csv,0.061002556,0.03191856,0.2339609,0.10916549,0.13904166,0.04219553,0.032157045,0.21938097,0.04551843,0.046769686,0.22743629,0.12053616,True,2.2401999999999997,2.2402
95,O=C(C1CC1)N2CCC(=CC2)C3=CC=C4C=CC=CC4=C3,O=C(C1CC1)N1CC=C(c2ccc3ccccc3c2)CC1,-8.9,3.8655000000000035,0.8158099292403845,2.0860537087045543,277.3670000000001,0,1,2,20.310000000000002,4,21,0.24556907,0.10665876,True,0.2008561100936731,docking_results_3_8.csv,0.06449965,0.043843925,0.09954704,0.098574094,0.18309712,0.06821088,0.05206586,0.24556907,0.049198486,0.074444085,0.20326759,0.097587354,True,3.8655000000000035,3.865500000000004
62,CC1=CC=C(C=C1OCC(N)=O)C2=CC=C3C=CC=CC3=C2,Cc1ccc(-c2ccc3ccccc3c2)cc1OCC(N)=O,-8.9,3.6793200000000015,0.7968810112330522,1.7795409396043382,291.35,1,2,4,52.32,3,22,0.24877053,0.078247376,True,0.227486810401654,docking_results_3_7.csv,0.04815648,0.021279128,0.24877053,0.041194614,0.17815891,0.03475344,0.027878255,0.12937605,0.041301195,0.037072513,0.09381909,0.03720825,True,3.6793200000000015,3.6793200000000015
64,C1CNC(C2=CC=C(C=C2)C3=CC=CC=C3)=C(C#N)C(=O)[NH1]C1=O,N#CC1=C(c2ccc(-c3ccccc3)cc2)NCCC(=O)NC1=O,-8.9,2.224379999999999,0.8322098917003588,2.432384643454901,317.34800000000007,2,4,2,81.99000000000001,3,24,0.2524373,0.10123226,True,0.3448784060244322,docking_results_3_15.csv,0.056686312,0.03970844,0.19198221,0.057728775,0.14363305,0.0474132,0.046390902,0.2524373,0.06255992,0.062061135,0.153038,0.101148024,True,2.224379999999999,2.224379999999999
55,CC1=C(C=CC=C1C2=CC3=CC=C(O)C=C3O2)C(=O)NCC4NCCCNCC4,Cc1c(C(=O)NCC2CCNCCCN2)cccc1-c1cc2ccc(O)cc2o1,-8.9,3.18522,0.5469666255857657,3.0708482122208043,393.4870000000002,4,5,4,86.53,4,29,0.26085216,0.10563802,True,0.3013561059003576,docking_results_3_19.csv,0.05001682,0.029012496,0.26085216,0.07814669,0.1430691,0.041357316,0.0318038,0.2433542,0.058587264,0.051495895,0.16849437,0.111466,True,3.18522,3.18522
122,N#CC1=C(N)N=CN=C1N2CCC(CC2)C3=CC=CC4=CC=CC=C34,N#Cc1c(N)ncnc1N1CCC(c2cccc3ccccc23)CC1,-8.9,3.4676800000000023,0.7785971530030594,2.352642174005938,329.40700000000004,1,5,2,78.83,4,25,0.26971236,0.09569477,True,0.2596913700399408,docking_results_3_11.csv,0.03921603,0.022167964,0.26971236,0.09173218,0.111823976,0.032058895,0.03381932,0.20805013,0.054711428,0.05304731,0.1396101,0.09238768,True,3.4676800000000023,3.4676800000000023
140,CCNC1=CC=CC(=C1)C2=CC=CC=C2CN=C(N)N=CN3CCOCC3,CCNc1cccc(-c2ccccc2CN=C(N)N=CN2CCOCC2)c1,-8.9,2.9606000000000012,0.6095640200982629,2.8893265460639235,365.48100000000017,2,3,6,75.24,3,27,0.28068393,0.08474827,True,0.3288400200511683,docking_results_3_11.csv,0.030944908,0.015498132,0.28068393,0.05838802,0.10762568,0.02697891,0.02731578,0.19118202,0.046938587,0.050382964,0.11632715,0.06471306,True,2.9606000000000012,2.960600000000001
118,C1C[C@@H1](CC1C2=CC=CC=C2)N(C)C(=O)NC3=CC=CC4=C(C=NN=C34)OC=O,CN(C(=O)Nc1cccc2c(OC=O)cnnc12)[C@H]1CCC(c2ccccc2)C1,-8.9,3.9650000000000025,0.6666686896493021,3.4872624830011976,390.44300000000015,1,5,5,84.42000000000002,4,29,0.28650698,0.123250395,True,0.1877702357658862,docking_results_3_19.csv,0.038446575,0.024265511,0.28650698,0.108649656,0.16248271,0.05096853,0.04220891,0.26144192,0.06829969,0.071584776,0.25594336,0.10820614,True,3.9650000000000025,3.9650000000000025
14,[NH3+1][C@@H1]1C=C[C@@H1](C[C@@H1]1C2=CC=C(\C)C=C2)C3=CC=CC(O)=C3C,Cc1ccc([C@H]2C[C@@H](c3cccc(O)c3C)C=C[C@H]2[NH3+])cc1,-8.9,3.4468400000000017,0.8188995845111423,3.9412481094473115,294.41800000000006,2,1,2,47.870000000000005,3,22,0.28881273,0.07320664,True,0.2628842718070951,docking_results_3_2.csv,0.02500028,0.009534869,0.05500971,0.08028522,0.16077684,0.040033128,0.020340642,0.12068078,0.009916601,0.04266061,0.28881273,0.025428277,True,3.4468400000000017,3.4468400000000017
226,O=CN1CCC[C@@H1]1C(=O)NC2=CC=C3C=CC4=C(CCNC4=O)C3=C2,O=CN1CCC[C@@H]1C(=O)Nc1ccc2ccc3c(c2c1)CCNC3=O,-8.9,1.6849999999999996,0.8367152027062474,3.1144254609421553,337.3790000000001,2,3,3,78.51,4,25,0.29346856,0.1095799,True,0.28279237913741,docking_results_3_29.csv,0.071821176,0.054080203,0.1720975,0.070587024,0.12597631,0.04819152,0.04526695,0.29346856,0.068480134,0.05682309,0.14921147,0.15895483,True,1.6849999999999996,1.6849999999999996
128,C[C@@H1](SC1=NN=CN1C)C2=CC=C3C=CC4=C(CCNC4=O)C3=C2,C[C@@H](Sc1nncn1C)c1ccc2ccc3c(c2c1)CCNC3=O,-8.9,3.107500000000001,0.7456186414142901,3.1745278481535237,338.4360000000001,1,4,3,59.81,4,24,0.29616252,0.110405646,True,0.3116661716425244,docking_results_3_25.csv,0.039270893,0.024176419,0.29616252,0.11227697,0.09872122,0.033333864,0.035783295,0.24956831,0.051238272,0.05908542,0.20302963,0.12222103,True,3.107500000000001,3.107500000000001
176,CCC(=O)NC1=CC(=CN=C1O[C@@H1]2C[C@H1](C2)N3C=C4C=C(C(N)=O)C=CC4=N3)C5CC5,CCC(=O)Nc1cc(C2CC2)cnc1O[C@H]1C[C@H](n2cc3cc(C(N)=O)ccc3n2)C1,-8.9,3.5386000000000015,0.6082669508724188,2.951766303071894,419.4850000000002,2,5,7,112.13000000000001,5,31,0.30469683,0.13439564,True,0.2488097836668719,docking_results_3_2.csv,0.07223234,0.050663285,0.30469683,0.104178116,0.15850112,0.057817258,0.04403301,0.28875512,0.08194312,0.06323212,0.2256035,0.16109203,True,3.5386000000000015,3.538600000000001
44,CC1=N[NH1]C(C2=CC=C(C=N2)C3=CC=C4CNC(=O)N(C)C4=C3)=N1,Cc1n[nH]c(-c2ccc(-c3ccc4c(c3)N(C)C(=O)NC4)cn2)n1,-8.9,2.50152,0.7593074506342381,2.9569532053278103,320.35600000000005,2,4,2,86.8,4,24,0.31737843,0.07687842,True,0.3543105978992918,docking_results_3_27.csv,0.04450945,0.020780738,0.31737843,0.050135158,0.087456465,0.018638497,0.019574765,0.15719979,0.04765112,0.026298754,0.058805708,0.07411223,True,2.50152,2.50152
153,OC1=CC(F)=CC=C1C2=CC=C3C=C(CCC3=N2)C(=O)NC4CCCNC4,O=C(NC1CCCNC1)C1=Cc2ccc(-c3ccc(F)cc3O)nc2CC1,-8.9,2.7911,0.7799308336577389,3.321415423289924,367.42400000000015,3,4,3,74.25,4,27,0.33007413,0.13145219,True,0.3438120114528139,docking_results_3_11.csv,0.051618204,0.03889651,0.25798148,0.11111507,0.120778136,0.049772423,0.049359046,0.33007413,0.07649846,0.0807712,0.22967617,0.1808855,True,2.7911,2.7911
177,N/C(=[NH1+1]/C1=CC=C(C=C1)C2=CC=CC=3CCCOC2=3)CC=CC=C,C=CC=CC/C(N)=[NH+]\c1ccc(-c2cccc3c2OCCC3)cc1,-8.9,2.880200000000001,0.5056762363872572,3.5763644523416662,319.428,2,1,5,49.22,3,24,0.33201507,0.11682633,True,0.3366647112407122,docking_results_3_6.csv,0.035742152,0.032040063,0.25736156,0.06920341,0.10271792,0.045600478,0.053341907,0.33201507,0.07051466,0.104938455,0.1763989,0.12204131,True,2.880200000000001,2.880200000000001
222,O=C1CC[C@@H1](C=C1CC(=O)NC2=CC=C3OCOC3=C2)N4C=C(C=N4)C(F)(F)F,O=C(CC1=C[C@@H](n2cc(C(F)(F)F)cn2)CCC1=O)Nc1ccc2c(c1)OCO2,-8.9,3.4898000000000016,0.8391651038895206,3.466977185686363,407.348,1,5,4,82.45,4,29,0.33934462,0.1242327,True,0.2562976301185749,docking_results_3_0.csv,0.0548717,0.04764335,0.18316053,0.10945003,0.09314334,0.04776179,0.054647848,0.33934462,0.06516087,0.082275294,0.2231487,0.19018419,True,3.4898000000000016,3.4898000000000016
239,CCCNC(=O)C1=CC=C(C=C1)C2=CC=C3C4=C(CCNC4=O)C=CC3=C2,CCCNC(=O)c1ccc(-c2ccc3c4c(ccc3c2)CCNC4=O)cc1,-8.9,3.9325000000000028,0.7422869791960555,2.2189360210096183,358.4410000000001,2,2,4,58.2,4,27,0.34179652,0.12974226,True,0.1919422981764578,docking_results_3_16.csv,0.055215232,0.033290017,0.34179652,0.09186698,0.1860862,0.05611488,0.03830797,0.25978675,0.06500534,0.05917043,0.26121905,0.10904785,True,3.9325000000000028,3.9325000000000023
150,CCC1=NN(C(=O)C2=CC=CC=C2N1C(=O)CC#N)C=C3C=CC=CC3=O,CCC1=NN(C=C2C=CC=CC2=O)C(=O)c2ccccc2N1C(=O)CC#N,-8.9,2.691580000000001,0.7746217401793343,3.4482921561700053,360.37300000000005,0,5,3,93.84,3,27,0.34190717,0.07903954,True,0.3497088762563823,docking_results_3_7.csv,0.02381371,0.02580943,0.10050706,0.033190623,0.042405307,0.022830443,0.035103362,0.34190717,0.03885047,0.06584282,0.099109106,0.11910496,True,2.691580000000001,2.691580000000001
13,C[C@H1](CCl)C(=O)[C@H1]1CC[C@@](C1)C2=CN=C(C=C2C=3N=N[NH1]N=3)C4=CC=C(C=C4)C#N,C[C@H](CCl)C(=O)[C@H]1CC[C](c2cnc(-c3ccc(C#N)cc3)cc2-c2nn[nH]n2)C1,-8.9,3.9670700000000023,0.6053621554591907,3.920403104568278,419.8960000000001,1,6,6,108.21000000000001,4,30,0.34445027,0.15544821,True,0.187508015952446,docking_results_3_5.csv,0.073860876,0.06410939,0.23300001,0.170134,0.16373236,0.07652862,0.06134991,0.34445027,0.098140016,0.09116299,0.27161866,0.21729161,True,3.9670700000000023,3.9670700000000014
187,C[C@H1]1C[C@@H1]1C2=CC=C(C=C2)C3=C(O)C=C4CC(=O)NC(=O)C43,C[C@H]1C[C@@H]1c1ccc(C2=C(O)C=C3CC(=O)NC(=O)C32)cc1,-8.9,2.6818,0.8243713275049206,3.960494190072132,295.338,2,3,2,66.4,4,22,0.3507145,0.12868969,True,0.3501629673430212,docking_results_3_3.csv,0.09925231,0.081823006,0.047035668,0.08670524,0.17329447,0.09301017,0.04431356,0.3507145,0.03108335,0.076103926,0.3255971,0.1353429,True,2.6818,2.6818
212,COC1=CC(C)=CC2=C1C=CC=C3C4=C(CCNC4=O)C=CC3=C2,COc1cc(C)cc2c1C=CC=c1c3c(ccc1=C2)CCNC3=O,-8.9,1.9256199999999999,0.8726517717473815,3.2981786233880115,317.38800000000003,1,2,1,38.33,4,24,0.3509468,0.13735701,True,0.3158253501280592,docking_results_3_23.csv,0.040743567,0.027992114,0.3509468,0.11129808,0.11417191,0.044169955,0.035104576,0.32836655,0.0471843,0.07228047,0.33461833,0.14140739,True,1.9256199999999999,1.92562
141,CCC1=CC=CC2=C1C=CC=C3C4=C(CCNC4=O)C=CC3=C2,CCc1cccc2c1C=CC=c1c3c(ccc1=C2)CCNC3=O,-8.9,2.1710000000000003,0.8592001572053127,3.287034147256268,301.38899999999995,1,1,1,29.1,4,23,0.36982143,0.13899563,True,0.3409781582479723,docking_results_3_23.csv,0.05066042,0.037379578,0.2509583,0.1188618,0.14425182,0.060123473,0.03834014,0.33926028,0.042139173,0.07806903,0.36982143,0.13808213,True,2.1710000000000003,2.1710000000000003
106,CC1=CC=CC2=C1C=CC=C3C4=C(CCNC4=O)C=CC3=C2,Cc1cccc2c1C=CC=c1c3c(ccc1=C2)CCNC3=O,-8.9,1.91702,0.7878334885625752,3.2700291264175254,287.36199999999997,1,1,0,29.1,4,22,0.37538105,0.14853738,True,0.3147600460039068,docking_results_3_23.csv,0.051486276,0.038889255,0.29504105,0.12475728,0.15004301,0.06233149,0.04239203,0.35451064,0.0518037,0.08279714,0.37538105,0.15301555,True,1.91702,1.91702
256,CCC=1N=CN(C)C=1C2=CC=C3C4=C(CCNC4=O)C=CC3=C2C,CCc1ncn(C)c1-c1ccc2c3c(ccc2c1C)CCNC3=O,-8.9,3.397020000000002,0.7867708734802951,2.953433030234363,319.408,1,2,2,46.92,4,24,0.37547255,0.104180425,True,0.270482217790385,docking_results_3_19.csv,0.029912477,0.015317901,0.37547255,0.10105228,0.07374456,0.021879707,0.024136284,0.22285742,0.036878128,0.046053044,0.20017919,0.10268154,True,3.397020000000002,3.397020000000002
17,CC1=CC=CC=C1C2=CC=C3C=CC4=C(CCNC4=O)C3=N2,Cc1ccccc1-c1ccc2ccc3c(c2n1)CCNC3=O,-8.9,3.496120000000002,0.7444129054343842,2.3224372994944495,288.35,1,2,1,41.99,4,22,0.38733944,0.11416963,True,0.2553275596761499,docking_results_3_27.csv,0.04428923,0.02318953,0.38733944,0.093834914,0.13606334,0.035506736,0.03123591,0.21826017,0.05282039,0.04821609,0.20458648,0.094693154,True,3.496120000000002,3.496120000000002
56,COC1=CC=CC=C1C2=CC=C3C4=C(CCNC4=O)C(=O)OC3=C2,COc1ccccc1-c1ccc2c3c(c(=O)oc2c1)CCNC3=O,-8.9,2.7545,0.7370016671445284,2.408523104993362,321.33200000000005,1,4,2,68.53999999999999,4,24,0.39194655,0.115265705,True,0.3462461816312688,docking_results_3_16.csv,0.05388205,0.03073493,0.39194655,0.07634253,0.136455,0.03740709,0.033810414,0.22791573,0.063916706,0.04548344,0.17569546,0.10959855,True,2.7545,2.7545
247,CCCNC=1COC2=CC=C(C=C2)C=1C3=NN=C4CC(=O)[NH1]C5=CC=CC=C5N43,CCCNC1=C(c2nnc3n2-c2ccccc2NC(=O)C3)c2ccc(cc2)OC1,-8.9,2.9133000000000004,0.719481319683462,3.7788100072416633,387.4430000000001,2,5,4,81.07,6,29,0.4046999,0.11638712,True,0.3335931175348341,docking_results_3_10.csv,0.034408852,0.021313613,0.4046999,0.08404948,0.090153545,0.026672373,0.030747332,0.27160418,0.062913366,0.049517058,0.18230183,0.13826382,True,2.9133000000000004,2.9133000000000004
227,N#C/C(=C/C1=CC=CC(CN2CCCC2)=C1)C3=NC4=CC=CC=C4[NH1]C3=O,N#C/C(=C/c1cccc(CN2CCCC2)c1)c1nc2ccccc2[nH]c1=O,-8.9,3.5830800000000016,0.7253141464101149,2.3951941215264334,356.429,1,4,4,72.78,4,27,0.4053963,0.15474735,True,0.2420078792166301,docking_results_3_22.csv,0.03659756,0.03841813,0.24977694,0.13628711,0.13092592,0.066456124,0.07065435,0.4053963,0.10948217,0.12661058,0.28304642,0.20331647,True,3.5830800000000016,3.5830800000000016
26,N#C/C(=C/C1=CC=CC=C1C(=O)N2CCNCC2)C3=CC=C4C=CC=CC4=C3,N#C/C(=C/c1ccccc1C(=O)N1CCNCC1)c1ccc2ccccc2c1,-8.9,3.949380000000003,0.5632831530528662,2.3410874696157578,367.452,1,3,3,56.13,4,28,0.40900168,0.16168107,True,0.1897625542771653,docking_results_3_23.csv,0.047022954,0.050982956,0.20105003,0.1251782,0.1861302,0.0920543,0.080578275,0.40900168,0.109856926,0.13152531,0.31638172,0.19041029,True,3.949380000000003,3.949380000000003
52,COCCN1C=C(C=N1)C2=CC=C3C4=C(CCNC4=O)C=CC3=C2,COCCn1cc(-c2ccc3c4c(ccc3c2)CCNC4=O)cn1,-8.9,2.6356,0.8035414937103262,2.560064672121886,321.38,1,3,4,56.15,4,24,0.41215116,0.1285502,True,0.3519948239093698,docking_results_3_24.csv,0.05277774,0.031460978,0.41215116,0.10896034,0.13060524,0.040233135,0.036451504,0.2597962,0.07464533,0.05565608,0.19946145,0.14040324,True,2.6356,2.6356
232,COC1=CC=C(C=C1C2=CC=C3C=CC4=C(CCNC4=O)C3=C2C)C=O,COc1ccc(C=O)cc1-c1ccc2ccc3c(c2c1C)CCNC3=O,-8.9,3.922220000000003,0.7321036546500626,2.6037741880083605,345.39800000000014,1,3,3,55.4,4,26,0.41299754,0.14818852,True,0.1932831318350571,docking_results_3_22.csv,0.048937913,0.03326575,0.41299754,0.11722482,0.1564781,0.054140348,0.040465567,0.30884942,0.06758152,0.06817189,0.32495773,0.14519162,True,3.922220000000003,3.922220000000003
76,CC1=CC=CN2C(=NN=C12)C3=CC4=CC=CC=C4C(=O)[NH1]3,Cc1cccn2c(-c3cc4ccccc4c(=O)[nH]3)nnc12,-8.9,2.54622,0.580838150312468,2.4684572395998874,276.29900000000004,1,3,1,63.050000000000004,4,21,0.41992062,0.09381202,True,0.3540407094904746,docking_results_3_12.csv,0.036198873,0.016655361,0.41992062,0.067021094,0.11212606,0.022340512,0.021887254,0.16611291,0.055042904,0.03091632,0.10542829,0.072094,True,2.54622,2.54622
164,O=C(CCNC1=CC=CC=C1)NC2=CC=C3C=CC4=C(CCNC4=O)C3=C2,O=C(CCNc1ccccc1)Nc1ccc2ccc3c(c2c1)CCNC3=O,-8.9,3.5664000000000016,0.6522255410613509,2.221111161448537,359.42900000000014,3,3,5,70.23,4,27,0.42307955,0.15235598,True,0.2445542827397607,docking_results_3_16.csv,0.047000915,0.032627393,0.42307955,0.10632574,0.1846646,0.06166084,0.049645066,0.3127203,0.09000395,0.08355882,0.30129173,0.13569303,True,3.5664000000000016,3.5664000000000016
118,CC1=NC=CC=C1C2=CC=C3C=CC4=C(CCNC4=O)C3=N2,Cc1ncccc1-c1ccc2ccc3c(c2n1)CCNC3=O,-8.9,2.891120000000001,0.7491481024434621,2.544122876417525,289.338,1,3,1,54.88,4,22,0.42870456,0.10776588,True,0.335675291776653,docking_results_3_27.csv,0.05062201,0.025901414,0.42870456,0.08309963,0.10857513,0.02832276,0.028482916,0.20396498,0.059613585,0.041605912,0.13216273,0.102134936,True,2.891120000000001,2.891120000000001
226,CC1=C(C=CC=C1C2=CC=C3C=C(O)C(C)=CC3=C2)C(=O)NCCNC,CNCCNC(=O)c1cccc(-c2ccc3cc(O)c(C)cc3c2)c1C,-8.9,3.7784400000000025,0.6150854220123744,2.233892924658603,348.4460000000001,3,3,5,61.36,3,26,0.43275863,0.16805889,True,0.2130078200505719,docking_results_3_26.csv,0.038074866,0.02595682,0.43275863,0.1350311,0.21657835,0.07389694,0.044952895,0.3273039,0.08095595,0.0905562,0.41887036,0.13177069,True,3.7784400000000025,3.7784400000000025
236,CC1OC=C2C=CC=C(C3=CC4=CC=C(C(=O)O)C=C4O3)C2=N1,CC1N=c2c(-c3cc4ccc(C(=O)O)cc4o3)cccc2=CO1,-8.9,2.5318000000000005,0.7894295926090192,3.533512074662424,307.30500000000006,1,4,2,72.03,4,23,0.44808125,0.14819624,True,0.3541829606920137,docking_results_3_2.csv,0.06257381,0.04225892,0.44808125,0.089913204,0.18955407,0.05936922,0.044040147,0.28646842,0.08920211,0.05842132,0.26642734,0.14204504,True,2.5318000000000005,2.5318000000000005
42,COC=C1C=CN2C(=O)C(=O)[NH1]C(=O)C2=C1C3=CC=C4C=CC=CC4=C3,COC=C1C=CN2C(=O)C(=O)NC(=O)C2=C1c1ccc2ccccc2c1,-8.9,2.0934999999999997,0.5132468476371095,3.1075047493389203,346.34200000000004,1,4,2,75.71000000000001,4,26,0.45887458,0.15259613,True,0.3342416866736993,docking_results_3_24.csv,0.04056017,0.04580621,0.2514145,0.07640757,0.12710121,0.060211796,0.055678114,0.45887458,0.08415006,0.095994405,0.32925797,0.20569703,True,2.0934999999999997,2.0935
256,CCN(C1=CC=C2N=C(N)N=C(N)C2=C1)S(=O)(=O)C3=CC=CC4=CC=CC=C34,CCN(c1ccc2nc(N)nc(N)c2c1)S(=O)(=O)c1cccc2ccccc12,-8.9,3.162600000000001,0.5501943452546026,2.342666161994698,393.4720000000001,2,6,4,115.19999999999999,4,28,0.46000108,0.17930691,True,0.3044301419609717,docking_results_3_12.csv,0.034262102,0.027766503,0.46000108,0.15658914,0.1945399,0.06810411,0.05127725,0.36587897,0.10102076,0.08798699,0.43292645,0.17132972,True,3.162600000000001,3.162600000000001
72,CC=1N=NSC=1C2=CC=C3C=CC4=C(CCNC4=O)C3=C2,Cc1nnsc1-c1ccc2ccc3c(c2c1)CCNC3=O,-8.9,2.9526200000000014,0.7506877713162774,2.7530660668382225,295.367,1,4,1,54.88,4,21,0.465011,0.14493875,True,0.3296708802320217,docking_results_3_23.csv,0.05842063,0.04090996,0.465011,0.11903868,0.11740322,0.041436978,0.04074314,0.3124679,0.08740277,0.06095274,0.20656966,0.18890819,True,2.9526200000000014,2.9526200000000014
104,O=C1CCC(C2=CN=CN=C2)=NN1C3=CC=CC4=CC=CC=C34,O=C1CCC(c2cncnc2)=NN1c1cccc2ccccc12,-8.9,3.1609000000000016,0.7303255515546293,2.457680044467047,302.33700000000005,0,4,2,58.45,4,23,0.47848758,0.119354516,True,0.3046588637764598,docking_results_3_12.csv,0.038970232,0.021086767,0.47848758,0.09009866,0.12543818,0.031583708,0.03293101,0.22267142,0.07589641,0.051458716,0.1610346,0.10259693,True,3.1609000000000016,3.1609000000000016
137,COC1=CC=C(C=N1)C2=CC=C3C4=C(CCNC4=O)C=CC3=C2C,COc1ccc(-c2ccc3c4c(ccc3c2C)CCNC4=O)cn1,-8.9,3.5047200000000025,0.7865332049595963,2.5267050447926955,318.37600000000003,1,3,2,51.22,4,24,0.48134094,0.13161759,True,0.2540074654739949,docking_results_3_20.csv,0.042795826,0.023754014,0.48134094,0.10633221,0.13095143,0.037293054,0.031328272,0.2501729,0.062943995,0.053169023,0.24203657,0.117292926,True,3.5047200000000025,3.5047200000000025
211,COC=CC(C=CC1=CC=C2C3=C(CCNC3=O)C=CC2=C1C)=N,COC=CC(=N)C=Cc1ccc2c3c(ccc2c1C)CCNC3=O,-8.9,3.6271900000000015,0.6673353061334033,3.315495699917621,320.392,2,3,4,62.18,3,24,0.4924212,0.17591374,True,0.2353099703885416,docking_results_3_15.csv,0.041061025,0.049556345,0.29461822,0.113812454,0.12697272,0.07648875,0.07211599,0.4924212,0.10078849,0.1549332,0.35852307,0.22967333,True,3.6271900000000015,3.6271900000000015
240,CC1C=NC(NC(=O)C2=CC=C(F)C=C2)=NC(=NC1)CC3=CC=CC=C3,CC1C=NC(NC(=O)c2ccc(F)cc2)=NC(Cc2ccccc2)=NC1,-8.8,3.273200000000002,0.9069758462013322,3.33131779115225,350.3970000000001,1,4,3,66.18,3,26,0.08340848,0.032597717,True,0.2488402154583225,docking_results_3_10.csv,0.025149452,0.007912837,0.06744216,0.019761184,0.08340848,0.012477661,0.01221858,0.07389311,0.011054194,0.016993018,0.044900715,0.015961196,True,3.273200000000002,3.273200000000002
211,O=C(C[C@H1](N)C1=CC=C(Cl)C=C1)N2CCN(CC2)C3=NC=C4C=CC=CC4=N3,N[C@@H](CC(=O)N1CCN(c2ncc3ccccc3n2)CC1)c1ccc(Cl)cc1,-8.8,3.0219000000000014,0.7344501966389109,2.663613179684585,395.8940000000001,1,5,4,75.35000000000001,4,28,0.10400759,0.04179868,True,0.2774070031505968,docking_results_3_5.csv,0.03481775,0.0143558895,0.09564157,0.032302547,0.07577759,0.014392755,0.016809745,0.10400759,0.020891028,0.023271736,0.035130676,0.03418526,True,3.0219000000000014,3.0219000000000014
126,O=C(CCC1=CC=C(C=C1)C2CCNC2)N3C=NC4=CC=CC=C34,O=C(CCc1ccc(C2CCNC2)cc1)n1cnc2ccccc21,-8.8,3.3862000000000014,0.8016797499654211,2.7658780200881417,319.408,1,3,4,46.92,4,24,0.10427108,0.049364958,True,0.2343731643494778,docking_results_3_2.csv,0.033060964,0.012786877,0.10427108,0.044303875,0.10307381,0.020599853,0.019099565,0.103640005,0.01996418,0.028632184,0.07236378,0.030583305,True,3.3862000000000014,3.386200000000001
7,CS(=O)(=O)C1=CC=CN=C1N2CCC(CC2)NC3=CC=C4C=CC=CC4=C3,CS(=O)(=O)c1cccnc1N1CCC(Nc2ccc3ccccc3c2)CC1,-8.8,3.7192000000000025,0.7462613574933945,2.2443366127255953,381.5010000000001,1,5,4,62.300000000000004,4,27,0.11561969,0.054694716,True,0.1908508443871028,docking_results_3_9.csv,0.031294335,0.012624324,0.11217309,0.048947494,0.11188096,0.022541763,0.020136863,0.11561969,0.020416263,0.029840939,0.09766733,0.03319354,True,3.7192000000000025,3.7192000000000025
85,CC=1C=C(C2=CC=CC=C2)C(=O)NC=1NC(=O)CCCN3CCN(CC3)C4=CC=CC=C4,Cc1cc(-c2ccccc2)c(=O)[nH]c1NC(=O)CCCN1CCN(c2ccccc2)CC1,-8.8,3.8912200000000023,0.5967522233089486,2.3291076481031325,430.55200000000025,2,4,7,68.44,4,32,0.13304442,0.054848384,True,0.1700041218335412,docking_results_3_2.csv,0.0314166,0.01401638,0.12137575,0.04313927,0.099340685,0.0218624,0.022129437,0.13304442,0.028824197,0.034948315,0.068067744,0.040015463,True,3.8912200000000023,3.8912200000000015
48,CC(=O)NC1=CC=C(Cl)C(=C1)C2=CC=C(C=C2)C(N3)NCCC3,CC(=O)Nc1ccc(Cl)c(-c2ccc(C3NCCCN3)cc2)c1,-8.8,3.546900000000001,0.8069048936818428,2.3365292834633458,329.8310000000001,3,3,3,53.160000000000004,3,23,0.13369933,0.055368796,True,0.2131987732714909,docking_results_3_5.csv,0.034044918,0.0135407075,0.13369933,0.042042397,0.1001908,0.019795524,0.017180879,0.131791,0.02309962,0.02812771,0.07928509,0.041627515,True,3.546900000000001,3.546900000000001
39,CCC1CN(CC)C(=O)C1C2=CC=C3C=CC4=C(CCNC4=O)C3=C2,CCC1CN(CC)C(=O)C1c1ccc2ccc3c(c2c1)CCNC3=O,-8.8,3.0976000000000017,0.9362194481853418,3.5881744902738566,336.43500000000006,1,2,3,49.410000000000004,4,25,0.13435322,0.053794175,True,0.2695152402859986,docking_results_3_28.csv,0.03435467,0.014610493,0.09305108,0.052752595,0.07835335,0.020234933,0.020155333,0.13435322,0.018079914,0.0321344,0.1010851,0.04636505,True,3.0976000000000017,3.0976000000000017
156,O=C(C1=CC=C(C=C1)C2=CC=CC=C2)N3C4CCC3CN(C4)C=O,O=CN1CC2CCC(C1)N2C(=O)c1ccc(-c2ccccc2)cc1,-8.8,2.798800000000001,0.8160724348146856,3.704545729147765,320.3920000000001,0,2,3,40.620000000000005,4,24,0.14698006,0.06323276,True,0.2956433584036614,docking_results_3_16.csv,0.050945323,0.02527784,0.072623454,0.047274828,0.14372773,0.0356983,0.030300073,0.14698006,0.02949772,0.038729876,0.09097601,0.04676185,True,2.798800000000001,2.798800000000001
72,O=C(CCN1CCCC1)C2=CC=C3C=CC4=C(CCNC4=O)C3=C2,O=C(CCN1CCCC1)c1ccc2ccc3c(c2c1)CCNC3=O,-8.8,2.7943000000000007,0.8807439315547284,2.3621378589350748,322.408,1,3,4,49.410000000000004,4,24,0.15249577,0.04887685,True,0.2959217218893195,docking_results_3_26.csv,0.039453045,0.020576928,0.07499355,0.036285505,0.065406896,0.017642008,0.019078422,0.15249577,0.020291386,0.027345678,0.056118064,0.056834966,True,2.7943000000000007,2.7943000000000007
150,O=C(NCCCC(=O)O)C1=CC=C2C=CC3=C(CCNC3=O)C2=C1,O=C(O)CCCNC(=O)c1ccc2ccc3c(c2c1)CCNC3=O,-8.8,1.7203000000000002,0.7291102642550733,2.2728864238995214,326.3520000000001,3,3,5,95.5,3,24,0.15610686,0.054295678,True,0.2480264266850896,docking_results_3_23.csv,0.050077897,0.028790439,0.090487905,0.021254696,0.095203154,0.024325013,0.023443311,0.15610686,0.031017797,0.027394345,0.049965996,0.053480763,True,1.7203000000000002,1.7203000000000002
61,O=C(CC(=O)N1CCC2=CC=CC=C2C1)NC3=NC4=CC=CC=C4O3,O=C(CC(=O)N1CCc2ccccc2C1)Nc1nc2ccccc2o1,-8.8,2.7413000000000007,0.7468923563786275,2.265491067578118,335.36300000000006,1,4,3,75.44,4,25,0.16025478,0.06610047,True,0.2989054807011202,docking_results_3_20.csv,0.05134619,0.02832817,0.14108203,0.040803216,0.10905443,0.027896857,0.030939445,0.16025478,0.042463563,0.038868174,0.06105657,0.061112244,True,2.7413000000000007,2.7413000000000007
175,O=C(CNC1=CC=CC=C1C(=O)O)C2=CC=C3C=CC4=C(CCNC4=O)C3=C2,O=C(CNc1ccccc1C(=O)O)c1ccc2ccc3c(c2c1)CCNC3=O,-8.8,3.1187000000000014,0.5965846323627121,2.3992352369703553,374.3960000000002,3,4,5,95.5,4,28,0.16069905,0.06233534,True,0.2671905768795965,docking_results_3_29.csv,0.051797975,0.024720866,0.16069905,0.027222767,0.112591304,0.024298051,0.020394493,0.14388141,0.028427802,0.023958707,0.08209984,0.047931854,True,3.1187000000000014,3.1187000000000014
51,CC(C)CN(CCC1=CN=CC(CC2=CN=C[NH1]2)=C1)C3C4=CC=CC=C4C(=O)C(N)=N3,CC(C)CN(CCc1cncc(Cc2cnc[nH]2)c1)C1N=C(N)C(=O)c2ccccc21,-8.8,3.1483000000000008,0.5875170958250384,3.63557064660473,416.52900000000017,2,6,8,100.26,4,31,0.1638786,0.062813684,True,0.2638466995083817,docking_results_3_8.csv,0.025712483,0.010926408,0.1638786,0.061468594,0.09056215,0.020909403,0.020039022,0.14510855,0.027121486,0.036941856,0.10447826,0.046617456,True,3.1483000000000008,3.1483000000000008
49,COC1=CC=C2[NH1]C(=CC2=C1)[C@@H1]3CCC[C@H1](C3)C(=O)N4CCCN4,COc1ccc2[nH]c([C@@H]3CCC[C@@H](C(=O)N4CCCN4)C3)cc2c1,-8.8,3.1872000000000007,0.9101224301024542,3.5633250907447156,327.42800000000005,2,3,3,57.36000000000001,4,24,0.16656196,0.07875874,True,0.2593170041393139,docking_results_3_15.csv,0.066327035,0.030715592,0.13213326,0.08155505,0.12660758,0.03461445,0.026682008,0.16656196,0.0321714,0.03746602,0.12941831,0.080852084,True,3.1872000000000007,3.1872000000000007
109,C[C@H1](OC1=CC=CC(=C1)C(O)=O)C=CC=C2C=CC3=C(CCNC3=O)C2=C,C=c1c2c(ccc1=CC=C[C@H](C)Oc1cccc(C(=O)O)c1)C(=O)NCC2,-8.8,1.8852000000000002,0.8506283661734424,3.6833029193970557,363.4130000000002,2,3,5,75.63,3,27,0.17323878,0.058725167,True,0.2676240614932855,docking_results_3_23.csv,0.04946571,0.030156,0.067921594,0.027972145,0.097636156,0.031485938,0.02818925,0.17323878,0.0244989,0.03840518,0.08708564,0.04864672,True,1.8852000000000002,1.8852
138,CCC1=CC=CC=C1C(=O)N2C=C3C=CC4=C(N=NC4=O)CC3=CC2,CCc1ccccc1C(=O)N1C=C2C=CC3=C(CC2=CC1)N=NC3=O,-8.8,3.7215000000000025,0.8289038478206407,3.449091620792027,331.3750000000001,0,3,2,62.1,4,25,0.1733978,0.038515035,True,0.1905602923627587,docking_results_3_7.csv,0.025419097,0.015971236,0.0339352,0.01741629,0.036579918,0.012454773,0.015898021,0.1733978,0.010576639,0.0258515,0.05333566,0.041344285,True,3.7215000000000025,3.7215000000000025
174,CC(C)C[C@@H1](O)C1=CC=C2C3=C(CCNC3=O)C=CC2=C1C,Cc1c([C@H](O)CC(C)C)ccc2c3c(ccc12)CCNC3=O,-8.8,3.513620000000002,0.9104880378252979,3.1311361380682836,297.398,2,2,3,49.33,3,22,0.18034351,0.060822845,True,0.2175942168459876,docking_results_3_12.csv,0.026146563,0.01022822,0.09398997,0.06625196,0.100966044,0.023705352,0.01580519,0.13022155,0.013312001,0.030567685,0.18034351,0.038336113,True,3.513620000000002,3.513620000000002
24,CCNC(NC(=O)C1=CC=C(C=C1)C2CCNCC2)=NC3=CC=CC=C3C#N,CCNC(=Nc1ccccc1C#N)NC(=O)c1ccc(C2CCNCC2)cc1,-8.8,3.0522800000000014,0.5659456244316129,2.655879339534458,375.4760000000001,3,4,4,89.31,3,28,0.18823427,0.06596756,True,0.2743284315517892,docking_results_3_14.csv,0.022415476,0.009825578,0.18823427,0.049171675,0.09034368,0.02128208,0.020315876,0.15166186,0.025349878,0.038957328,0.1307275,0.043325573,True,3.0522800000000014,3.052280000000001
204,CCN(CC(=O)C1=CC=CC=C1F)C(=O)C2=CC=C3C=CC4=C(CCNC4=O)C3=C2,CCN(CC(=O)c1ccccc1F)C(=O)c1ccc2ccc3c(c2c1)CCNC3=O,-8.8,3.6098000000000017,0.6609380283543018,2.472911317806064,404.4410000000002,1,3,5,66.48,4,30,0.19342655,0.08096252,True,0.2049351431857768,docking_results_3_14.csv,0.038694322,0.021726962,0.17092656,0.06255621,0.10782161,0.03217035,0.032312196,0.19342655,0.034988258,0.048057366,0.15878898,0.0700808,True,3.6098000000000017,3.6098000000000017
106,CC1=COC2=CC=C(C=C12)C=C3C4=CC=CC=C4S(=O)(=O)NC3=O,Cc1coc2ccc(C=C3C(=O)NS(=O)(=O)c4ccccc43)cc12,-8.8,3.1003200000000017,0.6912806475955878,2.7743696818180723,339.37200000000007,1,4,1,76.38,4,24,0.20946832,0.07901681,True,0.2692184406518972,docking_results_3_9.csv,0.03987632,0.023988368,0.10998351,0.05820873,0.11465304,0.034501787,0.030484842,0.19596265,0.023943435,0.039691277,0.20946832,0.067439444,True,3.1003200000000017,3.1003200000000017
237,CC1=NOC(C2=CC=C(C=C2)C=CC3=CCCN4N=C(N)NC34)=N1,Cc1noc(-c2ccc(C=CC3=CCCN4N=C(N)NC34)cc2)n1,-8.8,1.8493199999999994,0.895695728541242,3.822046644140146,322.372,2,7,3,92.57000000000001,4,24,0.20969611,0.06174692,True,0.2635738346566691,docking_results_3_21.csv,0.03650773,0.02332638,0.12639122,0.034618918,0.06149961,0.018109152,0.022795927,0.20969611,0.03686535,0.033977248,0.049492374,0.08768301,True,1.8493199999999994,1.8493199999999996
159,CC1(C)C(=O)NCCN1C2=CC=C(C=C2)C=C3C=CC=CC=CCCNC3=C,C=C1NCCC=CC=CC=CC1=Cc1ccc(N2CCNC(=O)C2(C)C)cc1,-8.8,3.9604000000000026,0.8223409345301035,3.793966961735868,375.5160000000002,2,3,2,44.370000000000005,3,28,0.21565926,0.05068846,True,0.1622253391601467,docking_results_3_23.csv,0.027631687,0.021683384,0.04090554,0.027156001,0.047132526,0.020559868,0.027532525,0.21565926,0.021334304,0.05534006,0.047473516,0.055852883,True,3.9604000000000026,3.9604000000000026
53,CN1C=C(CN2CCC(N)CC2)C3=CC(=CC=C13)C=CC4=CC=CC=C4OC(N)=O,Cn1cc(CN2CCC(N)CC2)c2cc(C=Cc3ccccc3OC(N)=O)ccc21,-8.8,3.729300000000002,0.6345991102109906,2.5965912062623406,404.5140000000001,2,4,5,86.50999999999999,4,30,0.21633385,0.08410257,True,0.1895769592947815,docking_results_3_6.csv,0.034466762,0.020163089,0.20401232,0.06346323,0.10130383,0.029900307,0.030064309,0.21633385,0.04568198,0.052417792,0.12963372,0.08178972,True,3.729300000000002,3.729300000000002
132,C1CN(CCC1C(N)=O)C2=CC=C(C=N2)C=CC=C3CNC(=O)CC3=C,C=C1CC(=O)NCC1=CC=Cc1ccc(N2CCC(C(N)=O)CC2)nc1,-8.8,1.799,0.8647610972321389,3.1025912358254075,352.4380000000002,2,4,4,88.32,3,26,0.22841004,0.057537694,True,0.2576761287003402,docking_results_3_21.csv,0.0449279,0.04220495,0.039222848,0.017794294,0.06854507,0.027117956,0.0332302,0.22841004,0.043790326,0.04707156,0.024038156,0.07409903,True,1.799,1.799
217,N1C(=O)[C@@H1]CC2=C([NH1]C3=CC=CC=C23)[C@@H1](NC(=O)C4=CC=CC(Cl)=C4)C1,O=C1[CH]Cc2c([nH]c3ccccc23)[C@@H](NC(=O)c2cccc(Cl)c2)CN1,-8.8,3.168990000000001,0.6513648496469473,3.2323990219214807,366.8280000000001,3,2,2,73.99000000000001,4,26,0.23065737,0.06679187,True,0.2614556426877569,docking_results_3_8.csv,0.035858985,0.014200469,0.23065737,0.047972158,0.098762296,0.020127349,0.021361284,0.1309555,0.029401727,0.03068784,0.0956107,0.045906767,True,3.168990000000001,3.168990000000001
42,COC1=CC=C(C=C1)C=2N=CN(C)C=2C3=CC=C(C=N3)C(=O)N4CCCN(C)C4,COc1ccc(-c2ncn(C)c2-c2ccc(C(=O)N3CCCN(C)C3)cn2)cc1,-8.8,2.892900000000001,0.6843314195025114,2.5924599168873055,391.47500000000025,0,5,4,63.49,4,29,0.24606824,0.07428109,True,0.2889685064420512,docking_results_3_4.csv,0.034026083,0.016395096,0.24606824,0.060447026,0.08620298,0.020360414,0.02023819,0.17604311,0.039871555,0.03287777,0.086105935,0.07273669,True,2.892900000000001,2.892900000000001
26,CN(C[C@@H1]1CNC(=O)O1)C2=CC=C3C4=C(CCNC4=O)C=CC3=C2,CN(C[C@@H]1CNC(=O)O1)c1ccc2c3c(ccc2c1)CCNC3=O,-8.8,1.6703,0.9004929921272725,3.3641218280866347,325.36800000000005,2,4,3,70.67000000000002,4,24,0.25527695,0.097690165,True,0.2416835709068018,docking_results_3_19.csv,0.056694806,0.036318477,0.20251784,0.068186715,0.11011991,0.035527654,0.036009356,0.25527695,0.058524612,0.04696707,0.13197905,0.1341595,True,1.6703,1.6703
213,CC(C)(C1=CC=CC=C1C2=CC=CC=C2)C(=O)NC3C(=O)NC4=CC=CN=C43,CC(C)(C(=O)NC1C(=O)Nc2cccnc21)c1ccccc1-c1ccccc1,-8.8,3.8358000000000008,0.7320331839479729,3.0319663848127902,371.4400000000001,2,3,4,71.09,4,28,0.2578056,0.09829259,True,0.1765046599636868,docking_results_3_15.csv,0.025413807,0.012596864,0.23173289,0.09172451,0.15416984,0.03873293,0.031546816,0.18755947,0.03563443,0.056957494,0.2578056,0.05563637,True,3.8358000000000008,3.8358000000000008
87,CC1=CC(N2C(=O)C3=CC=CC=C3S2(=O)=O)=CC=C1NC=CC(=CC)N,CC=C(N)C=CNc1ccc(N2C(=O)c3ccccc3S2(=O)=O)cc1C,-8.8,3.132220000000001,0.807936587305377,3.034177566386738,369.4460000000001,2,5,4,92.5,3,26,0.2593029,0.090575725,True,0.2656748575507505,docking_results_3_13.csv,0.022903852,0.015279376,0.16274299,0.057502776,0.09707006,0.031749327,0.031403497,0.2477642,0.02982181,0.057167675,0.2593029,0.074200265,True,3.132220000000001,3.132220000000001
243,O=C(OC1CCC1)C2=CC=C3C4=C(CCNC4=O)C=CC3=C2,O=C(OC1CCC1)c1ccc2c3c(ccc2c1)CCNC3=O,-8.8,2.835000000000001,0.8667811389249565,2.393307972571371,295.338,1,3,2,55.4,4,22,0.26545855,0.12010074,True,0.2932656743785924,docking_results_3_14.csv,0.06206628,0.04073027,0.21949823,0.097417876,0.1597977,0.05762428,0.04263517,0.26545855,0.05528766,0.06272159,0.25653556,0.121435754,True,2.835000000000001,2.835000000000001
162,O=C(/C(=C/C1=CC=CC=C1)N2CCNCC2N)C3=CC=C4C=CC=CC4=N3,NC1CNCCN1/C(=C\c1ccccc1)C(=O)c1ccc2ccccc2n1,-8.8,2.648600000000001,0.5541636509188492,3.1590105322705258,358.44500000000005,2,5,4,71.25,4,27,0.2675526,0.11127002,True,0.302766383105813,docking_results_3_10.csv,0.0409148,0.025740892,0.2675526,0.0886158,0.14633301,0.042911086,0.04117117,0.25715765,0.06831192,0.06652867,0.18333952,0.10666306,True,2.648600000000001,2.648600000000001
49,C1C=CC=CC1NC(=O)C2=CC=C3C=CC=C(NS(C)(=O)=O)C3=C2C,Cc1c(C(=O)NC2C=CC=CC2)ccc2cccc(NS(C)(=O)=O)c12,-8.8,3.134220000000002,0.8836427283588097,3.197131230172923,356.4470000000002,2,3,4,75.27000000000001,3,25,0.2690459,0.096353136,True,0.2654489583666822,docking_results_3_5.csv,0.03348106,0.024484186,0.14314356,0.07100037,0.10964541,0.0413322,0.042319693,0.2690459,0.04099184,0.073324956,0.2125368,0.09493156,True,3.134220000000002,3.134220000000002
143,CC(=O)C1=CC=C(C)C=C1NC2=CC=C(C=C2)C(O)(C(N)=O)C(C)C,CC(=O)c1ccc(C)cc1Nc1ccc(C(O)(C(N)=O)C(C)C)cc1,-8.8,3.2701200000000004,0.7037418728651248,2.852212171619538,340.4230000000001,3,4,6,92.41999999999999,2,25,0.28938445,0.09768432,True,0.2492248720792103,docking_results_3_8.csv,0.023245456,0.011383228,0.21319349,0.07112897,0.1772777,0.042047713,0.02323903,0.191654,0.031894837,0.049070835,0.28938445,0.048692096,True,3.2701200000000004,3.2701200000000004
93,CCN1N=NC=C1CN(C)C2=CC=C3C4=C(CCNC4=O)C=CC3=C2,CCn1nncc1CN(C)c1ccc2c3c(ccc2c1)CCNC3=O,-8.8,2.373500000000001,0.7950113601143349,2.9443031592535647,335.41100000000006,1,4,4,63.050000000000004,4,25,0.2905436,0.07730047,True,0.3034227056581146,docking_results_3_16.csv,0.030220099,0.014247912,0.2905436,0.06537244,0.06599689,0.01663957,0.01927181,0.1810298,0.035017338,0.03307843,0.09840949,0.07777833,True,2.373500000000001,2.373500000000001
24,CC(=O)C=1C(C)=NN(C)C=1C2=CC=C3C4=C(CCNC4=O)C=CC3=C2,CC(=O)c1c(C)nn(C)c1-c1ccc2c3c(ccc2c1)CCNC3=O,-8.8,3.0372200000000014,0.7332631431309835,2.720208379033785,333.3910000000001,1,3,2,63.99,4,25,0.29208806,0.07346639,True,0.275870030298484,docking_results_3_18.csv,0.036313467,0.016605508,0.29208806,0.053390775,0.06502958,0.015785256,0.018412339,0.16256991,0.030149005,0.02781831,0.09153264,0.07190184,True,3.0372200000000014,3.0372200000000014
10,ClC=CC=C(CN1CCC1C#N)CC2=CC=C3C=CC4=C(CCNC4=O)C3=C2,N#CC1CCN1CC(=CC=CCl)Cc1ccc2ccc3c(c2c1)CCNC3=O,-8.8,3.944980000000003,0.7850692008000002,3.8822251454965526,391.90200000000016,1,3,5,56.13,4,28,0.29518133,0.087888926,True,0.1639251676895332,docking_results_3_29.csv,0.03708519,0.034495637,0.08364953,0.069680765,0.07076294,0.03725907,0.050636727,0.29518133,0.048102543,0.08469685,0.11445662,0.12865987,True,3.944980000000003,3.944980000000003
35,COC1=CC=C(C=C1C2=CC3=CC=C(NS(C)(=O)=O)C=C3N=N2)C(N)=O,COc1ccc(C(N)=O)cc1-c1cc2ccc(NS(C)(=O)=O)cc2nn1,-8.8,1.775799999999999,0.7032652254855603,2.330702566386737,372.4060000000002,2,6,5,124.26999999999998,3,26,0.30260113,0.087961674,True,0.2548807434956274,docking_results_3_7.csv,0.048160344,0.025947705,0.30260113,0.043524437,0.12909944,0.029332373,0.02456061,0.1861515,0.052723482,0.030952493,0.10582635,0.076660186,True,1.775799999999999,1.775799999999999
89,O=S(=O)(NC1=NC2=CC=C(C=C2S1)C3=CC=CC=C3)[C@H1]C4NCCCN4,O=S(=O)([CH]C1NCCCN1)Nc1nc2ccc(-c3ccccc3)cc2s1,-8.8,2.7757899999999998,0.6270330173195311,2.941035967196454,387.51000000000016,3,6,5,83.12,4,26,0.30287215,0.12438253,True,0.2970259470222262,docking_results_3_20.csv,0.05450675,0.038253207,0.24405769,0.10218051,0.16102391,0.05061901,0.045386046,0.30287215,0.08283857,0.06525814,0.18147486,0.16411942,True,2.7757899999999998,2.77579
187,O=C(OC1=CC=CC=C1C2=CC=CC=C2)NC=C3C=CN4C(=O)COC4=C3,O=C(NC=C1C=CN2C(=O)COC2=C1)Oc1ccccc1-c1ccccc1,-8.8,3.5534000000000017,0.9088800848860104,3.0306396911466873,360.36900000000014,1,4,3,67.87,4,27,0.30454907,0.10001424,True,0.2123415593096759,docking_results_3_16.csv,0.033258915,0.029169958,0.1927764,0.04381047,0.10224353,0.03941887,0.05113832,0.30454907,0.061781216,0.07884066,0.16198647,0.10119704,True,3.5534000000000017,3.5534000000000017
58,C[C@@H1](O)CN1C=C(C=N1)C2=CC=C3C=CC4=C(CCNC4=O)C3=C2,C[C@@H](O)Cn1cc(-c2ccc3ccc4c(c3c2)CCNC4=O)cn1,-8.8,2.37,0.7781100376201794,3.0740709919662326,321.38,2,3,3,67.15,4,24,0.30989525,0.10699442,True,0.3033256653117719,docking_results_3_18.csv,0.057173885,0.03114934,0.30989525,0.09019417,0.12692752,0.035811637,0.031611416,0.21998106,0.055710677,0.04367629,0.16501598,0.116785794,True,2.37,2.37
64,C1=CC=2OC=CC=2C=C1C3=CC=CC4=C(CCNC4=O)C=CN=C3,O=C1NCCc2ccncc(-c3ccc4occc4c3)cccc21,-8.8,3.9051000000000027,0.7404321397609572,2.80234410892888,316.36,1,3,1,55.13,4,24,0.32692316,0.08416831,True,0.1684124580175262,docking_results_3_17.csv,0.055544507,0.022473432,0.32692316,0.056216218,0.14676018,0.02921633,0.023984144,0.13176304,0.044311065,0.031747498,0.091044076,0.050036002,True,3.9051000000000027,3.9051000000000022
160,O=C(NCCCN)C1=CC=C(C=C1)C2=CC=C3C=CC=CC3=C2,NCCCNC(=O)c1ccc(-c2ccc3ccccc3c2)cc1,-8.8,3.5854000000000026,0.7078154621662686,1.6910458579336503,304.3930000000001,2,2,5,55.120000000000005,3,23,0.32891372,0.12595317,True,0.2081311738761379,docking_results_3_8.csv,0.050643682,0.028410604,0.32891372,0.08395221,0.25925756,0.0678778,0.040881056,0.21509516,0.068498,0.06462776,0.23366955,0.06961091,True,3.5854000000000026,3.5854000000000026
90,CCN(CC)C(=O)C1=NN=C([NH1]1)C2=CC(=CC=C2C#N)C3=CC=C(N=C3)N4CCOCC4,CCN(CC)C(=O)c1nnc(-c2cc(-c3ccc(N4CCOCC4)nc3)ccc2C#N)[nH]1,-8.8,2.723980000000001,0.6386745701811875,2.947787494904299,431.5000000000003,1,7,6,111.03,4,32,0.337637,0.124109454,True,,docking_results_3_0_add_B.csv,0.04245692,0.030585075,0.337637,0.10222239,0.107810184,0.038404837,0.040564347,0.3011861,0.0908714,0.06394629,0.16425765,0.16937128,True,2.723980000000001,
5,C1OC=CC2=NC=C(N=C12)[C@H1]3CC[C@@H1](CC3)C=4N=NN5C=NC=6[NH1]C=CC=6C=45,C1=Cc2ncc([C@H]3CC[C@H](c4nnn5cnc6[nH]ccc6c45)CC3)nc2CO1,-8.8,3.337900000000001,0.5791117434366743,3.768104247959367,373.42,1,6,2,93.88,6,28,0.34389773,0.14850612,True,0.2406308662680696,docking_results_3_15.csv,0.08867264,0.0710889,0.32368818,0.15578549,0.111858085,0.04857586,0.04748497,0.34389773,0.09269846,0.062277857,0.17578338,0.26026195,True,3.337900000000001,3.337900000000001
158,O=C(NC1=CC=C2C(=O)[NH1]C=CC2=C1C3)CC(Br)=CC4=CC=CN=C34,O=C1CC(Br)=Cc2cccnc2Cc2c(ccc3c(=O)[nH]ccc23)N1,-8.8,3.5919000000000016,0.6100292969777489,3.6015850763267707,396.244,2,3,0,74.85,4,25,0.3442262,0.10747057,True,0.2072783771780711,docking_results_3_8.csv,0.060787734,0.036823228,0.3442262,0.07582464,0.109148264,0.033977896,0.03887165,0.22779614,0.06838695,0.05096541,0.12325252,0.11958626,True,3.5919000000000016,3.5919000000000016
172,C1C=CC=CC(NC(=O)C2=CC=C3C=CC4=C(CCNC4=O)C3=C2)=C1,O=C(NC1=CCC=CC=C1)c1ccc2ccc3c(c2c1)CCNC3=O,-8.8,3.2555000000000014,0.8878575076474932,2.919896336282017,330.387,2,2,2,58.2,4,25,0.35390294,0.112723865,True,0.2510420614578005,docking_results_3_16.csv,0.04575004,0.04028583,0.2165929,0.06386192,0.08925604,0.04209615,0.03939083,0.35390294,0.04927314,0.07641212,0.19960305,0.1362615,True,3.2555000000000014,3.2555000000000014
170,CC=C1C=CC(N=C1C=CC2=CC=CC=C2C(=O)NC(=O)C=C)C(=O)NC3CCNCC3,C=CC(=O)NC(=O)c1ccccc1C=CC1=NC(C(=O)NC2CCNCC2)C=CC1=CC,-8.8,2.3361,0.6009862887022284,3.906368786265423,432.5240000000003,3,5,6,99.66,3,32,0.353953,0.09470094,True,0.3022516327701988,docking_results_3_16.csv,0.025749603,0.02773008,0.10632973,0.044212256,0.07076725,0.03851692,0.053426895,0.353953,0.06413545,0.106761485,0.12146604,0.12336261,True,2.3361,2.3361
165,C[C@@H1]C1N(CCN1C2=CC=CC(O)=C2)C(=O)C3=CC=C4C=CC=CC4=N3,C[CH]C1N(C(=O)c2ccc3ccccc3n2)CCN1c1cccc(O)c1,-8.8,3.453090000000002,0.7890892251495261,3.1188697911522496,346.4100000000001,1,4,3,56.67,4,26,0.3625873,0.13797131,True,0.2255919493532373,docking_results_3_15.csv,0.050668746,0.031232568,0.3625873,0.113569,0.18559496,0.057732858,0.046398465,0.27454868,0.086789705,0.071104184,0.24988198,0.12554732,True,3.453090000000002,3.453090000000002
210,CC(C)OC1=CC=C(C=N1)C2=CC=C3C=C(OCC(N)=O)C=CC3=C2,CC(C)Oc1ccc(-c2ccc3cc(OCC(N)=O)ccc3c2)cn1,-8.8,3.5531000000000015,0.7467879873155221,2.1375966316262645,336.391,1,4,6,74.44,3,25,0.36691642,0.112500906,True,0.2123811107947762,docking_results_3_10.csv,0.05835587,0.030711317,0.36691642,0.065046914,0.207612,0.050617773,0.03386654,0.19171023,0.071576655,0.04988215,0.15195462,0.07176045,True,3.5531000000000015,3.553100000000001
72,CCOC1=NC=CC2=C1C=C3C=CC=C(CCNC(N)=O)C3=C2,CCOc1nccc2cc3c(CCNC(N)=O)cccc3cc12,-8.8,2.9974999999999996,0.7112354577086073,2.328395717029778,309.369,2,3,5,77.24000000000001,3,23,0.3803062,0.09953604,True,0.2797874615776378,docking_results_3_13.csv,0.044176344,0.023422929,0.3803062,0.06074476,0.121127,0.0313579,0.03086767,0.19691062,0.06191277,0.048955902,0.11329933,0.08135106,True,2.9974999999999996,2.9975
8,CCCSC1=NN=C(O1)C2=CC=C3C=CC4=C(CCNC4=O)C3=C2,CCCSc1nnc(-c2ccc3ccc4c(c3c2)CCNC4=O)o1,-8.8,3.677800000000002,0.7345151480931631,2.596104232561446,339.42000000000013,1,5,4,68.02000000000001,4,24,0.38115698,0.12239515,True,0.1961240940115388,docking_results_3_23.csv,0.05206887,0.034685962,0.38115698,0.09449718,0.11038447,0.03681998,0.039576653,0.26882195,0.07476189,0.05668997,0.16956913,0.14970878,True,3.677800000000002,3.677800000000002
213,COC1=NC=NC(=N1)C2=CC=C3C=CC4=C(CCNC4=O)C3=C2,COc1ncnc(-c2ccc3ccc4c(c3c2)CCNC4=O)n1,-8.8,1.9862999999999997,0.7831944790614177,2.622858946337784,306.32500000000005,1,5,2,77.0,4,23,0.3827357,0.09159222,True,0.2782163803667759,docking_results_3_25.csv,0.047887817,0.02456113,0.3827357,0.059162352,0.08991226,0.022026937,0.023413653,0.18506321,0.053206615,0.03161074,0.0866401,0.09288625,True,1.9862999999999997,1.9863
96,CC/C=C(/C)C(=O)NC1=CC=C2C=CC3=C(CCNC3=O)C2=C1,CC/C=C(/C)C(=O)Nc1ccc2ccc3c(c2c1)CCNC3=O,-8.8,3.4205000000000014,0.8536150783921558,2.5797875836247215,308.38100000000003,2,2,3,58.2,3,23,0.38757083,0.15904357,True,0.2298825908780083,docking_results_3_25.csv,0.040979363,0.03579956,0.3496932,0.11496175,0.14656585,0.064546704,0.055998053,0.38757083,0.0912706,0.10973717,0.33553204,0.17586768,True,3.4205000000000014,3.420500000000001
83,C[NH1+1](C)[C@@H1](NC(=O)C1=CC=CC2=CN=CC=C12)C3=CC=C4C=CC=CC4=C3,C[NH+](C)[C@@H](NC(=O)c1cccc2cnccc12)c1ccc2ccccc2c1,-8.8,2.961100000000002,0.5524297536836328,3.261907139266256,356.44900000000007,2,2,4,46.43,4,27,0.39017624,0.12696216,True,0.2831771260968023,docking_results_3_23.csv,0.026116222,0.012307207,0.39017624,0.11591455,0.21364394,0.04817125,0.028235665,0.19948892,0.04918121,0.056867506,0.32365623,0.05978707,True,2.961100000000002,2.961100000000002
59,FC=CC=CC(CC1=CC2=CC(=CC=C2[NH1]1)C3=CN=CC(=N3)C(N)CO)=C,C=C(C=CC=CF)Cc1cc2cc(-c3cncc(C(N)CO)n3)ccc2[nH]1,-8.8,3.7551000000000014,0.5572002449680067,3.8719744873028343,364.42400000000015,3,4,7,87.82000000000001,3,27,0.3951274,0.14746627,True,0.1863475617546463,docking_results_3_11.csv,0.047512107,0.050598994,0.30284747,0.10244635,0.1039423,0.056759946,0.07321091,0.3951274,0.1216248,0.12904269,0.175199,0.21128334,True,3.7551000000000014,3.7551000000000014
168,COCCN1C=C(C2=N1)C=CC3=CN(C=C23)S(=O)(=O)C=CC=C4C=CC=CC4,COCCn1cc2ccc3cn(S(=O)(=O)C=CC=C4C=CC=CC4)cc3c2n1,-8.8,3.771500000000003,0.6372144441462246,3.8314451515002705,395.48400000000015,0,4,6,66.12,4,28,0.40485185,0.120022155,True,0.1843143078165729,docking_results_3_19.csv,0.044988442,0.057011485,0.08576722,0.08655638,0.084860094,0.05907164,0.06922371,0.40485185,0.06496996,0.11726616,0.18881778,0.17688136,True,3.771500000000003,3.771500000000003
74,CCCOC1=NC=CC2=C1C=CC=C3C4=C(CCNC4=O)C=CC3=C2,CCCOc1nccc2c1C=CC=c1c3c(ccc1=C2)CCNC3=O,-8.8,1.7923999999999998,0.9323124480545886,3.4333686228995095,332.403,1,3,3,51.22,4,25,0.40581667,0.16090098,True,0.2568854764830517,docking_results_3_23.csv,0.0563867,0.044152603,0.40581667,0.12963212,0.13630542,0.057780385,0.048722155,0.3705935,0.08353938,0.08707889,0.31328306,0.1975207,True,1.7923999999999998,1.7923999999999998
68,CCOC(=O)C1=CC=C(C=C1)C2=CC=CC3=CC=C(CN)N=C23,CCOC(=O)c1ccc(-c2cccc3ccc(CN)nc23)cc1,-8.8,3.5372000000000012,0.7487805640398565,1.9899894233234843,306.36500000000007,1,4,4,65.21000000000001,3,23,0.41864002,0.11854244,True,0.2144789295232206,docking_results_3_8.csv,0.047634877,0.023886332,0.41864002,0.084649645,0.19558902,0.047093794,0.031999256,0.19315203,0.06609412,0.05076889,0.19130059,0.071700685,True,3.5372000000000012,3.537200000000001
165,CC=CC1=CNC(=C(CC2=CC=CC=C2)C3=CC=CC=C13)C(=O)[NH1]C=O,CC=CC1=CNC(C(=O)NC=O)=C(Cc2ccccc2)c2ccccc21,-8.8,3.433200000000001,0.8171791008336141,3.106817181771353,344.4140000000001,2,3,5,58.2,3,26,0.41865316,0.15474299,True,0.2282127863999126,docking_results_3_4.csv,0.022563187,0.024617622,0.23850647,0.09958697,0.14325513,0.068460606,0.06833824,0.41620755,0.06715912,0.15298593,0.41865316,0.13658185,True,3.433200000000001,3.433200000000001
30,C[C@@H1]C(=O)N(C)C=CC=C(C)C1=CC=C2C3=C(CCNC3=O)C=CC2=C1N,C[CH]C(=O)N(C)C=CC=C(C)c1ccc2c3c(ccc2c1N)CCNC3=O,-8.8,3.3074900000000014,0.6471529556161018,3.526817654145714,362.45300000000003,2,3,4,75.43,3,27,0.43259406,0.1709715,True,0.2445181344591177,docking_results_3_21.csv,0.039771862,0.03678618,0.41873363,0.11563861,0.12729548,0.05884785,0.0566319,0.43259406,0.10830216,0.11614831,0.32343516,0.21747264,True,3.3074900000000014,3.3074900000000014
138,CC=CC(C1)=NC(=CC2=CC3=C(CCNC3=O)C(N)=C2N1)C4=CC=CC=C4,CC=CC1=NC(c2ccccc2)=Cc2cc3c(c(N)c2NC1)CCNC3=O,-8.8,3.495400000000001,0.7190647254468183,3.5291869085835845,358.445,3,4,2,79.51,4,27,0.44961032,0.122609206,True,0.2200028994927224,docking_results_3_12.csv,0.026657188,0.017011428,0.44961032,0.075894855,0.08280087,0.025679981,0.029409429,0.29950446,0.05335797,0.058710124,0.22688082,0.12579308,True,3.495400000000001,3.495400000000001
43,C[NH2+1][C@@](C(=N)N)C1=CC=C(C=C1)C2=CC=C3C=CC=CC3=C2,C[NH2+][C](C(=N)N)c1ccc(-c2ccc3ccccc3c2)cc1,-8.8,2.5160600000000013,0.5012435509721584,2.7204728077362077,289.38200000000006,3,1,4,66.48,3,22,0.45524788,0.15411596,True,0.3051316543223875,docking_results_3_10.csv,0.038292076,0.021969467,0.45524788,0.112408794,0.26424202,0.06858614,0.036918458,0.26368934,0.07485586,0.06903782,0.3556506,0.08849316,True,2.5160600000000013,2.5160600000000013
71,CCOC1=NC=C(C=N1)C2=CC=C3C4=C(CCNC4=O)C=CC3=C2,CCOc1ncc(-c2ccc3c4c(ccc3c2)CCNC4=O)cn1,-8.8,2.9814000000000007,0.8058940185831512,2.5603435732207878,319.36400000000003,1,4,3,64.11000000000001,4,24,0.45663542,0.11816179,True,0.2813111649104942,docking_results_3_18.csv,0.05093683,0.02748071,0.45663542,0.08734727,0.121551886,0.033208217,0.029984213,0.22569567,0.06647157,0.04561784,0.15984116,0.11317066,True,2.9814000000000007,2.9814000000000007
155,CC1=CC=CC(C2=CC=C(C=N2)C=C(O)C=C3COC(=O)C3=C)=C1,C=C1C(=O)OCC1=CC(O)=Cc1ccc(-c2cccc(C)c2)nc1,-8.8,3.995320000000002,0.5276792169071972,3.079219229329384,319.36000000000007,1,4,3,59.42000000000001,3,24,0.46666482,0.16696751,True,0.1584511475636043,docking_results_3_12.csv,0.055239677,0.07108985,0.21288921,0.087356985,0.18128198,0.10307024,0.082461245,0.46666482,0.1196,0.1452504,0.28676724,0.19193856,True,3.995320000000002,3.995320000000002
84,CCCCNC(=O)C1=CC=C(C=C1)C=CC=C2C=CC3=C(CCNC3=O)C2=O,CCCCNC(=O)c1ccc(C=CC=C2C=CC3=C(CCNC3=O)C2=O)cc1,-8.8,3.1115000000000013,0.5916844585689958,2.8739835062011245,376.4560000000002,2,3,6,75.27000000000001,3,28,0.47216308,0.1375851,True,0.2679895235113433,docking_results_3_21.csv,0.040861353,0.05690023,0.09635209,0.067693986,0.11013617,0.07931805,0.073352404,0.47216308,0.07466751,0.15202984,0.25573924,0.17180726,True,3.1115000000000013,3.1115000000000013
50,COC1=CC=CC(=C1)C2=CC=C3C=C(OCC(N)=O)C(OC#N)=CC3=C2,COc1cccc(-c2ccc3cc(OCC(N)=O)c(OC#N)cc3c2)c1,-8.8,3.2393800000000006,0.690152693106488,2.3529361422703126,348.35800000000006,1,5,6,94.57,3,26,0.4726102,0.15953632,True,0.2530282305777495,docking_results_3_21.csv,0.07391518,0.05542395,0.4726102,0.08676555,0.22122431,0.07602707,0.05577751,0.30256128,0.12368011,0.07791549,0.22229613,0.1462391,True,3.2393800000000006,3.2393800000000006
40,CCOC1=CC=C(C=N1)C=C2C=C3C=CC4=C(CCNC4=O)C3=NC2=C=C,C=C=c1nc2c3c(ccc2cc1=Cc1ccc(OCC)nc1)C(=O)NCC3,-8.8,1.7086,0.7751054363535864,3.440250222193052,357.4130000000001,1,4,3,64.11,4,27,0.48815176,0.17713714,True,0.2465549482777216,docking_results_3_27.csv,0.068104304,0.05831301,0.48815176,0.12983699,0.15340303,0.06586793,0.051472936,0.3949734,0.11026947,0.088449456,0.28954536,0.22725807,True,1.7086,1.7086
127,NS(=O)(=O)C1=CC=C(C=C1)C2=CC=CC=3CNCCC2=3,NS(=O)(=O)c1ccc(-c2cccc3c2CCNC3)cc1,-8.7,1.6467000000000003,0.8822504827013199,2.1555797630027733,288.37200000000007,2,3,2,72.19,3,20,0.052168105,0.011972898,True,0.2029917499371385,docking_results_3_4.csv,0.02280736,0.0046036467,0.010853382,0.005417796,0.052168105,0.0038946855,0.0032769858,0.022920271,0.0018512047,0.0033342706,0.008673242,0.003873845,True,1.6467000000000003,1.6467000000000005
65,O=C(C[NH1+1]1CCCCC1)N2CCC(CC2)C3=CC=CC(=C3)C(F)(F)F,O=C(C[NH+]1CCCCC1)N1CCC(c2cccc(C(F)(F)F)c2)CC1,-8.7,2.4802,0.8853159732915915,3.3435478775634246,355.424,1,1,3,24.75,3,25,0.06936374,0.018362226,True,0.2595322397860806,docking_results_3_5.csv,0.017782714,0.007238374,0.003626512,0.014977235,0.0405266,0.007984383,0.008631772,0.06936374,0.0030578312,0.0129851485,0.020700902,0.013471494,True,2.4802,2.4802
71,CC1=CC=CC(CC2=CC=CC=C2)=C1CN3N=C4C=CC=CN4C3=O,Cc1cccc(Cc2ccccc2)c1Cn1nc2ccccn2c1=O,-8.7,3.4435200000000012,0.5751997210129335,2.24766177358444,329.4030000000001,0,2,4,39.3,4,25,0.09763195,0.038451433,True,,docking_results_3_0_add_B.csv,0.025108024,0.007862939,0.07804615,0.038162913,0.09763195,0.015579309,0.01405849,0.072115615,0.010992306,0.021088975,0.06483804,0.015932426,True,3.4435200000000012,
158,C1[C@H1]C[C@@H1](C(=O)NC2=CC=C3C=C(C(=O)O)C=CC3=C2)[C@@H1](CN)N1C,CN1C[CH]C[C@@H](C(=O)Nc2ccc3cc(C(=O)O)ccc3c2)[C@H]1CN,-8.7,1.95979,0.7906401538812359,3.493367478975295,340.4030000000001,3,4,4,95.66,3,25,0.10527987,0.03913866,True,0.2343964573612815,docking_results_3_11.csv,0.039371435,0.01628073,0.06440844,0.019028326,0.09185629,0.015591229,0.012110486,0.10527987,0.017316956,0.015198209,0.038664564,0.034557417,True,1.95979,1.95979
211,CC1=CC=C(F)C=C1C2=CC=CC(=C2)C(C)N3C=C(C=N3)C(N)=O,Cc1ccc(F)cc1-c1cccc(C(C)n2cc(C(N)=O)cn2)c1,-8.7,3.705820000000003,0.795464817818068,2.7601797325442803,323.3710000000001,1,2,4,60.910000000000004,3,24,0.10592789,0.0342323,True,0.1637796965238124,docking_results_3_4.csv,0.020735042,0.0061433567,0.10592789,0.025267763,0.06840232,0.010541095,0.0111031905,0.06725336,0.009421036,0.017259052,0.054041557,0.014691887,True,3.705820000000003,3.705820000000003
34,CC1=NC=C(N1C2=CC=C(C=C2)C(=O)N3CCCCC3)C4CCNCC4,Cc1ncc(C2CCNCC2)n1-c1ccc(C(=O)N2CCCCC2)cc1,-8.7,3.2738200000000015,0.9222509669335494,2.4622414327834985,352.48200000000014,1,3,3,50.160000000000004,4,26,0.10779111,0.03735694,True,0.2115973045788652,docking_results_3_22.csv,0.028751453,0.011633196,0.0644943,0.035912883,0.05883413,0.012566623,0.013634412,0.10779111,0.014399041,0.022303721,0.042543814,0.03541858,True,3.2738200000000015,3.273820000000001
170,C1NCCN(C2=CC=C(F)C(=C2)C3=CC=CC(=C3)CN)OCC1,NCc1cccc(-c2cc(N3CCNCCCO3)ccc2F)c1,-8.7,2.6827000000000005,0.9142082382289229,2.731927373433077,315.3920000000001,2,4,3,50.519999999999996,3,23,0.112687126,0.043352026,True,0.256499895922502,docking_results_3_1.csv,0.030677598,0.011004495,0.112687126,0.039160732,0.072866924,0.013295132,0.013519366,0.10433135,0.016514083,0.022026937,0.05074494,0.03339564,True,2.6827000000000005,2.6827000000000005
78,CC1=CC(C)=NC(=N1)N2C[C@@H1](O)C2(CO)C3=CC=C4C=CC=CC4=C3,Cc1cc(C)nc(N2C[C@@H](O)C2(CO)c2ccc3ccccc3c2)n1,-8.7,2.31534,0.7686403014287779,3.537604826135178,335.4070000000001,2,5,3,69.48,4,25,0.117464304,0.043463122,True,0.2564342639234057,docking_results_3_11.csv,0.029441359,0.009923138,0.117464304,0.04760322,0.07279658,0.013450914,0.013883675,0.08988884,0.015005802,0.021432133,0.059386242,0.031281255,True,2.31534,2.31534
231,CCOC1=CC=CC(=C1)C2=CC=C(C=N2)C(=O)N3CCC(CC3)C4NCCC4,CCOc1cccc(-c2ccc(C(=O)N3CCC(C4CCCN4)CC3)cn2)c1,-8.7,3.751500000000002,0.8596001210601222,2.736516056482584,379.5040000000002,1,4,5,54.46,4,28,0.11836447,0.049231257,True,0.1588884564986748,docking_results_3_6.csv,0.03414849,0.0138861565,0.09245562,0.044015348,0.09572688,0.02016981,0.017299512,0.11836447,0.020741923,0.028797882,0.06699386,0.038175154,True,3.751500000000002,3.751500000000002
121,CC[C@@H1]([NH3+1])C1=CC=C(C=C1)C2=CC=CC(=C2)C(=O)NC=C3CCNC3C,CC[C@@H]([NH3+])c1ccc(-c2cccc(C(=O)NC=C3CCNC3C)c2)cc1,-8.7,3.0421000000000014,0.7756830541257963,3.881844781861364,350.4860000000001,3,2,5,68.77,3,26,0.119658165,0.053949986,True,0.2342326565324935,docking_results_3_4.csv,0.026394298,0.009808937,0.10852437,0.041944847,0.119658165,0.023679992,0.017372938,0.1119481,0.017499471,0.031994604,0.11247733,0.026096754,True,3.0421000000000014,3.0421000000000014
17,CC1=NSC(NC(=O)N2CC3=CC=CC=C3C[C@H1]2C(=O)NCC4CNCCC4)=C1,Cc1cc(NC(=O)N2Cc3ccccc3C[C@H]2C(=O)NCC2CCCNC2)sn1,-8.7,2.5261200000000006,0.7189651985595811,3.493847647836363,413.54700000000025,3,5,4,86.36,4,29,0.12331004,0.041454602,True,0.2595053432465961,docking_results_3_19.csv,0.031628747,0.014377801,0.06597569,0.029812379,0.07382611,0.015792534,0.016877472,0.12331004,0.02095903,0.026035763,0.038554195,0.040305506,True,2.5261200000000006,2.5261200000000006
245,O=C1CN(CC1C2=CC=CC(=C2)C3=CC=CO3)C(=O)N,NC(=O)N1CC(=O)C(c2cccc(-c3ccco3)c2)C1,-8.7,1.9936000000000003,0.9062040722750723,3.03257595133104,270.288,1,3,2,76.54,3,20,0.12801833,0.04814994,True,0.2372566967562084,docking_results_3_25.csv,0.060562577,0.028227525,0.06656901,0.0220373,0.12801833,0.02493648,0.023333047,0.106130786,0.028497705,0.024549695,0.03140502,0.03353177,True,1.9936000000000003,1.9936000000000005
236,CC1=CC=C(C=C1C2=CC=CN=C2NC3CCN(CC3)C4COC4)C(=O)NC5CCNCC5,Cc1ccc(C(=O)NC2CCNCC2)cc1-c1cccnc1NC1CCN(C2COC2)CC1,-8.7,2.8139199999999995,0.629573088581847,2.704873737705812,449.59900000000033,3,6,6,78.52,5,33,0.13041314,0.045832258,True,0.250654499647447,docking_results_3_16.csv,0.023650523,0.009774725,0.11089968,0.04257893,0.06003406,0.012679567,0.013546924,0.13041314,0.018832501,0.025824072,0.05548214,0.046270788,True,2.8139199999999995,2.8139199999999995
14,C[C@H1](C(=O)NC1=CC=CC=C1SC2)CC=C3C=CC=CC3=C2,C[C@H]1CC=c2ccccc2=CCSc2ccccc2NC1=O,-8.7,3.018200000000001,0.8103339412024883,3.7942367105639363,309.43399999999997,1,2,0,29.1,3,22,0.13454278,0.058293093,True,0.2362737432483829,docking_results_3_11.csv,0.03804758,0.013532989,0.13454278,0.048185244,0.13204667,0.026150486,0.022139026,0.10355401,0.021926172,0.03410785,0.09708753,0.028196804,True,3.018200000000001,3.018200000000001
156,CC(C)=C[C@@H1](O)C(=O)NCC1=CC=C2C3=C(CCNC3=O)C=CC2=C1,CC(C)=C[C@@H](O)C(=O)NCc1ccc2c3c(ccc2c1)CCNC3=O,-8.7,2.069,0.7469300426461584,3.238003098304792,338.407,3,3,4,78.43,3,25,0.13463633,0.05080988,True,0.2431234999000314,docking_results_3_15.csv,0.04060122,0.019196035,0.08581998,0.03376784,0.091186285,0.021923462,0.021001013,0.13463633,0.023643004,0.029785385,0.063542634,0.04461541,True,2.069,2.069
201,COCC[NH1+1]CC1=CC=CC(C)=C1C2=CC=C3C=C(CNC(N)=O)C=CC3=C2,COCC[NH+]Cc1cccc(C)c1-c1ccc2cc(CNC(N)=O)ccc2c1,-8.7,2.479120000000001,0.5273875936166457,2.997174467739587,377.4880000000001,3,3,8,79.94999999999999,3,28,0.14009532,0.059542727,True,0.2595281677755883,docking_results_3_10.csv,0.035095103,0.0152488435,0.14009532,0.041124687,0.12039382,0.025421742,0.021429874,0.13243808,0.02898123,0.033961717,0.08221747,0.038104888,True,2.479120000000001,2.479120000000001
146,O=C(CCCC(=O)NCCC1=CC=CC=C1)C2=CC=C3C=CC4=C(CCNC4=O)C3=C2,O=C(CCCC(=O)c1ccc2ccc3c(c2c1)CCNC3=O)NCCc1ccccc1,-8.7,3.837600000000003,0.5501698226101511,2.337939088217782,414.5050000000002,2,3,8,75.27000000000001,4,31,0.14208686,0.060567398,True,0.1499521078844166,docking_results_3_18.csv,0.044596154,0.022270108,0.098532245,0.04263477,0.11157635,0.030167487,0.029323176,0.14208686,0.02549821,0.04122112,0.09584001,0.04306224,True,3.837600000000003,3.837600000000003
255,C1C[C@H1]CN(CC(=O)NC2=CC=C(C=C2)N3CCOCC3)C(=O)CC(=O)N1C4=CC=CC=C4,O=C(CN1C[CH]CCN(c2ccccc2)C(=O)CC1=O)Nc1ccc(N2CCOCC2)cc1,-8.7,2.3215899999999996,0.7088538354954249,3.0572854624713255,449.5310000000003,1,5,5,82.19,4,33,0.15045124,0.048882175,True,0.2566411857467209,docking_results_3_21.csv,0.044925626,0.02491406,0.06265928,0.026201075,0.086081974,0.021052884,0.023564924,0.15045124,0.03035418,0.03099566,0.033384617,0.0520006,True,2.3215899999999996,2.32159
32,C1C=CC(NC(=O)C=2C=NN(C=2)C#N)C(C)=C1OC3=CC=CC=C3,CC1=C(Oc2ccccc2)CC=CC1NC(=O)c1cnn(C#N)c1,-8.7,2.6235800000000005,0.8782479869135545,3.8492850387889757,320.352,1,4,4,79.94000000000001,3,24,0.15703495,0.061140418,True,0.2581582084735542,docking_results_3_1.csv,0.030507969,0.01576945,0.15703495,0.041231412,0.082883,0.022615679,0.026789764,0.15314454,0.033540715,0.043956097,0.07852868,0.047682784,True,2.6235800000000005,2.6235800000000005
17,C=1C(C)=NOC=1C2=CC=C3C=C([C@H1]4CNCCN4C)C=CC3=C2,Cc1cc(-c2ccc3cc([C@H]4CNCCN4C)ccc3c2)on1,-8.7,3.3793200000000017,0.7878493194825813,2.959120226212365,307.397,1,4,2,41.300000000000004,4,23,0.17563534,0.056271303,True,0.2001202444068172,docking_results_3_7.csv,0.036367547,0.013132817,0.17563534,0.05083348,0.103204064,0.017343145,0.013357172,0.11396848,0.026701685,0.021393117,0.059130043,0.04418873,True,3.3793200000000017,3.3793200000000017
19,O=C(N[C@H1]1CCCC[C@@H1]1N2CCCCC2=O)C3=CC=CC4=CC=CN=C34,O=C(N[C@H]1CCCC[C@@H]1N1CCCCC1=O)c1cccc2cccnc12,-8.7,3.288300000000002,0.9228984984737334,2.9958998097637615,351.45,1,3,3,62.300000000000004,4,26,0.17762655,0.0769842,True,0.2100517075437648,docking_results_3_5.csv,0.050917726,0.027004804,0.12053393,0.075489506,0.118870564,0.03437886,0.03231944,0.17762655,0.038420945,0.045223653,0.12266756,0.08035675,True,3.288300000000002,3.288300000000002
59,CC1=NOC(C)=C1C=C2C=C3CN(CCC23)C4=CC=CC(=C4)C(N)=O,Cc1noc(C)c1C=C1C=C2CN(c3cccc(C(N)=O)c3)CCC12,-8.7,3.240240000000001,0.9344377572592315,3.545655498861982,335.40700000000004,1,4,3,72.36000000000001,4,25,0.1833202,0.058429834,True,0.2151358312531858,docking_results_3_4.csv,0.047406718,0.028932536,0.082943395,0.039755166,0.06902038,0.024034346,0.025638428,0.1833202,0.027277797,0.039182764,0.06882814,0.06481802,True,3.240240000000001,3.240240000000001
85,CCC(=O)N1CC(=O)NC=CC1C2=NC=CC=C2C3=CC=C4C=CC=CC4=C3,CCC(=O)N1CC(=O)NC=CC1c1ncccc1-c1ccc2ccccc2c1,-8.7,3.825000000000002,0.7611757830908378,3.242739675411081,371.4400000000001,1,3,3,62.300000000000004,4,28,0.19254117,0.07660178,True,0.1512341550959535,docking_results_3_13.csv,0.049622674,0.02602155,0.19254117,0.049200706,0.12801394,0.031911734,0.032572128,0.16956069,0.047181964,0.04366885,0.086696245,0.06222972,True,3.825000000000002,3.825000000000002
123,CC1=CC=CC(CNC(=O)C=C2C=C3CCC(F)(F)CN3C(=O)[NH1]2)=C1,Cc1cccc(CNC(=O)C=C2C=C3CCC(F)(F)CN3C(=O)N2)c1,-8.7,2.8333200000000005,0.826222648995321,3.2670464010118074,347.36500000000007,2,2,3,61.440000000000005,3,25,0.194543,0.05317846,True,0.2495499133781362,docking_results_3_2.csv,0.024239056,0.01583167,0.046103273,0.03511568,0.062270872,0.021716785,0.027627788,0.194543,0.020443182,0.045737028,0.09091469,0.05359851,True,2.8333200000000005,2.8333200000000005
228,C[C@H1](NC(=O)C1=CC=CO1)C2=CC=C3C=CC=CC3=C2,C[C@H](NC(=O)c1ccco1)c1ccc2ccccc2c1,-8.7,3.9238000000000026,0.7794104616645519,2.229938494958011,265.31199999999995,1,2,3,42.24,3,20,0.1968984,0.07594008,True,0.1414480001773362,docking_results_3_10.csv,0.03215442,0.012316983,0.1968984,0.056065194,0.1916133,0.03689906,0.024303904,0.112952545,0.025740199,0.039282326,0.15757221,0.025482502,True,3.9238000000000026,3.9238000000000026
129,C1=CC2SC3=NN=CN3C(=O)C2=C1NCCN4CCC(C4)C5=CC=CC=C5,O=C1C2=C(NCCN3CCC(c4ccccc4)C3)C=CC2Sc2nncn21,-8.7,2.2956000000000003,0.8601185512275644,3.9569884683729386,379.48900000000015,1,6,5,63.050000000000004,5,27,0.20785382,0.055558007,True,0.2557356782671258,docking_results_3_4.csv,0.02072476,0.013546051,0.07848638,0.047144268,0.04448863,0.015598885,0.023220621,0.20785382,0.022513682,0.043292902,0.07775292,0.07207319,True,2.2956000000000003,2.2956000000000003
74,COC1=CC=CC(=C1)C2=NC=C(C=N2)C3=CC=C(C=C3)C(=O)NC4NCCNCCC4,COc1cccc(-c2ncc(-c3ccc(C(=O)NC4CCCNCCN4)cc3)cn2)c1,-8.7,2.8481000000000005,0.5917326007334642,2.957585303684901,417.5130000000002,3,6,5,88.17,4,31,0.21354957,0.062261928,True,0.2486689358509309,docking_results_3_10.csv,0.043113306,0.01645387,0.21354957,0.039278746,0.11858708,0.021021133,0.016216407,0.12093359,0.033249576,0.024178702,0.05727735,0.043283958,True,2.8481000000000005,2.8481000000000005
237,CCS(=O)(=O)C1=CC=CC(=C1)C2=CC(NC(=O)C3CCCCO3)=NN2C4=CC=CC=C4,CCS(=O)(=O)c1cccc(-c2cc(NC(=O)C3CCCCO3)nn2-c2ccccc2)c1,-8.7,3.840500000000003,0.6302248168725609,2.9016684858441426,439.53700000000026,1,5,6,90.28999999999999,4,31,0.2163117,0.1004586,True,0.1496583687789935,docking_results_3_5.csv,0.03948611,0.023508588,0.18806179,0.08493798,0.16797054,0.046805725,0.037709862,0.2163117,0.04960151,0.055520087,0.21440224,0.08118711,True,3.840500000000003,3.840500000000003
199,CC1=NN=C(N1C2=CC=C3C4=C(CCNC4=O)C=CC3=C2C#N)CCNCC,CCNCCc1nnc(C)n1-c1ccc2c3c(ccc2c1C#N)CCNC3=O,-8.7,2.0385,0.6664973803763333,2.941999275431895,374.44800000000015,2,5,5,95.63,4,28,0.22500576,0.05969419,True,0.2408394136091565,docking_results_3_23.csv,0.029450854,0.0136255585,0.22500576,0.045466814,0.0451263,0.011091559,0.0150381215,0.15423873,0.024855444,0.024275985,0.057098158,0.07105708,True,2.0385,2.0385
174,CC(=O)NC1CCN(CC1)C2=CC=CC(=C23)C(C)(C)C(=O)N=C4C=CC=CN4N3,CC(=O)NC1CCN(c2cccc3c2NN2C=CC=CC2=NC(=O)C3(C)C)CC1,-8.7,2.720200000000001,0.8079663131485095,3.273119893378637,393.49100000000004,2,5,2,77.04,4,29,0.23353973,0.06932001,True,0.2551276402821487,docking_results_3_21.csv,0.019982565,0.0121124415,0.13228318,0.05327508,0.05064537,0.017765788,0.024027046,0.23353973,0.026569499,0.048428696,0.12964042,0.083570324,True,2.720200000000001,2.720200000000001
10,FC1=CC=C(F)C=C1C2=CC=C3C=C(CNC4CC4)C(=O)OC3=C2,O=c1oc2cc(-c3cc(F)ccc3F)ccc2cc1CNC1CC1,-8.7,3.9902000000000033,0.7368712393600999,2.330466061908572,327.33000000000015,1,3,4,42.24,4,24,0.23659457,0.1079031,True,0.1352434411889441,docking_results_3_10.csv,0.04610151,0.02597664,0.23659457,0.115691505,0.13833052,0.043316707,0.038719535,0.2208851,0.04793752,0.061955296,0.21921474,0.10011361,True,3.9902000000000033,3.9902000000000033
74,COC(=O)C1=CC=C(C=C1)C2=CC=C3C=C(OCC(N)=O)C=CC3=C2,COC(=O)c1ccc(-c2ccc3cc(OCC(N)=O)ccc3c2)cc1,-8.7,3.1575000000000006,0.7265365374930218,1.8322050823304892,335.35900000000004,1,4,5,78.62,3,25,0.24865764,0.0892362,True,0.2235278406741074,docking_results_3_13.csv,0.076296575,0.039846774,0.24865764,0.035824973,0.20856598,0.046191502,0.030186117,0.1540226,0.055019803,0.035148226,0.08957714,0.051497012,True,3.1575000000000006,3.1575000000000006
123,CCN(CC)C(=O)C1=CC=C(C=C1)C=C2C=CC(O)=C(CNC(N)=O)C=CC=C2,CCN(CC)C(=O)c1ccc(C=C2C=CC=CC(CNC(N)=O)=C(O)C=C2)cc1,-8.7,3.714600000000001,0.6873023406006127,3.4722893599619526,393.48700000000014,3,3,6,95.66,2,29,0.26599157,0.059346806,True,0.1628324968129386,docking_results_3_8.csv,0.028946117,0.027992718,0.034994707,0.021631222,0.0551596,0.029706819,0.032950792,0.26599157,0.025105154,0.0711211,0.06280845,0.05575339,True,3.714600000000001,3.714600000000001
187,O=C(NC1=CC=CC=C1C(=O)O)C2=CC=CC3=CC=CC=C23,O=C(O)c1ccccc1NC(=O)c1cccc2ccccc12,-8.7,3.790300000000002,0.7711817050736867,1.5615563242197226,291.306,2,2,3,66.4,3,22,0.2768285,0.08613119,True,0.1548118752271578,docking_results_3_9.csv,0.03133992,0.0142337065,0.2768285,0.03718098,0.1900784,0.034723893,0.02384108,0.14618401,0.034966692,0.032636095,0.17597018,0.035590786,True,3.790300000000002,3.790300000000002
232,O=C(C[NH1+1]1C=C(CN1)C2=CC=CC=C2OCC3CC3)NC4=CC=CC5=CC=CN=C45,O=C(C[NH+]1C=C(c2ccccc2OCC2CC2)CN1)Nc1cccc2cccnc12,-8.7,2.4063,0.5688430910542566,3.6536692365246823,401.4900000000001,3,4,7,67.69,5,30,0.29784328,0.121106915,True,0.2587564592138886,docking_results_3_7.csv,0.040224172,0.025627492,0.29784328,0.10604781,0.1432329,0.046865106,0.045843877,0.26542562,0.074070945,0.078076586,0.21098232,0.11904276,True,2.4063,2.4063
35,C[NH1+1](C)C(C1=CC=C2C3=C(CCNC3=O)C=CC2=C1)C4=CC=CC=C4,C[NH+](C)C(c1ccccc1)c1ccc2c3c(ccc2c1)CCNC3=O,-8.7,2.3596000000000004,0.7589326273079404,3.551008153249846,331.439,2,1,3,33.54,4,25,0.29835224,0.088927746,True,0.2577501777780325,docking_results_3_20.csv,0.021942165,0.01013863,0.15426216,0.090642646,0.14634615,0.035518356,0.021348506,0.17767033,0.020418694,0.04473219,0.29835224,0.045760863,True,2.3596000000000004,2.3596000000000004
33,CCOCCN(C)C(=O)N1C=CC(=CC1=O)C2=CN=CC(=C2)C3=CC=C(C=C3)C#N,CCOCCN(C)C(=O)n1ccc(-c2cncc(-c3ccc(C#N)cc3)c2)cc1=O,-8.7,3.3853800000000023,0.5899260623792592,2.7436964761771048,402.4540000000001,0,5,6,88.22,3,30,0.30107078,0.10902537,True,0.1994485403377605,docking_results_3_2.csv,0.05876109,0.033382062,0.30107078,0.0775717,0.17518987,0.04975957,0.03755223,0.2067773,0.074742615,0.054323904,0.15017752,0.08899576,True,3.3853800000000023,3.3853800000000023
168,OC=C1C=C(C2=CC=CC(=C2)N3CCC(CC3)N4CCOCC4)C=C1,OC=C1C=CC(c2cccc(N3CCC(N4CCOCC4)CC3)c2)=C1,-8.7,3.3827000000000025,0.8573044185656099,2.838043959669365,338.4510000000001,1,4,3,35.94,4,25,0.30886567,0.07258972,True,0.1997457234558516,docking_results_3_3.csv,0.029053425,0.028405895,0.048479725,0.046225682,0.05500183,0.027152989,0.03439086,0.30886567,0.036420517,0.06679422,0.07434319,0.115942635,True,3.3827000000000025,3.3827000000000025
117,O=C(NCCOC1=CC=C2C(=O)[NH1]C=CC2=C1)C=C3C=CC4=CC=CC=C4C3,O=C(C=C1C=Cc2ccccc2C1)NCCOc1ccc2c(=O)[nH]ccc2c1,-8.7,3.219000000000001,0.533609866329539,2.8195919724300182,372.42400000000015,2,3,5,71.19,4,28,0.31840414,0.13425358,True,0.2173375298195608,docking_results_3_23.csv,0.06295278,0.05235989,0.22772759,0.09299725,0.17355739,0.07532195,0.06571331,0.31840414,0.08180087,0.10539374,0.22600134,0.12881258,True,3.219000000000001,3.219000000000001
222,CCN1N=NC=C1C2=CC=C3C4=C(CCNC4=O)C=CC3=C2,CCn1nncc1-c1ccc2c3c(ccc2c1)CCNC3=O,-8.7,2.4041000000000006,0.788745420714462,2.77187263603291,292.342,1,3,2,59.81,4,22,0.3279496,0.081950344,True,0.258717964301986,docking_results_3_22.csv,0.03965689,0.018876048,0.3279496,0.06349693,0.07086596,0.017352534,0.019887656,0.17867707,0.037098985,0.029526716,0.09344584,0.08656998,True,2.4041000000000006,2.404100000000001
124,CC=1N=CN(N=1)C2=CC3=CC=C(CC3=C2)C(=O)NCC4CCNCC4,Cc1ncn(C2=CC3=CC=C(C(=O)NCC4CCNCC4)CC3=C2)n1,-8.7,1.73972,0.8778155902852334,3.6061117208974007,337.42700000000013,2,4,4,71.84,4,25,0.32881373,0.076196365,True,0.2130321213152989,docking_results_3_18.csv,0.030961469,0.031364452,0.0650988,0.04531342,0.046535507,0.025025818,0.031886317,0.32881373,0.03949933,0.06543635,0.07276886,0.13165222,True,1.73972,1.73972
48,CCOC1=CC=C(C=C1)C2=CC=C3C=C(CCS(N)(=O)=O)C=CC3=C2,CCOc1ccc(-c2ccc3cc(CCS(N)(=O)=O)ccc3c2)cc1,-8.7,3.736500000000002,0.7322216904256339,2.005987964237315,355.45900000000006,1,3,6,69.39,3,25,0.33515722,0.15252958,True,0.1604842865452899,docking_results_3_12.csv,0.06468983,0.04414437,0.2635584,0.12256541,0.30614242,0.1018621,0.0541322,0.27473423,0.07629088,0.08348576,0.33515722,0.10359221,True,3.736500000000002,3.736500000000002
239,CCC(CC)(CN)C(=O)C1=CC=C2C3=C(CCNC3=O)C=CC2=C1,CCC(CC)(CN)C(=O)c1ccc2c3c(ccc2c1)CCNC3=O,-8.7,3.073500000000001,0.8302949309328179,2.8840550772391573,324.42400000000004,2,3,5,72.19,3,24,0.34362826,0.1249157,True,0.2314534495357945,docking_results_3_17.csv,0.03379937,0.025614686,0.1700405,0.12317373,0.14016384,0.056975923,0.03991371,0.31411788,0.045821317,0.08169605,0.34362826,0.124043085,True,3.073500000000001,3.073500000000001
109,C1=CN=C(N2CCOCC2)C=C1NC(=O)C=CC3=CCN(CC3)C4C=CCCC4=C,C=C1CCC=CC1N1CC=C(C=CC(=O)Nc2ccnc(N3CCOCC3)c2)CC1,-8.7,3.3198000000000025,0.6005328759872047,3.708333222538668,406.5300000000003,1,5,5,57.7,4,30,0.34488237,0.08921307,True,0.2066531820921846,docking_results_3_14.csv,0.031171048,0.03352705,0.082914725,0.05242567,0.06453997,0.03433179,0.0478333,0.34488237,0.068133384,0.089639306,0.07465281,0.14650552,True,3.3198000000000025,3.3198000000000025
96,O=C(CC1=CC=CC=C1C#N)NC2=NC3=CC=C(C=C3S2)C(=O)NC4CCNCC4,N#Cc1ccccc1CC(=O)Nc1nc2ccc(C(=O)NC3CCNCC3)cc2s1,-8.7,2.8309800000000003,0.5895330943218395,2.4147095765047695,419.5100000000002,3,6,5,106.91,4,30,0.34793454,0.14028333,True,0.2496862829391385,docking_results_3_13.csv,0.044586554,0.034878332,0.34793454,0.09979687,0.13481799,0.052062962,0.05344231,0.32624614,0.097727254,0.08637373,0.23614769,0.16938555,True,2.8309800000000003,2.8309800000000003
218,CC1=NOC(C=CC2=NC=C(N=C2)C=CC=C3C=CC=C(O)C3)=C1N4CCNCC4,Cc1noc(C=Cc2cnc(C=CC=C3C=CC=C(O)C3)cn2)c1N1CCNCC1,-8.7,3.694420000000002,0.7870753485837299,3.804996060710219,403.4860000000003,2,7,5,87.31,4,30,0.3507433,0.08391416,True,0.1650142086862728,docking_results_3_19.csv,0.03285084,0.036016185,0.10707604,0.04163228,0.043135002,0.02491903,0.03859855,0.3507433,0.050462566,0.07322649,0.06483873,0.14347088,True,3.694420000000002,3.694420000000002
247,CC(=O)NC1=CC=CC(=C1)C=CC=C2C(O)=C(CN3CCCCC3)C(=O)OC2=C,C=c1oc(=O)c(CN2CCCCC2)c(O)c1=CC=Cc1cccc(NC(C)=O)c1,-8.7,2.1939,0.8124249994056931,2.9524986926281684,394.47100000000034,2,5,5,82.78,3,29,0.36659294,0.12405827,True,0.2510828845249945,docking_results_3_6.csv,0.043367572,0.04173229,0.181035,0.07776459,0.11727144,0.05725636,0.055045545,0.36659294,0.07961844,0.09876435,0.21070255,0.15954821,True,2.1939,2.1939
133,CCC[C@@H1](O)C=CC=C(O)C1=CC=C2C=CC3=C(CCNC3=O)C2=C1,CCC[C@@H](O)C=CC=C(O)c1ccc2ccc3c(c2c1)CCNC3=O,-8.7,3.7418000000000022,0.5748709031743863,3.4000349138132275,337.41900000000004,3,3,5,69.56,3,25,0.38316345,0.14446455,True,0.1599192258714842,docking_results_3_23.csv,0.04623756,0.043294117,0.1834015,0.10709654,0.14863263,0.07375814,0.059103046,0.38316345,0.067761056,0.10777811,0.34316006,0.17018843,True,3.7418000000000022,3.741800000000002
32,COC1=CC=C(C=C1)C2=CC=C3C=C(C(N)=O)C=CC3=C2,COc1ccc(-c2ccc3cc(C(N)=O)ccc3c2)cc1,-8.7,3.614300000000002,0.7946613143344397,1.6297105435090913,277.323,1,2,3,52.32,3,21,0.3893512,0.108469844,True,0.1738176745939641,docking_results_3_18.csv,0.050438225,0.023875969,0.3893512,0.051288713,0.23792146,0.047431443,0.025558343,0.16310847,0.051534936,0.03681462,0.17582107,0.048493724,True,3.614300000000002,3.614300000000002
50,O=CC(=O)N(C)C1=CC=C(C=C1)C2=CC=C3CC(=O)NCCC23,CN(C(=O)C=O)c1ccc(C2=CC=C3CC(=O)NCCC32)cc1,-8.7,1.6979,0.6823782013099621,3.71523716341982,310.353,1,3,3,66.48,3,23,0.40451825,0.13809209,True,0.2085686437352025,docking_results_3_5.csv,0.09129844,0.10021007,0.08149705,0.074532054,0.1571334,0.095448285,0.08143823,0.40451825,0.09722447,0.12003747,0.16903983,0.18472753,True,1.6979,1.6979
12,COC1=CC(O)=CC(C)=C1C(=O)NC=C2C=C3C=CC4=C(CCNC4=O)N3C2,COc1cc(O)cc(C)c1C(=O)NC=C1C=C2C=CC3=C(CCNC3=O)N2C1,-8.7,1.86622,0.7458860489636551,3.7640334453442605,379.4160000000002,3,5,3,90.89999999999999,4,28,0.40978578,0.11084802,True,0.2258329145668642,docking_results_3_21.csv,0.02940216,0.03009186,0.17501867,0.05590338,0.056121644,0.03280877,0.041136157,0.40978578,0.049225967,0.08762604,0.19984442,0.16321142,True,1.86622,1.86622
132,CC1=CC=CC=C1C2=CC=C3C=C(NC(=O)C(N)=O)N=CC3=C2C(N)=O,Cc1ccccc1-c1ccc2cc(NC(=O)C(N)=O)ncc2c1C(N)=O,-8.7,1.7329199999999996,0.6225981562939006,2.4678391048482773,348.3620000000001,3,4,3,128.17,3,26,0.430113,0.12960519,True,0.2123128370327248,docking_results_3_11.csv,0.05216783,0.036840737,0.430113,0.05596401,0.17475966,0.04917133,0.04087071,0.2725333,0.10205172,0.054939594,0.16600071,0.11984952,True,1.7329199999999996,1.7329199999999996
254,O=C(CC1=CC=CS1)NC2=NC=C3C4=C(CCNC4=O)C=CC3=N2,O=C(Cc1cccs1)Nc1ncc2c3c(ccc2n1)CCNC3=O,-8.7,2.1583999999999994,0.7663853984069866,2.656946210583424,338.392,2,5,3,83.98,4,24,0.4338553,0.14047118,True,0.2490605352246538,docking_results_3_16.csv,0.053599723,0.03944664,0.4338553,0.09469899,0.12250052,0.04400769,0.04927521,0.30985045,0.09793173,0.07045911,0.1963911,0.17363764,True,2.1583999999999994,2.1583999999999994
159,COC1=NC(CN)=CC=C1C2=CC=C3C4=C(CCNC4=O)C=CC3=C2,COc1nc(CN)ccc1-c1ccc2c3c(ccc2c1)CCNC3=O,-8.7,2.6550000000000002,0.7723747400581399,2.6448608515612584,333.3910000000001,2,4,3,77.24000000000001,4,25,0.43404266,0.10653546,True,0.2573547120812073,docking_results_3_26.csv,0.04531432,0.022342568,0.43404266,0.07823257,0.10776599,0.027269734,0.02532737,0.2019273,0.052852392,0.038939312,0.14907843,0.095332846,True,2.6550000000000002,2.655
196,CC(=O)NC1=CC=C(F)C(=C1)C=C2N=CC3N(C=CN=C23)C4=CC=C(C=C4)CC=O,CC(=O)Nc1ccc(F)c(C=C2N=CC3C2=NC=CN3c2ccc(CC=O)cc2)c1,-8.7,3.751800000000002,0.7743497789763621,3.760868874677228,402.4290000000002,1,5,5,74.13,4,30,0.45300308,0.18230958,True,0.1588566482796383,docking_results_3_10.csv,0.03713516,0.03586811,0.35458246,0.13600823,0.13942218,0.06846804,0.06786756,0.45300308,0.09409532,0.1342837,0.44438854,0.22259277,True,3.751800000000002,3.751800000000002
138,CC1=NC=C(N1C=CC2=CC3=C(CCNC3=O)C=CC2=C)C4=CC=CN=C4,C=C1C=CC2=C(C=C1C=Cn1c(-c3cccnc3)cnc1C)C(=O)NCC2,-8.7,3.5931200000000016,0.9141564691253854,3.8669620565125777,356.4290000000001,1,3,3,59.81,4,27,0.46122047,0.13475399,True,0.1761747151094949,docking_results_3_28.csv,0.04362557,0.05491439,0.1976732,0.08058913,0.07316325,0.049399287,0.059284884,0.46122047,0.08336564,0.124361515,0.17921281,0.21023764,True,3.5931200000000016,3.5931200000000016
249,COC(=O)C1=CC=C(C=C1)C=CC2=CC=C3C4=C(CCNC4=O)C(O)=CC3=C2,COC(=O)c1ccc(C=Cc2ccc3c4c(c(O)cc3c2)CCNC4=O)cc1,-8.7,3.788300000000002,0.5410384088586768,2.533651967739587,373.40800000000013,2,4,3,75.63,4,28,0.46331084,0.1973458,True,0.1550201061885066,docking_results_3_20.csv,0.07586616,0.07208662,0.37470174,0.12346196,0.26771328,0.12084757,0.049799107,0.43921793,0.090877116,0.09358315,0.46331084,0.19668412,True,3.788300000000002,3.788300000000002
47,CCOC1=CC=C(C=N1)C2=CC=C3C=CC4=C(CCNC4=O)C3=C2NC(=O)CCNC,CCOc1ccc(-c2ccc3ccc4c(c3c2NC(=O)CCNC)CCNC4=O)cn1,-8.7,3.134400000000001,0.5482781483891738,2.784690739038872,418.4970000000002,3,5,7,92.35,4,31,0.47409165,0.15182714,True,0.2257732991971853,docking_results_3_22.csv,0.041379448,0.029354503,0.47409165,0.114955954,0.12917188,0.045001686,0.0392511,0.3363725,0.08598531,0.07238887,0.2779529,0.17601983,True,3.134400000000001,3.134400000000001
169,CCCC=1N=NSC=1C2=CC=C3C4=C(CCNC4=O)C=CC3=C2,CCCc1nnsc1-c1ccc2c3c(ccc2c1)CCNC3=O,-8.7,3.596700000000002,0.801089263711352,2.818800622571997,323.42100000000005,1,4,3,54.88,4,23,0.47441298,0.15752418,True,0.1757756323712777,docking_results_3_16.csv,0.044896267,0.032622594,0.47441298,0.14110743,0.12060755,0.04470533,0.04339283,0.3408784,0.08668311,0.07381895,0.29041883,0.19674574,True,3.596700000000002,3.596700000000002
57,COC1=CC=C(C=C1)C2=CNC(C(N)=O)=CN=C(C3=CC=C(O)C=C3)C=N2,COc1ccc(-c2c[nH]c(C(N)=O)cnc(-c3ccc(O)cc3)cn2)cc1,-8.7,3.0762,0.6597907580260357,2.8036825792109266,362.389,3,5,4,114.12,3,27,0.47468194,0.11939523,True,0.2312095083228202,docking_results_3_5.csv,0.059741657,0.030052457,0.47468194,0.056645375,0.2174581,0.047390666,0.027045056,0.1877043,0.074543096,0.03870004,0.14942019,0.06936,True,3.0762,3.0762
94,C=1C=C(N[C@@H1]2CCN(C2)C(N)=O)N(C3=CC=CC=C3)C=1C4=C5C=CC=CC5=NN=C4C#N,N#Cc1nnc2ccccc2c1-c1ccc(N[C@@H]2CCN(C(N)=O)C2)n1-c1ccccc1,-8.7,3.5240800000000014,0.5213884240226918,3.3418300738612006,423.4800000000002,2,5,4,112.86000000000001,5,32,0.4781925,0.16190243,True,0.183909568373414,docking_results_3_8.csv,0.04618916,0.035512086,0.4781925,0.125804,0.14824341,0.050194412,0.052222807,0.34582502,0.12464283,0.0751261,0.24998951,0.21088736,True,3.5240800000000014,3.524080000000001
10,CC1=CC=C(F)C=C1C=CC2=CCC(=O)NCCNC(=O)C2,Cc1ccc(F)cc1C=CC1=CCC(=O)NCCNC(=O)C1,-8.6,2.09992,0.8787504229044244,3.564629157634651,302.34900000000005,2,2,2,58.2,2,22,0.061098978,0.016268525,True,0.2061944532231074,docking_results_3_4.csv,0.023141589,0.009224663,0.0115186935,0.006044958,0.033015978,0.0060549215,0.009125525,0.061098978,0.005290156,0.012774946,0.0070935525,0.0108383475,True,2.09992,2.09992
157,O=S(=O)(C1=CC=CN=C1N2CCOCC2)C3=CC=C4C=CC=CC4=C3,O=S(=O)(c1ccc2ccccc2c1)c1cccnc1N1CCOCC1,-8.6,2.9042000000000012,0.723753090765111,2.175496757778328,354.431,0,5,3,59.5,4,25,0.073283315,0.024881646,True,0.2059563057657652,docking_results_3_6.csv,0.029169114,0.009345911,0.029948492,0.017613545,0.073283315,0.009996426,0.009859009,0.057305105,0.00664673,0.010862247,0.030948214,0.013601616,True,2.9042000000000012,2.904200000000001
21,CC(C)[C@H1](N)C(=O)N1CCC2=C(C1)[NH1]N=C2C3=CC(C)=CC(C)=C3,Cc1cc(C)cc(-c2n[nH]c3c2CCN(C(=O)[C@@H](N)C(C)C)C3)c1,-8.6,2.56154,0.9100461280660425,3.045332378405881,326.4440000000001,2,3,3,75.01,3,24,0.077024885,0.030978985,True,0.2178860496163514,docking_results_3_1.csv,0.022576522,0.0067449836,0.077024885,0.029692495,0.061473392,0.009272577,0.008693761,0.07425251,0.01017503,0.015538717,0.03604618,0.020256797,True,2.56154,2.56154
45,C[NH1+1]1CCN(CC2=CC=C(C=C2)C3=CC=CC=4CCCOC3=4)CC1,C[NH+]1CCN(Cc2ccc(-c3cccc4c3OCCC4)cc2)CC1,-8.6,2.0088999999999997,0.9305095809264726,3.1377441799380144,323.46000000000015,1,2,3,16.91,4,24,0.07907393,0.027951749,True,0.2004766889867264,docking_results_3_11.csv,0.023121422,0.0076119504,0.037668526,0.027151937,0.06535561,0.010074829,0.008737711,0.07907393,0.008463964,0.014798131,0.0335249,0.019838078,True,2.0088999999999997,2.0089
110,O=C(N1CCNCC1)C2=CC=C3C=CC=CC3=C2,O=C(c1ccc2ccccc2c1)N1CCNCC1,-8.6,1.8852000000000002,0.8251970445485064,1.7632145551646285,240.30600000000004,1,2,1,32.34,3,18,0.07917484,0.027817672,True,0.191343875103583,docking_results_3_9.csv,0.034665823,0.011366379,0.04900377,0.01521845,0.07917484,0.010509907,0.010357564,0.06487574,0.011600364,0.012479999,0.017680991,0.016878225,True,1.8852000000000002,1.8852
194,CCC1=CC=CC=C1C2=CC=C(C=N2)C(=O)C3CCN(C4C3)[C@@H1]CNC4,CCc1ccccc1-c1ccc(C(=O)C2CCN3[CH]CNCC3C2)cn1,-8.6,3.339290000000002,0.8610112711803762,3.7094631700876475,348.4700000000001,1,4,4,45.230000000000004,4,26,0.09289339,0.038192015,True,0.1719166744837724,docking_results_3_13.csv,0.03399723,0.012126778,0.06580374,0.03348658,0.08666844,0.014557849,0.012429297,0.09289339,0.014391308,0.019256769,0.0435162,0.029176582,True,3.339290000000002,3.339290000000002
47,CC[NH1+1]1CCN(C2=CC=C(C=C2)C3=CC=CN=C3)CC1C(=O)NCC4=CC=CC=C4C,CC[NH+]1CCN(c2ccc(-c3cccnc3)cc2)CC1C(=O)NCc1ccccc1C,-8.6,2.466820000000001,0.650364429091761,3.7149839024450078,415.56100000000015,2,3,6,49.67,4,31,0.097710796,0.035598952,True,0.2180951119896031,docking_results_3_15.csv,0.028067263,0.009027388,0.06262644,0.02848316,0.097710796,0.015244117,0.012264087,0.07965412,0.012954164,0.020222783,0.042734064,0.018199036,True,2.466820000000001,2.466820000000001
52,C[C@H1]1CCCN(CC2=CC=C(OC3=CC=C(C=C3)C(=O)N4CCCNC4)C(=N2)CN)C1N,C[C@H]1CCCN(Cc2ccc(Oc3ccc(C(=O)N4CCCNC4)cc3)c(CN)n2)C1N,-8.6,2.2423000000000006,0.6344177209682905,3.7168503693321924,438.5760000000003,3,7,6,109.74,4,32,0.10494681,0.035608966,True,0.2130911153694528,docking_results_3_7.csv,0.035206635,0.01416635,0.055222746,0.025653757,0.070443615,0.012868605,0.011778559,0.10494681,0.015992967,0.017455336,0.028030315,0.03554188,True,2.2423000000000006,2.2423000000000006
150,CC[C@@H1](C)C(=O)NCC1=CC=C(Cl)C(=C1)C2=CC=C(C=C2)C(N)=O,CC[C@@H](C)C(=O)NCc1ccc(Cl)c(-c2ccc(C(N)=O)cc2)c1,-8.6,3.768200000000001,0.8368191160776792,2.3761016091751124,344.8420000000001,2,2,6,72.19,2,24,0.10621394,0.04143032,True,0.132071291487802,docking_results_3_5.csv,0.027186977,0.009881227,0.08521912,0.024233626,0.10621394,0.018953744,0.015002461,0.08700951,0.014762871,0.023379277,0.06670858,0.01861254,True,3.768200000000001,3.768200000000001
13,COC1=CC=C(C2=C1C=CC=CC3=C(CCNC3=O)C=C2C)CC(=O)NC(=O)NC,CNC(=O)NC(=O)Cc1ccc(OC)c2ccccc3c(cc(C)c12)CCNC3=O,-8.6,2.56522,0.7286005668872166,2.9666391915696373,407.47000000000014,3,4,3,96.53,3,30,0.106541574,0.03414691,True,0.217849773927026,docking_results_3_29.csv,0.028469838,0.009715416,0.106541574,0.018253893,0.05810236,0.010234541,0.011859818,0.08204096,0.013174324,0.017779864,0.03238076,0.0212096,True,2.56522,2.56522
187,C/C(=C/CCO)C(=O)N1CCCC2=CC(=CC=C12)S(=O)(=O)CC3=CC=CC=C3,C/C(=C/CCO)C(=O)N1CCCc2cc(S(=O)(=O)Cc3ccccc3)ccc21,-8.6,3.2684000000000024,0.7567910237854171,2.56039956024202,399.5120000000001,1,4,6,74.68,3,28,0.110126354,0.036848914,True,0.1783423463446214,docking_results_3_2.csv,0.0282177,0.014989958,0.016877139,0.02658698,0.072513446,0.020893553,0.023620069,0.110126354,0.009385241,0.03250863,0.06263528,0.02383261,True,3.2684000000000024,3.2684000000000024
78,O=S(=O)(NC1=CC=C(C=C1)[C@H1]2CNCCO2)C3=CC=C4C=CC=CC4=C3,O=S(=O)(Nc1ccc([C@H]2CNCCO2)cc1)c1ccc2ccccc2c1,-8.6,3.3015000000000017,0.7414622499834995,2.587492276982209,368.458,2,4,4,67.43,4,26,0.1103032,0.035447408,True,0.1753671416331162,docking_results_3_10.csv,0.033125136,0.010420261,0.04499016,0.02587384,0.1103032,0.016123021,0.012643924,0.06974148,0.009191635,0.015118646,0.06103138,0.016806222,True,3.3015000000000017,3.3015000000000017
156,C[C@H1](C(=O)N1CCOCC1)C2=CC=C3C=CC=CC3=C2,C[C@H](C(=O)N1CCOCC1)c1ccc2ccccc2c1,-8.6,2.802100000000001,0.8387204011028004,2.3679369034460738,269.344,0,2,2,29.540000000000003,3,20,0.11332982,0.0412444,True,0.2112292078788782,docking_results_3_11.csv,0.042364858,0.01793678,0.04217887,0.029546488,0.11332982,0.021822728,0.020610908,0.09563682,0.017944945,0.025294388,0.04133444,0.026931724,True,2.802100000000001,2.802100000000001
81,CC[C@](C)(CO)O[C@H1](C(N)=O)C1=CC=C2C=CC3=C(CCNC3=O)C2=C1,CC[C@](C)(CO)O[C@H](C(N)=O)c1ccc2ccc3c(c2c1)CCNC3=O,-8.6,1.8296999999999999,0.7347374678894323,3.7508146883062707,356.42200000000014,3,4,6,101.65,3,26,0.11525909,0.045874372,True,0.1868243723367409,docking_results_3_19.csv,0.043288123,0.019485844,0.06407887,0.03348661,0.090887,0.020838607,0.018970577,0.11525909,0.017833322,0.024170417,0.06266272,0.039531298,True,1.8296999999999999,1.8297
230,C1CCCC=C(N=CC=CC(OC2=CC=C(C=N2)C3CCNCC3)=CN1)N,NC1=CCCCCNC=C(Oc2ccc(C3CCNCC3)cn2)C=CC=N1,-8.6,2.9694000000000003,0.7647932280999615,3.962251725065073,367.4970000000002,3,6,3,84.56,3,27,0.121189326,0.034547415,True,0.2019238248171457,docking_results_3_25.csv,0.023060214,0.010852271,0.06839615,0.01985638,0.04440083,0.010773462,0.01406171,0.121189326,0.016570263,0.026909707,0.026197074,0.032301605,True,2.9694000000000003,2.9694000000000003
207,CCC(CC)(CO)C(=O)N1CC2=CC=CC=C2C[C@@H1]1C(=O)NCC3=CC=CC4=CC=CN=C34,CCC(CC)(CO)C(=O)N1Cc2ccccc2C[C@@H]1C(=O)NCc1cccc2cccnc12,-8.6,3.603200000000002,0.5821652885730391,3.173162119590801,445.56300000000016,2,4,7,82.53,4,33,0.1221596,0.046503976,True,0.1471400648132116,docking_results_3_17.csv,0.032846734,0.015605411,0.047368377,0.03977554,0.10286174,0.024269005,0.021738835,0.1221596,0.018728347,0.032714557,0.06623699,0.0337426,True,3.603200000000002,3.603200000000002
120,O=C(N[C@@H1]1CCN2CCC[C@@H1]2C1)C3=CC=C4C=CC=CC4=C3,O=C(N[C@@H]1CCN2CCC[C@@H]2C1)c1ccc2ccccc2c1,-8.6,3.1964000000000024,0.9222645584992629,2.6244382305855805,294.398,1,2,2,32.34,4,22,0.122564495,0.05427808,True,0.1846237755326784,docking_results_3_3.csv,0.048445705,0.020254672,0.07577325,0.05260291,0.10956243,0.023892054,0.019998092,0.122564495,0.019517899,0.02623289,0.085398994,0.04709362,True,3.1964000000000024,3.1964000000000024
63,CS(=O)(=O)C1=CC=C(C=C1)C2=CC=NC=3N(C=CC2=3)[C@H1]4CNCCO4,CS(=O)(=O)c1ccc(-c2ccnc3c2ccn3[C@H]2CNCCO2)cc1,-8.6,2.2252,0.7780902688156586,3.093242768634463,357.4350000000002,1,5,3,73.22,4,25,0.12471376,0.05449134,True,0.2124063126065903,docking_results_3_4.csv,0.044503935,0.01976961,0.09822126,0.04467211,0.11279963,0.021475408,0.018408574,0.12471376,0.022986455,0.021312973,0.07602324,0.049009115,True,2.2252,2.2252
160,CC[C@H1]CCC=1[NH1+1]CN=C(NC(=O)C2=CC3=CC(C)=CC=C3O2)N(C)C=1,CC[CH]CCC1=CN(C)C(NC(=O)c2cc3cc(C)ccc3o2)=NC[NH+]1,-8.6,2.31501,0.8103846493564043,3.952771277405448,353.4460000000001,2,5,5,73.44,3,26,0.13304876,0.0462151,True,0.2155369740513288,docking_results_3_1.csv,0.022662405,0.0096917115,0.13101815,0.031339757,0.056040972,0.012403886,0.015142208,0.13304876,0.019188665,0.0276768,0.056797218,0.03957067,True,2.31501,2.31501
70,O=CC1C2=CC=CC=C2C(=O)N1CCCN3CCN(CC3)C4=CC=CC5=CC=CC=C45,O=CC1c2ccccc2C(=O)N1CCCN1CCN(c2cccc3ccccc23)CC1,-8.6,3.747900000000003,0.5776115533654299,2.8784629030086535,413.5210000000001,0,4,6,43.86000000000001,5,31,0.13584565,0.05098218,True,0.1338751201663881,docking_results_3_21.csv,0.033040304,0.015523244,0.08524355,0.046631422,0.085524194,0.019929845,0.022451732,0.13584565,0.023919633,0.032923203,0.0648956,0.04585772,True,3.747900000000003,3.747900000000003
159,CC1=CC(C)=NC(=N1)NC2CCN(C(=O)C2)C3=CC=C(Cl)C(C)=C3,Cc1cc(C)nc(NC2CCN(c3ccc(Cl)c(C)c3)C(=O)C2)n1,-8.6,3.6627600000000022,0.9226629360586779,2.7615085499954866,344.846,1,4,3,58.120000000000005,3,24,0.1475389,0.040457,True,0.1416063635579791,docking_results_3_1.csv,0.018812733,0.0061334455,0.1475389,0.038337626,0.0454978,0.008992514,0.0118360035,0.0929948,0.013155746,0.023614809,0.05187461,0.026694994,True,3.6627600000000022,3.662760000000002
178,CN(C(=O)CN1CCC(CO)CC1)C=CC2=CC=C3C=CC(=CC3=C2)C(=O)N4CCNCC4,CN(C=Cc1ccc2ccc(C(=O)N3CCNCC3)cc2c1)C(=O)CN1CCC(CO)CC1,-8.6,2.0185999999999997,0.7043742109857127,2.8061602356815207,450.5830000000003,2,5,6,76.12,4,33,0.150319,0.040637504,True,0.2011297792266244,docking_results_3_15.csv,0.035040904,0.020753115,0.030621033,0.02081116,0.07385005,0.017961087,0.017412454,0.150319,0.021152424,0.025180796,0.027083723,0.04746432,True,2.0185999999999997,2.0186
83,CCS(=O)(=O)C1=CC=C(C=N1)C2=CC=C(C)C(=C2)C3=CC=C(C=N3)C(N)=O,CCS(=O)(=O)c1ccc(-c2ccc(C)c(-c3ccc(C(N)=O)cn3)c2)cn1,-8.6,3.011520000000001,0.7316260229579359,2.3887081156841745,381.4570000000001,1,5,5,103.00999999999999,3,27,0.16899906,0.061294403,True,0.1990698047616511,docking_results_3_6.csv,0.044651337,0.01985065,0.16899906,0.034949984,0.12974057,0.025476387,0.020803196,0.1200668,0.030823682,0.025383683,0.076305196,0.038482204,True,3.011520000000001,3.011520000000001
24,O=S(=O)(CC1CCO1)C2=CC=C3C=CC4=C(CCNC4=O)C3=C2,O=C1NCCc2c1ccc1ccc(S(=O)(=O)CC3CCO3)cc21,-8.6,1.6883000000000001,0.9288299404294673,3.057996453360648,331.3930000000001,1,4,3,72.47,4,23,0.17678283,0.06720141,True,0.1744410246709165,docking_results_3_25.csv,0.049589448,0.029649701,0.07388111,0.056191705,0.10015267,0.031733807,0.032356907,0.17678283,0.02657893,0.039302316,0.118399404,0.07179822,True,1.6883000000000001,1.6883
240,NC(=O)COC1=CC=C(F)C2=C1C=CC=C(OCC3=NC(CO)=CC=C3F)C2Cl,NC(=O)COc1ccc(F)c2c1C=CC=C(OCc1nc(CO)ccc1F)C2Cl,-8.6,3.1236000000000015,0.6684020166152279,3.7581252573978503,422.81500000000005,2,5,7,94.67000000000002,3,29,0.18999943,0.05882727,True,,docking_results_3_0_add_B.csv,0.0337068,0.021667363,0.10305722,0.03962055,0.05473365,0.020302584,0.028356118,0.18999943,0.025570275,0.045537423,0.075843774,0.06753212,True,3.1236000000000015,
96,CC(=O)N[C@@H1](C)CN1C=C(C=N1)C2=CC=C(C=C2)C3=CC=C(C=C3)C(N)=O,CC(=O)N[C@@H](C)Cn1cc(-c2ccc(-c3ccc(C(N)=O)cc3)cc2)cn1,-8.6,2.8406000000000002,0.7064018205294377,2.591185712919323,362.4330000000001,2,3,6,90.00999999999999,3,27,0.19372195,0.06626853,True,0.2093984703315084,docking_results_3_5.csv,0.05242593,0.021570958,0.19372195,0.03508459,0.15112546,0.029000582,0.020793794,0.118683465,0.034716856,0.027771622,0.07343847,0.03688875,True,2.8406000000000002,2.8406
65,C1CN(CCN1C2=CC(=NC=N2)C(N)=O)C3=CC(=CC=C3Cl)C=4C=NN(C)C=4,Cn1cc(-c2ccc(Cl)c(N3CCN(c4cc(C(N)=O)ncn4)CC3)c2)cn1,-8.6,1.9559999999999995,0.7228879335191026,2.522888313893432,397.8700000000001,1,6,4,93.16999999999999,4,28,0.19408147,0.05323332,True,,docking_results_3_0_add_B.csv,0.029103162,0.013997925,0.19408147,0.033181347,0.051509444,0.011522956,0.015641272,0.1426394,0.029860536,0.023601372,0.03654813,0.05711288,True,1.9559999999999995,
194,O=C(NCCC1=CC=CC=C1)C2=CC=C3C=CC=CC3=C2,O=C(NCCc1ccccc1)c1ccc2ccccc2c1,-8.6,3.812300000000003,0.770393067556087,1.45865255343465,275.35100000000006,1,1,4,29.1,3,21,0.1966632,0.06431292,True,0.1282142056172368,docking_results_3_11.csv,0.028850812,0.010649637,0.14077729,0.040063642,0.1966632,0.034270573,0.021092117,0.09806669,0.019571315,0.034461014,0.12947236,0.017816368,True,3.812300000000003,3.812300000000003
160,C1C2=CC=C(C=C2N=C1NC(=O)C3=CC=CC=C3F)CN=CC=4CCNCC=4,O=C(NC1=Nc2cc(CN=CC3=CCNCC3)ccc2C1)c1ccccc1F,-8.6,3.332300000000002,0.804128166934088,3.241545068114821,376.4350000000002,2,4,4,65.85,4,28,0.19923793,0.071295716,True,0.1725587330313987,docking_results_3_10.csv,0.030909235,0.017522482,0.15930222,0.053348877,0.07413856,0.023388162,0.029208902,0.19923793,0.032349102,0.04904471,0.11589391,0.07120454,True,3.332300000000002,3.332300000000002
217,CC=NN=C(C1=CC=CC2=CC=C(C=C12)C(=O)N3CCOCC3)C,CC=NN=C(C)c1cccc2ccc(C(=O)N3CCOCC3)cc12,-8.6,3.126900000000002,0.6435200251109893,2.557473606665603,323.39600000000013,0,4,3,54.260000000000005,3,24,0.19978812,0.06790628,True,0.1903783727437271,docking_results_3_18.csv,0.037074182,0.018579228,0.19978812,0.044360902,0.086859755,0.02180632,0.023783742,0.1670739,0.036769845,0.036433823,0.0794352,0.06291034,True,3.126900000000002,3.126900000000002
39,CN(C)C(=O)C1=CC=C(C=C1)C2=CC=C(F)C(=C2)C(C)(C)O,CN(C)C(=O)c1ccc(-c2ccc(F)c(C(C)(C)O)c2)cc1,-8.6,3.421900000000002,0.94337509255239,2.0434039308503813,301.361,1,2,3,40.540000000000006,2,22,0.20740484,0.062139094,True,0.1642282657666472,docking_results_3_2.csv,0.019444851,0.0072071706,0.08796624,0.056818407,0.14589655,0.029111188,0.014405249,0.11272103,0.012083633,0.031148536,0.20740484,0.021461422,True,3.421900000000002,3.421900000000002
137,C=CCN1C(N)=NC=CC(F)=CC(C2=CC=NC(C(F)(F)F)=C2)=C1,C=CCn1cc(-c2ccnc(C(F)(F)F)c2)cc(F)ccnc1N,-8.6,3.9956000000000023,0.6798263959198393,3.250859651133153,338.308,1,3,3,56.730000000000004,2,24,0.20755622,0.063471854,True,0.1132669012180523,docking_results_3_12.csv,0.028995533,0.0133943865,0.20755622,0.0628836,0.067790896,0.016875217,0.02197143,0.13965483,0.029116888,0.035097353,0.08343034,0.054895576,True,3.9956000000000023,3.995600000000002
42,CC(C)C1=NN=C(NC(=O)C2=CC=C3C=CC=CC3=C2)NC1,CC(C)C1=NN=C(NC(=O)c2ccc3ccccc3c2)NC1,-8.6,2.5408,0.8935908073253228,2.740584895648295,294.35800000000006,2,4,2,65.85,3,22,0.20943062,0.061530754,True,0.218051215713556,docking_results_3_7.csv,0.029218253,0.01126848,0.20943062,0.0330311,0.11378627,0.019743528,0.016334994,0.1290565,0.028363608,0.025070312,0.08600141,0.03706404,True,2.5408,2.5408
200,CC1=NC=CN1CCOC2=CC=C(C=C2)C3=CC=CC(=C3)C(N)=O,Cc1nccn1CCOc1ccc(-c2cccc(C(N)=O)c2)cc1,-8.6,3.0364200000000006,0.7583948781062682,1.9994414996421916,321.3800000000001,1,3,6,70.14,3,24,0.21004643,0.060289923,True,0.1972974639528477,docking_results_3_3.csv,0.04435164,0.016835945,0.21004643,0.033038065,0.1268457,0.022962462,0.01847885,0.103164375,0.027682403,0.025744844,0.06545073,0.028877698,True,3.0364200000000006,3.036420000000001
2,C1=CN=C(N1C2=CC=C(C=N2)C3=CC=CC(O)=C34)CCCNCCC4,Oc1cccc2c1CCCNCCCc1nccn1-c1ccc-2cn1,-8.6,3.1083000000000007,0.6630006459858068,3.8040263562504606,334.4230000000002,2,4,0,62.97,5,25,0.22003278,0.061764996,True,0.1918577061296596,docking_results_3_24.csv,0.037452117,0.0154813705,0.22003278,0.05208066,0.08135496,0.0167427,0.016954875,0.13048589,0.03021898,0.025918012,0.06015293,0.05430469,True,3.1083000000000007,3.1083000000000007
156,C[C@@H1]1CCC2=C(C=CC=C2C1NC(=O)C3=CC=CC=C3N4N=CC=N4)C(=O)NCC,CCNC(=O)c1cccc2c1CC[C@@H](C)C2NC(=O)c1ccccc1-n1nccn1,-8.6,3.070400000000001,0.6852182083130628,3.4210383460709624,403.48600000000016,2,4,5,88.91,4,30,0.22602564,0.06547306,True,0.194783270738996,docking_results_3_27.csv,0.023334768,0.009238554,0.22602564,0.054602783,0.087537475,0.018340483,0.017605552,0.13301726,0.02565548,0.032082874,0.11611121,0.042124663,True,3.070400000000001,3.070400000000001
13,O=C(C1=CSN=N1)N2CCN(CC2)C3=NC(=CN=C3N4CCCCC4)C5=CC=NC=C5,O=C(c1csnn1)N1CCN(c2nc(-c3ccncc3)cnc2N2CCCCC2)CC1,-8.6,2.3428000000000004,0.6155298996541485,2.7107090547729644,436.54500000000024,0,9,4,91.24000000000001,5,31,0.22745101,0.072376765,True,0.2162671311803009,docking_results_3_1.csv,0.03539454,0.024481408,0.16174358,0.05512248,0.060264885,0.019038303,0.027279692,0.22745101,0.051460546,0.039343532,0.04988674,0.11705446,True,2.3428000000000004,2.3428000000000004
27,CC1=CC(NC(=O)C2=CC=C(F)C=C2Cl)=CC=C1C(N)=O,Cc1cc(NC(=O)c2ccc(F)cc2Cl)ccc1C(N)=O,-8.6,3.138720000000001,0.9140652945791722,1.7930112317682028,306.7240000000001,2,2,3,72.19,2,21,0.22831504,0.06873315,True,0.189424222881133,docking_results_3_21.csv,0.02267443,0.010126061,0.22831504,0.0365421,0.1000238,0.020877372,0.018656515,0.1454505,0.023271773,0.031534545,0.15025963,0.03706598,True,3.138720000000001,3.138720000000001
95,CC=CC1=C(C2=CC=C(C=N2)C(=O)NC(C)C3=CC=C(C)N=N3)C=C1,CC=CC1=C(c2ccc(C(=O)NC(C)c3ccc(C)nn3)cn2)C=C1,-8.6,3.570520000000002,0.9086815968059675,3.512861566034246,332.40700000000004,1,4,5,67.77000000000001,3,25,0.25126934,0.08289829,True,0.1502062669595487,docking_results_3_4.csv,0.02154075,0.01507124,0.21237047,0.05923837,0.058316752,0.0228933,0.029103944,0.25126934,0.035759117,0.069946095,0.13942145,0.07984863,True,3.570520000000002,3.570520000000002
75,CC(C1)=CCC(=CO1)C2=CC=C3C=C(NS(C)(=O)=O)C=CC3=C2,CC1=CCC(c2ccc3cc(NS(C)(=O)=O)ccc3c2)=COC1,-8.6,3.918800000000002,0.8684682555540781,2.8203208380625924,329.4210000000001,1,3,3,55.4,3,23,0.25280777,0.10921687,True,0.1192977449546781,docking_results_3_8.csv,0.058957215,0.039985444,0.14104952,0.08218531,0.18345807,0.06445692,0.04950934,0.25280777,0.05617401,0.071538605,0.21456742,0.09591286,True,3.918800000000002,3.918800000000002
185,O=C(CC1C2=CC=CC=C2OC3=CC=CC=C13)NC4=NCCS4,O=C(CC1c2ccccc2Oc2ccccc21)NC1=NCCS1,-8.6,3.5333000000000023,0.9191649367030632,2.5795343431095805,324.4050000000001,1,4,2,50.69,4,23,0.25564644,0.112349935,True,0.1537147511426231,docking_results_3_16.csv,0.039865397,0.026319522,0.25123304,0.09419365,0.12612413,0.044104986,0.05248907,0.25564644,0.060963422,0.08193362,0.20925654,0.10606948,True,3.5333000000000023,3.5333000000000023
4,O=C(NCC1=CC=CC=C1)NC(=O)C2=CC=CC3=CC=CN=C23,O=C(NCc1ccccc1)NC(=O)c1cccc2cccnc12,-8.6,2.8744000000000014,0.7813538925564829,1.8259631943285992,305.33700000000005,2,3,3,71.09,3,23,0.25951722,0.07789963,True,0.2076321509482175,docking_results_3_8.csv,0.03814752,0.016792605,0.25951722,0.040299453,0.1651097,0.031949904,0.026648834,0.13680393,0.044186454,0.038218215,0.10042146,0.036700286,True,2.8744000000000014,2.8744000000000014
215,O=C(NCC1=CC=CC=C12)C=CC3=CC(=O)C4=CC=CC=C4N3C2=O,O=C1C=Cc2cc(=O)c3ccccc3n2C(=O)c2ccccc2CN1,-8.6,2.333,0.6877608299559871,3.2094696917113863,330.3430000000001,1,3,0,68.17,4,25,0.25975442,0.09358854,True,0.2160227956005575,docking_results_3_1.csv,0.055533852,0.030882688,0.25975442,0.05401806,0.13842547,0.03521504,0.033274774,0.20257516,0.053785417,0.040215474,0.13624448,0.08313766,True,2.333,2.333
17,C[C@H1](CCCS)C1=CC=C2C3=C(CCNC3=O)C=CC2=C1,C[C@H](CCCS)c1ccc2c3c(ccc2c1)CCNC3=O,-8.6,3.9392000000000023,0.8227303696160275,3.1600751528899895,299.43899999999996,2,2,4,29.1,3,21,0.29709724,0.10845188,True,0.1176612289639892,docking_results_3_17.csv,0.038548455,0.025108164,0.13971764,0.119556114,0.13492166,0.05200716,0.0428909,0.24377762,0.035165396,0.076293215,0.29709724,0.09633899,True,3.9392000000000023,3.939200000000002
56,C[NH1+1](C)CC1=CC=CC(=C1)C2=CC=CC=CC=C3N=C(N)N=C(N)C3=C2,C[NH+](C)Cc1cccc(-c2ccccccc3nc(N)nc(N)c3c2)c1,-8.6,2.2301,0.6791313469839716,3.2091639533144125,346.45800000000014,3,4,3,82.26,3,26,0.2994059,0.065798484,True,0.2126067155222487,docking_results_3_1.csv,0.018929232,0.0060893027,0.2994059,0.04208579,0.12835741,0.017223693,0.011504608,0.10017353,0.025066657,0.021994261,0.09543225,0.023319166,True,2.2301,2.2301
51,C1C=CC=C(CNC(=O)C2=C(C)N=CC(=C2N3)N=CC=C4C=CN(C)C4=C3)C1,Cc1ncc2nccc3ccn(C)c3c[nH]c2c1C(=O)NCC1=CC=CCC1,-8.6,3.888620000000002,0.7312876453282907,3.652141384812791,373.46000000000015,2,3,3,75.6,4,28,0.31408903,0.09062161,True,0.1217626545333392,docking_results_3_9.csv,0.035081737,0.020088386,0.31408903,0.0713885,0.083442256,0.02509099,0.0302479,0.21035784,0.056480594,0.053862065,0.10000088,0.08732918,True,3.888620000000002,3.888620000000002
154,CC(C)OC1=CC=C(C=C1)[C@H1]2OC(=O)C[C@@H1]2C3=CC=CC(O)=C3,CC(C)Oc1ccc([C@H]2OC(=O)C[C@@H]2c2cccc(O)c2)cc1,-8.6,3.9512000000000027,0.8685104825758359,3.060408492526502,312.365,1,4,4,55.760000000000005,3,23,0.3168576,0.10234669,True,0.1167100525411689,docking_results_3_3.csv,0.056131702,0.028812928,0.07507224,0.081195034,0.26866302,0.07960931,0.031835914,0.17004941,0.023850877,0.049358733,0.3168576,0.046723504,True,3.9512000000000027,3.9512000000000023
52,O=C(NCCCNC1=CC=CC=N1)C2=CC=C3C=CC4=C(CCNC4=O)C3=C2,O=C(NCCCNc1ccccn1)c1ccc2ccc3c(c2c1)CCNC3=O,-8.6,2.752700000000001,0.5795607785541838,2.401066644099812,374.44400000000024,3,4,6,83.12,4,28,0.31901088,0.094116844,True,0.2132835998989773,docking_results_3_27.csv,0.044481695,0.022906013,0.31901088,0.062022943,0.11926567,0.031426843,0.03008102,0.19334188,0.0531294,0.04570012,0.13016884,0.07786693,True,2.752700000000001,2.752700000000001
243,OCC#CC1=CC=C(C=C1)C2=CC=C3C=C4N(CCNC4=O)C(=O)C3=C2,O=C1NCCn2c1cc1ccc(-c3ccc(C#CCO)cc3)cc1c2=O,-8.6,1.7556999999999996,0.6609536970999137,2.6049624125405835,344.37000000000006,2,3,1,71.33,4,26,0.32829726,0.13865992,True,0.1804762783137233,docking_results_3_18.csv,0.08866726,0.07576122,0.24431951,0.09334936,0.16871426,0.07020041,0.056722187,0.32829726,0.08877218,0.073527575,0.1993262,0.17626181,True,1.7556999999999996,1.7556999999999996
24,CC(=O)N(C)C1=CC=C(C=C1)C2=CC=C(O3)C(=C2)C(N)CCC3,CC(=O)N(C)c1ccc(-c2ccc3c(c2)C(N)CCCO3)cc1,-8.6,3.508700000000001,0.9232404112645366,2.709482370520412,310.39700000000016,1,3,2,55.56,3,23,0.3367307,0.11133087,True,0.1560389049518676,docking_results_3_7.csv,0.046378367,0.022589937,0.3367307,0.09055574,0.17161499,0.044956133,0.030860396,0.20192973,0.05440074,0.055978086,0.20534207,0.074633494,True,3.508700000000001,3.508700000000001
182,[NH3+1][C@@]1(CO)COC=C(C1=O)C=CC=CC2=CC=CC3=CC=CC=C23,[NH3+][C@@]1(CO)COC=C(C=CC=Cc2cccc3ccccc23)C1=O,-8.6,1.8653999999999995,0.8439806161870304,3.9361746708959986,322.38400000000007,2,3,4,74.17000000000002,3,24,0.34182042,0.11654172,True,0.1897580142017698,docking_results_3_12.csv,0.038398165,0.040449306,0.11702037,0.080921635,0.122606084,0.06284336,0.071900114,0.34182042,0.06926782,0.11803195,0.20128836,0.13395303,True,1.8653999999999995,1.8653999999999995
208,CCOC(=O)C1=CC=C(C2=C1)C=CC=C3C=CC4=C(CCNC4=O)C3=C2,CCOC(=O)c1ccc2c(c1)C=c1c3c(ccc1=CC=C2)C(=O)NCC3,-8.6,1.7852999999999999,0.8445245999582908,3.1421987202328916,345.39800000000014,1,3,2,55.4,4,26,0.34345567,0.1390538,True,0.1830550163102902,docking_results_3_28.csv,0.07579991,0.05905113,0.2550728,0.0939256,0.1653592,0.069517665,0.040521085,0.34345567,0.057294503,0.07113576,0.2889963,0.14851606,True,1.7852999999999999,1.7853
39,C1CNC=C(NC2=NC(=NC(=N2)C3=CC=CC=N3)C4CCCC4)C1=O,O=C1CCNC=C1Nc1nc(-c2ccccn2)nc(C2CCCC2)n1,-8.6,2.4069000000000003,0.8853393958311603,3.095370986696393,336.3990000000002,2,7,4,92.69,4,25,0.35356975,0.1267313,True,0.2175069395404395,docking_results_3_11.csv,0.034640025,0.024656093,0.35356975,0.10683062,0.09779411,0.03519553,0.041319437,0.30902356,0.082025856,0.07058086,0.19954504,0.16559477,True,2.4069000000000003,2.4069000000000003
18,C[C@@H1](C1=CC=C(O)C=C1)C2=CN=C3C=CC4=C(CCNC4=O)C3=N2,C[C@@H](c1ccc(O)cc1)c1cnc2ccc3c(c2n1)CCNC3=O,-8.6,2.7731000000000003,0.7614354287574858,3.195692396648507,319.364,2,4,2,75.11000000000001,4,24,0.36124465,0.14484385,True,0.2124762182305504,docking_results_3_13.csv,0.052148055,0.035538398,0.36124465,0.12369843,0.15422104,0.05558665,0.04311728,0.30818355,0.069414504,0.0685381,0.31291616,0.15351944,True,2.7731000000000003,2.7731000000000003
183,C[C@H1](OC1=CC(=CC=N1)C2=CC=C3NC(=O)CCC3=C2)C(F)(F)F,C[C@H](Oc1cc(-c2ccc3c(c2)CCC(=O)N3)ccn1)C(F)(F)F,-8.6,3.962900000000002,0.9228378033431779,3.0117168163559898,336.31299999999993,1,3,3,51.22,3,24,0.36207417,0.16429487,True,0.1157909915301409,docking_results_3_6.csv,0.06089717,0.04611012,0.31460974,0.17342949,0.18971717,0.077029474,0.060618617,0.32828623,0.088434316,0.090890236,0.36207417,0.17944162,True,3.962900000000002,3.962900000000002
255,COC1=CC=C(C=N1)C2=CC=3N(N=CC=3C=N2)C=CC=CC=CC=CNC(N)=O,COc1ccc(-c2cc3c(cn2)cnn3C=CC=CC=CC=CNC(N)=O)cn1,-8.6,3.2670000000000003,0.604085451762124,3.538631954488258,388.4310000000001,2,5,7,107.94999999999999,3,29,0.36550668,0.11774983,True,0.1784670931747146,docking_results_3_11.csv,0.032392044,0.035357136,0.3386642,0.045164768,0.06811719,0.033388063,0.05225584,0.36550668,0.10735951,0.09992689,0.08462822,0.15023743,True,3.2670000000000003,3.2670000000000003
175,CC1=C(C=CC=C1C2=CC=C3C=CC=CC3=C2)C(=O)NC=O,Cc1c(C(=O)NC=O)cccc1-c1ccc2ccccc2c1,-8.6,3.7014200000000033,0.7472153552419336,2.0784266538900535,289.334,1,2,3,46.17,3,22,0.37160558,0.14951932,True,0.138065331457284,docking_results_3_13.csv,0.041695092,0.029350951,0.37160558,0.098046094,0.24673428,0.07708531,0.051328752,0.28106076,0.07559951,0.08540981,0.34339854,0.09291719,True,3.7014200000000033,3.7014200000000033
210,C[C@@H1](CN1C2=CC=CN=C2C(=O)NC1C=O)NC3=CC=C4C=CC=CC4=C3,C[C@@H](CN1c2cccnc2C(=O)NC1C=O)Nc1ccc2ccccc2c1,-8.6,2.810200000000001,0.684624047619538,3.5815299476628795,360.4170000000001,2,5,5,74.33,4,27,0.3770969,0.13279717,True,0.2108604411470856,docking_results_3_15.csv,0.044907924,0.025841052,0.3770969,0.1116134,0.17859662,0.050826382,0.042786796,0.25691697,0.082483985,0.06816831,0.2391778,0.11514996,True,2.810200000000001,2.810200000000001
218,COC1=CC=C(C=C1)C2=CC=C3C=C(OCC(N)=O)C=CC3=C2,COc1ccc(-c2ccc3cc(OCC(N)=O)ccc3c2)cc1,-8.6,3.379500000000001,0.7857510988591474,1.7431922205262822,307.349,1,3,5,61.550000000000004,3,23,0.37938982,0.11961606,True,0.1681947020215888,docking_results_3_9.csv,0.07100358,0.03919163,0.37938982,0.058697164,0.2445863,0.05969451,0.037539426,0.19630355,0.07640928,0.05017473,0.15157893,0.070823826,True,3.379500000000001,3.379500000000001
47,COC=CC(C=CC1=CC=C2C=C(O)C(C)=CC2=C1)C(=O)NC(=O)NC,CNC(=O)NC(=O)C(C=COC)C=Cc1ccc2cc(O)c(C)cc2c1,-8.6,3.0989200000000006,0.720162522236411,3.4680710219214816,354.40600000000006,3,4,5,87.66,2,26,0.3901038,0.14082547,True,0.192593112165415,docking_results_3_29.csv,0.04326072,0.045007315,0.21584271,0.069331,0.15341216,0.077776805,0.07442349,0.3901038,0.10910355,0.13750996,0.22491921,0.14921494,True,3.0989200000000006,3.098920000000001
212,O=C(NC1=NC=C(C=N1)C=CC=C2C=CC3=C(CCNC3=O)C2)C,CC(=O)Nc1ncc(C=CC=C2C=CC3=C(CCNC3=O)C2)cn1,-8.6,2.151,0.8929046693709614,3.4844736066656044,322.36800000000005,2,4,3,83.97999999999999,3,24,0.39246464,0.10038078,True,0.2089731506185863,docking_results_3_26.csv,0.049282547,0.060397148,0.09627239,0.04104924,0.067275055,0.04320428,0.052589007,0.39246464,0.069927715,0.095510826,0.08277945,0.15381706,True,2.151,2.151
184,CN(CC1=NN(C)C2=CC=CC=C12)C(=O)NC3=CC=C(C=N3)C#N,CN(Cc1nn(C)c2ccccc12)C(=O)Nc1ccc(C#N)cn1,-8.6,2.5038800000000005,0.8030022707581622,2.4612918537637736,320.35600000000005,1,4,3,86.84,3,24,0.3979976,0.102877975,True,0.2181797003331977,docking_results_3_0.csv,0.039658047,0.021538815,0.3979976,0.073171094,0.11295768,0.029910197,0.030499706,0.20688441,0.07698636,0.04923035,0.10451601,0.09118537,True,2.5038800000000005,2.5038800000000005
92,C=CCOC1=CC=C(C=C1C#N)C=CC=C2C3=C(CCNC3=O)C=CC2=C,C=CCOc1ccc(C=CC=c2c3c(ccc2=C)CCNC3=O)cc1C#N,-8.6,2.31318,0.8365543329468713,3.2872638239758842,356.4250000000001,1,3,5,62.12,3,27,0.42174068,0.15983425,True,0.2154848634761447,docking_results_3_16.csv,0.07203173,0.0764101,0.26746184,0.09813141,0.1503029,0.08454103,0.0662795,0.42174068,0.09800226,0.11879482,0.26270935,0.20160544,True,2.31318,2.31318
221,O=C(NC(=O)C1=CC=C2C=CC=CC2=C1)C3=CC=C4C=CC5=C(CCNC5=O)C4=C3,O=C(NC(=O)c1ccc2ccc3c(c2c1)CCNC3=O)c1ccc2ccccc2c1,-8.6,3.8491000000000026,0.507301060007349,2.2957058629769165,394.4300000000002,2,3,2,75.27000000000001,5,30,0.43400848,0.15723139,True,0.1250659477128733,docking_results_3_26.csv,0.054016806,0.038704354,0.43400848,0.097774796,0.21867903,0.07000513,0.044822145,0.31036997,0.08186386,0.06792518,0.33827278,0.13033408,True,3.8491000000000026,3.849100000000002
9,CC1=NOC(C)=C1C2NC3=CC(=CN=C3C2=O)C4=CC=C(C=C4)C(N)=O,Cc1noc(C)c1C1Nc2cc(-c3ccc(C(N)=O)cc3)cnc2C1=O,-8.6,2.8018400000000003,0.7527119608717336,3.249601053533704,348.3620000000001,2,6,3,111.11000000000001,4,26,0.45260817,0.11658031,True,0.2112408981617825,docking_results_3_4.csv,0.042569812,0.024620466,0.45260817,0.071317434,0.11408674,0.030695282,0.027767424,0.24066672,0.064945996,0.041678675,0.17402244,0.11398462,True,2.8018400000000003,2.8018400000000003
164,COC1=CC=C(OC)C=C1C2=CC=C3C=C(OCC(N)=O)C=CC3=C2,COc1ccc(OC)c(-c2ccc3cc(OCC(N)=O)ccc3c2)c1,-8.6,3.3881000000000014,0.748334787494395,1.9083355265341737,337.37500000000006,1,4,6,70.78,3,25,0.45850566,0.1232393,True,0.1673931644594936,docking_results_3_18.csv,0.05961185,0.03217953,0.45850566,0.064160176,0.1976524,0.049569234,0.035237152,0.2084296,0.07770945,0.05089925,0.16374029,0.08117694,True,3.3881000000000014,3.388100000000001
36,O=C(NC1=CC=CC=C1Cl)C2=CC3=CC=CC=C3[NH1]C2=O,O=C(Nc1ccccc1Cl)c1cc2ccccc2[nH]c1=O,-8.6,3.4338000000000024,0.7611181401918732,1.7416982358167843,298.729,2,2,2,61.96,3,21,0.46724528,0.12593494,True,0.1631094344561174,docking_results_3_6.csv,0.03308323,0.017599722,0.46724528,0.07807589,0.17842782,0.041348334,0.034500945,0.21662226,0.06379544,0.05548532,0.2517526,0.07328246,True,3.4338000000000024,3.4338000000000024
87,CCCOC1=NC=CC=C1C2=CC=C3C4=C(CCNC4=O)C=CC3=C2,CCCOc1ncccc1-c1ccc2c3c(ccc2c1)CCNC3=O,-8.6,3.9765000000000024,0.7861585301574409,2.4691945449226917,332.403,1,3,4,51.22,4,25,0.47322425,0.14101602,True,0.1147331722879984,docking_results_3_15.csv,0.048567165,0.028387712,0.47322425,0.11793591,0.15920421,0.0472344,0.038684495,0.25992486,0.07794107,0.063648604,0.25205967,0.12537977,True,3.9765000000000024,3.9765000000000015
110,COC1=CC=CN=C1OC2=CC=C(C=C2)[C@H1]3NC(=O)C4=NC=CC=C4N3,COc1cccnc1Oc1ccc([C@H]2NC(=O)c3ncccc3N2)cc1,-8.6,3.1316000000000006,0.7533852355772371,2.996764544188686,348.3620000000001,2,6,4,85.37,4,26,0.48195687,0.11865463,True,0.1900002541591166,docking_results_3_13.csv,0.0361334,0.016742136,0.48195687,0.086474806,0.14525342,0.032951824,0.025998447,0.2053592,0.060754035,0.044110287,0.20607203,0.0820489,True,3.1316000000000006,3.1316000000000006
121,COC1=CC(O)=CC(=C1)C=CC=C2C3=C(CCNC3=O)C=CC2=C,C=c1ccc2c(c1=CC=Cc1cc(O)cc(OC)c1)C(=O)NCC2,-8.6,1.5908999999999998,0.9025246601228085,3.1563117632660367,321.37600000000003,2,3,3,58.56,3,24,0.48224115,0.19481808,True,0.1654292870573287,docking_results_3_23.csv,0.058632728,0.061861817,0.37171793,0.12483309,0.19024295,0.10249303,0.057405293,0.48224115,0.090905465,0.12722681,0.45139378,0.21886288,True,1.5908999999999998,1.5908999999999998
53,CCCS(=O)(=O)C=C1C=CN2C(=N[NH1]C12)C3=CC=C4C=CC=CC4=C3,CCCS(=O)(=O)C=C1C=CN2C(c3ccc4ccccc4c3)=NNC12,-8.6,2.968700000000001,0.9179102199884389,3.8092043070960013,353.44700000000006,1,5,4,61.77,4,25,0.49629715,0.1933213,True,0.2019696634532364,docking_results_3_12.csv,0.03193872,0.039268516,0.22839059,0.17500909,0.16431724,0.093781576,0.091452025,0.49629715,0.111430764,0.16987766,0.47451565,0.24357669,True,2.968700000000001,2.968700000000001
8,O=C(CNC1CC=2N=NNC=2C(C3=CC=C(F)C=C3F)NC1)C4=CC=CC=C4,O=C(CNC1CNC(c2ccc(F)cc2F)c2[nH]nnc2C1)c1ccccc1,-8.5,2.1590999999999996,0.5884340992457919,3.6816660341035625,383.4020000000001,3,5,5,82.7,4,28,0.04852367,0.017720932,True,0.174052655904684,docking_results_3_18.csv,0.021757659,0.0054098805,0.0357932,0.013094044,0.04852367,0.005203014,0.005732236,0.04157646,0.005363123,0.0081897685,0.012389939,0.009618179,True,2.1590999999999996,2.1591
155,CC1(C)[C@H1](N)[C@@H1](CC(O)=O)N1CC2=CC=CC(=C23)C=CC4=CC=CC=C4C3,CC1(C)[C@H](N)[C@@H](CC(=O)O)N1Cc1cccc2c1Cc1ccccc1C=C2,-8.5,3.5260000000000025,0.7451159327010275,3.866666727482251,362.47300000000007,2,3,4,66.56,4,27,0.08972972,0.034869384,True,0.1283504391110799,docking_results_3_15.csv,0.03616136,0.0130513245,0.037732705,0.027818587,0.08972972,0.015793944,0.013166261,0.08509039,0.010378098,0.018601047,0.047076087,0.023833064,True,3.5260000000000025,3.5260000000000025
144,C[C@H1]1CC2=CC=CC=C2[C@@H1](C)N1C(=O)CC3=CC=C4C(=C3)OCO4,C[C@@H]1c2ccccc2C[C@H](C)N1C(=O)Cc1ccc2c(c1)OCO2,-8.5,3.492200000000002,0.8490063365408476,3.1111364810934976,323.39200000000005,0,3,2,38.77,4,24,0.09809008,0.047489945,True,0.1310057758484999,docking_results_3_4.csv,0.042522337,0.01584641,0.06551474,0.048922576,0.09337258,0.022397812,0.0208769,0.09809008,0.013761503,0.029120935,0.08904854,0.030404922,True,3.492200000000002,3.492200000000002
205,CC(=O)C1=CC=C(C2)C(=C1)N=CN2CC3CCN(CC3)C(=O)NCC4=CC=CN=C4C,CC(=O)c1ccc2c(c1)N=CN(CC1CCN(C(=O)NCc3cccnc3C)CC1)C2,-8.5,3.689820000000002,0.750048261428049,2.912509408010349,419.52900000000017,1,5,5,77.9,4,31,0.10150708,0.036974344,True,0.1156477150010743,docking_results_3_3.csv,0.03340685,0.013875478,0.058483653,0.025179587,0.07673823,0.015337677,0.015650582,0.10150708,0.017793786,0.022899706,0.0341474,0.028672064,True,3.689820000000002,3.689820000000002
203,COC1=CC=C(C=N1)C(C)(C)CN2CCC(=CC2)C3=CC(O)=CCC4=C(C)N=NN34,COc1ccc(C(C)(C)CN2CC=C(C3=CC(O)=CCc4c(C)nnn43)CC2)cn1,-8.5,3.438920000000002,0.8182810948633564,3.576482358530045,407.51800000000014,1,6,5,76.30000000000001,4,30,0.108549535,0.02693656,True,0.1351861632891267,docking_results_3_4.csv,0.014410009,0.006489398,0.04756784,0.021077354,0.02735171,0.0065690707,0.009431709,0.108549535,0.009138391,0.01875294,0.026629187,0.02727159,True,3.438920000000002,3.438920000000002
111,C1C(C)(N=C1NC2=CC=C(F)C=C2)C3=CC=C(C=C3)C(=O)CN4CCCN(C)CC4,CN1CCCN(CC(=O)c2ccc(C3(C)CC(Nc4ccc(F)cc4)=N3)cc2)CC1,-8.5,3.775400000000003,0.7653536527496205,2.9457713118023463,408.5210000000003,1,5,5,47.940000000000005,4,30,0.120224364,0.03984062,True,0.1092575668304673,docking_results_3_14.csv,0.024675062,0.010057092,0.057866,0.035488427,0.071834795,0.014298437,0.013045239,0.120224364,0.014057818,0.022593413,0.06017949,0.033767268,True,3.775400000000003,3.775400000000003
218,CCOC(=O)C1=CC=C(F)C(=C1)C2=CC=C(C=C2)C(=O)NC3=CC=CC(=C3)S(N)(=O)=O,CCOC(=O)c1ccc(F)c(-c2ccc(C(=O)Nc3cccc(S(N)(=O)=O)c3)cc2)c1,-8.5,3.5691000000000006,0.5664523758816588,1.9948702510084786,442.46800000000013,2,5,6,115.56,3,31,0.12078245,0.048023224,True,0.1249719219505112,docking_results_3_7.csv,0.034099635,0.013024646,0.09825628,0.02594501,0.12078245,0.020986464,0.01586507,0.095839925,0.014912323,0.019568576,0.09379324,0.023205115,True,3.5691000000000006,3.5691000000000006
63,CC1=CC(C2=CC=C(C=N2)C(=O)NCCC3NCCNC(=O)C3)=CC=C1C4=CC=CC=C4,Cc1cc(-c2ccc(C(=O)NCCC3CC(=O)NCCN3)cn2)ccc1-c1ccccc1,-8.5,3.322020000000001,0.5624956145933171,2.9228692798165365,428.5360000000001,3,4,6,83.12,4,32,0.12634774,0.049223084,True,0.1442240599679437,docking_results_3_21.csv,0.040678024,0.015741898,0.12634774,0.03085686,0.10505593,0.019316923,0.017908538,0.10568863,0.023945378,0.025599435,0.04746639,0.032071263,True,3.322020000000001,3.322020000000001
44,CNC(=O)NCCCC1=CC=C2C3=C(CCNC3=O)C=CC2=C1,CNC(=O)NCCCc1ccc2c3c(ccc2c1)CCNC3=O,-8.5,1.9872999999999994,0.7557890720923869,2.4427187939528547,311.38500000000005,3,2,4,70.23,3,23,0.12722361,0.049003273,True,0.1654106536096959,docking_results_3_25.csv,0.04093342,0.01777069,0.109704375,0.029550686,0.08217218,0.018378818,0.018528752,0.12722361,0.022552956,0.026900107,0.053420383,0.040903296,True,1.9872999999999994,1.9872999999999996
119,COC1CCN(CC2=CC=C(C=C2)C3=CC=C4OCOC4=C3)CC1,COC1CCN(Cc2ccc(-c3ccc4c(c3)OCO4)cc2)CC1,-8.5,3.693100000000003,0.8576531847764817,2.0023264117906674,325.4080000000002,0,4,4,30.930000000000003,4,24,0.13244955,0.058560308,True,0.1153987589093156,docking_results_3_10.csv,0.03575411,0.014560613,0.13244955,0.057012267,0.1017639,0.022509636,0.018644275,0.130795,0.024398796,0.031099401,0.0892213,0.044514816,True,3.693100000000003,3.693100000000003
55,O=C(N1CCN(CC2=CC=CN=C2)CC1)C3=CC=C4N=C(O)C=CC4=C3,O=C(c1ccc2nc(O)ccc2c1)N1CCN(Cc2cccnc2)CC1,-8.5,2.2934,0.786429672877742,2.198007627115482,348.40600000000006,1,5,3,69.56,4,26,0.13892466,0.05417681,True,0.1786301691923504,docking_results_3_1.csv,0.04362584,0.021581521,0.11786869,0.034751695,0.09432674,0.020894788,0.020703197,0.13892466,0.03502878,0.026589394,0.04288718,0.05293925,True,2.2934,2.2934
178,CNC[C@H1](OC1=CC=C(C=C1)N2CCNCC2)C3=CC=C4C=CC=CC4=C3,CNC[C@H](Oc1ccc(N2CCNCC2)cc1)c1ccc2ccccc2c1,-8.5,3.5889000000000024,0.7035048831701219,2.6765705712189174,361.48900000000003,2,4,6,36.53,4,27,0.13932961,0.06418242,True,0.1234256393835741,docking_results_3_20.csv,0.041463543,0.016536511,0.13932961,0.059230424,0.13139053,0.027803633,0.02188902,0.1308992,0.027989553,0.034621708,0.09636839,0.042666905,True,3.5889000000000024,3.5889000000000024
26,CCNC(=O)C1=CC=C2C=C(CCNC(N)=O)C=C(Cl)C2=C1,CCNC(=O)c1ccc2cc(CCNC(N)=O)cc(Cl)c2c1,-8.5,2.4537000000000004,0.7905630915610716,2.129856522382216,319.792,3,2,5,84.22,2,22,0.13992709,0.0479997,True,0.1812268567860941,docking_results_3_11.csv,0.029040737,0.012547248,0.13992709,0.024110066,0.07237046,0.015946006,0.017863456,0.1232684,0.0220375,0.028936759,0.05568728,0.034261495,True,2.4537000000000004,2.4537000000000004
159,CCCCN(C)CC1=CC=C(C=C1)C=C(O)C2=CC3C(N)CCCN3C(=O)C2,CCCCN(C)Cc1ccc(C=C(O)C2=CC3C(N)CCCN3C(=O)C2)cc1,-8.5,3.4658000000000015,0.7075950582770538,3.7907824465237727,383.53600000000023,2,4,7,69.8,3,28,0.14529453,0.041870236,True,0.1330790895644493,docking_results_3_10.csv,0.02527542,0.01352469,0.02770974,0.03186319,0.07206291,0.020290524,0.019311333,0.14529453,0.015821384,0.03652136,0.058014795,0.03675296,True,3.4658000000000015,3.465800000000001
51,O=C(N1CCC(CC1)N2C=CN=C2)C3=CC=CC4=CC=CC=C34,O=C(c1cccc2ccccc12)N1CCC(n2ccnc2)CC1,-8.5,3.513600000000003,0.7263920459254367,2.1279909041955527,305.3810000000001,0,2,2,38.13,4,23,0.14536881,0.061504688,True,0.1293243670085951,docking_results_3_4.csv,0.039846055,0.016598012,0.14536881,0.058583926,0.11487289,0.025490005,0.0240607,0.12331755,0.028646525,0.03528184,0.085187666,0.040802218,True,3.513600000000003,3.513600000000003
131,C1C=NN=CC=CC=C(S(=O)(=O)N2CCC3=CC=CC=C3C2)C1,O=S(=O)(C1=CC=CC=NN=CCC1)N1CCc2ccccc2C1,-8.5,2.665000000000001,0.8372317143013682,3.70943916995519,329.42500000000007,0,4,2,62.1,3,23,0.14601114,0.037646405,True,0.1796141278804095,docking_results_3_8.csv,0.032919664,0.021680735,0.0133626405,0.020796895,0.066854954,0.018577246,0.02273937,0.14601114,0.015322381,0.029605674,0.026909107,0.036977027,True,2.665000000000001,2.665000000000001
14,C[C@H1]1CCC[C@H1](CN1C(=O)C2=CN=C3C=NC(N)=NC3=C2)C4=CC=C(F)C=C4,C[C@H]1CCC[C@@H](c2ccc(F)cc2)CN1C(=O)c1cnc2cnc(N)nc2c1,-8.5,3.544500000000002,0.7360226982209743,3.1841027435052736,379.4390000000001,1,5,2,85.0,4,28,0.15110457,0.061397146,True,0.1268986415788285,docking_results_3_5.csv,0.037285313,0.01601485,0.15110457,0.0583283,0.098813385,0.02221917,0.020954367,0.13212128,0.029374799,0.03084177,0.088571884,0.051136024,True,3.544500000000002,3.544500000000002
173,C[C@H1]1CN(CCN1C2=CC=CC(OC3=CC=CC=C3)=C2)C(=O)C(N)=O,C[C@H]1CN(C(=O)C(N)=O)CCN1c1cccc(Oc2ccccc2)c1,-8.5,2.0013,0.8680284030735201,2.6240223460992524,339.39500000000015,1,4,3,75.87,3,25,0.1524918,0.060333546,True,0.1662177150913294,docking_results_3_8.csv,0.04742064,0.024898414,0.09290933,0.034531683,0.1307305,0.030709375,0.027670776,0.1524918,0.037356257,0.036099024,0.060171574,0.0490132,True,2.0013,2.0013
214,CCC[NH2+1][C@H1](N)[C@@H1](\C)C=1C=C(ON=1)C2=CC=C(C=C2)C3=CC=CC=C3,CCC[NH2+][C@H](N)[C@@H](C)c1cc(-c2ccc(-c3ccccc3)cc2)on1,-8.5,3.370300000000002,0.650036579270205,3.6908575888654056,336.45900000000006,2,3,7,68.66,3,25,0.16192096,0.061220575,True,0.1405251323328949,docking_results_3_10.csv,0.03609377,0.013008767,0.16192096,0.055180218,0.134811,0.025179338,0.018668652,0.10791003,0.02338825,0.03089459,0.09538548,0.032205794,True,3.370300000000002,3.370300000000002
207,O=C(C1=CC2=CC=C1)C=CC=CC=CC=CC(=CC2=C)C=O,C=c1cc(C=O)ccccccccc(=O)c2cccc1c2,-8.5,3.390500000000002,0.7537674074428989,3.4672228906849885,288.34600000000006,0,2,1,34.14,2,22,0.16306172,0.034580633,True,0.1389615159419442,docking_results_3_23.csv,0.040392265,0.010267294,0.06265012,0.013261864,0.16306172,0.017925428,0.010679194,0.04016023,0.010652294,0.013088875,0.026468704,0.0063595707,True,3.390500000000002,3.390500000000002
121,C[C@@H1](C[NH2+1]CN1CCCCC1)C2=CC=CC3=CC4=C(CCNC4=O)C(N)=C32,C[C@@H](C[NH2+]CN1CCCCC1)c1cccc2cc3c(c(N)c12)CCNC3=O,-8.5,1.8181999999999994,0.7058560741727048,3.9459071392662555,367.51700000000017,3,3,5,74.97,4,27,0.16449066,0.054017875,True,0.1544987402245827,docking_results_3_21.csv,0.022733511,0.010802937,0.11039805,0.05512433,0.05251177,0.014288448,0.016657142,0.16449066,0.018397342,0.030912058,0.09050465,0.061393697,True,1.8181999999999994,1.8181999999999996
1,CC(=O)C1=CC=C2C3=C(CCNC3=O)C=CC2=C1,CC(=O)c1ccc2c3c(ccc2c1)CCNC3=O,-8.5,2.3283000000000005,0.7762093052657643,2.2754796793855814,239.27399999999997,1,2,1,46.17,3,18,0.16726387,0.05677059,True,0.1794700629905471,docking_results_3_14.csv,0.049037214,0.020029902,0.16726387,0.03286025,0.09313972,0.019215422,0.017892474,0.120622575,0.022732183,0.022226386,0.073981255,0.04224567,True,2.3283000000000005,2.3283000000000005
243,N#C[C@H1](NC(=O)C1=CC(F)=CC=C1Cl)CC2=CC(F)=C(F)C=C2F,N#C[C@@H](Cc1cc(F)c(F)cc1F)NC(=O)c1cc(F)ccc1Cl,-8.5,3.7610800000000015,0.6695940895653499,2.8251640405898506,356.706,1,2,4,52.89,2,24,0.168273,0.060216814,True,0.1103102545272716,docking_results_3_2.csv,0.020051708,0.009900537,0.08508107,0.07590016,0.054822173,0.018965278,0.026637154,0.15172766,0.0137273595,0.049024146,0.168273,0.04849148,True,3.7610800000000015,3.7610800000000015
128,CC(=O)N1CCCC=CN=C(N=C1N)C2=CN=CC(=C2)C3=CC=C(N=C3)C#N,CC(=O)N1CCCC=CN=C(c2cncc(-c3ccc(C#N)nc3)c2)N=C1N,-8.5,2.2325799999999996,0.8651282948580656,3.7838004232743288,373.42000000000013,1,7,2,120.62,3,28,0.17135495,0.052065935,True,0.1768153012409111,docking_results_3_6.csv,0.039034687,0.019183721,0.17135495,0.023780266,0.067824595,0.014767809,0.017331827,0.13277262,0.032765802,0.023045503,0.031587902,0.051341526,True,2.2325799999999996,2.23258
255,NC1=C(C2=CC=C(C=C2Cl)C3CCNC3)C=CC=C1C(=O)N4CCNCC4,Nc1c(C(=O)N2CCNCC2)cccc1-c1ccc(C2CCNC2)cc1Cl,-8.5,2.7115,0.7114689669685057,2.9726325830532385,384.9110000000002,3,4,3,70.39,4,27,0.17280117,0.06008251,True,0.1785003370603461,docking_results_3_14.csv,0.029487023,0.014542268,0.13703088,0.0503864,0.07088149,0.017389975,0.018644381,0.17280117,0.026846113,0.030946387,0.08242761,0.069606416,True,2.7115,2.7115
195,CCN(CC(=O)N(C)C)C1=CC=C2C3=C(CCNC3=O)C=CC2=C1,CCN(CC(=O)N(C)C)c1ccc2c3c(ccc2c1)CCNC3=O,-8.5,2.0401999999999996,0.9358260306006515,2.6087708062862287,325.41200000000003,1,3,4,52.650000000000006,3,24,0.17847502,0.069693066,True,0.1683704389947589,docking_results_3_14.csv,0.035984322,0.017861431,0.17516446,0.050791107,0.09499583,0.024376517,0.021797743,0.17847502,0.03399341,0.037107874,0.10277177,0.06299729,True,2.0401999999999996,2.0402
59,CC1=NC(C2=CC=C(C=N2)C(=O)NCC3CCN(CC3)C4=CC=CC=C4)=NC=C1,Cc1ccnc(-c2ccc(C(=O)NCC3CCN(c4ccccc4)CC3)cn2)n1,-8.5,3.493420000000002,0.7255784462596747,2.2374821160913605,387.487,1,5,5,71.01,4,29,0.1787981,0.059227616,True,0.1309099203568805,docking_results_3_26.csv,0.032125372,0.013350888,0.1787981,0.047596883,0.10423149,0.02138661,0.01994788,0.123570874,0.03349337,0.033014584,0.06409226,0.039123025,True,3.493420000000002,3.493420000000002
142,C1C=NN(C)CSC(C1)C2=CC=C3C=C(NS(C)(=O)=O)C=CC3=C2,CN1CSC(c2ccc3cc(NS(C)(=O)=O)ccc3c2)CCC=N1,-8.5,3.6545000000000023,0.9040162084707208,3.5578388160858463,363.5080000000001,1,5,3,61.77,3,24,0.18634845,0.07701229,True,0.1183457428821566,docking_results_3_8.csv,0.04456651,0.023404049,0.12193204,0.06944737,0.12406382,0.035015803,0.031649232,0.18634845,0.034127787,0.04741938,0.13807659,0.06809644,True,3.6545000000000023,3.6545000000000014
54,C[C@H1]1CCOCC1C2=CC=C(C=C2)C3=CC=C(C=N3)C(=O)NCCSC,CSCCNC(=O)c1ccc(-c2ccc(C3COCC[C@@H]3C)cc2)nc1,-8.5,3.9814000000000025,0.781607259539924,3.1306786113831935,370.51800000000014,1,4,6,51.22,3,26,0.18744226,0.09104497,True,0.0950589208982448,docking_results_3_4.csv,0.04875866,0.026114862,0.13950278,0.08570414,0.1706258,0.050647546,0.03364467,0.18744226,0.040961735,0.056361575,0.18443726,0.0683384,True,3.9814000000000025,3.9814000000000025
67,CC[C@@H1](NS(=O)(=O)C1=CC=C2C=C(O)C=CC2=C1)[C@H1](N)C3=CC=CC=C3,CC[C@@H](NS(=O)(=O)c1ccc2cc(O)ccc2c1)[C@H](N)c1ccccc1,-8.5,3.3023000000000016,0.6206282149988629,2.96397883477624,370.4740000000001,3,4,6,92.42,3,26,0.19175085,0.05964522,True,0.1457159192017233,docking_results_3_16.csv,0.040328927,0.013639516,0.074861035,0.047185324,0.19175085,0.033788472,0.017642546,0.09361381,0.01472227,0.024476148,0.14094,0.022793638,True,3.3023000000000016,3.3023000000000016
101,C[C@H1](NC(=O)C1=CC=CC=C1C(=O)NC)C2=CC=C3C=CC=CC3=C2,CNC(=O)c1ccccc1C(=O)N[C@@H](C)c1ccc2ccccc2c1,-8.5,3.690400000000002,0.7653689660976127,2.2643226711263367,332.403,2,2,4,58.2,3,25,0.19270344,0.05873212,True,0.1156036713820324,docking_results_3_23.csv,0.021700649,0.0071414434,0.19270344,0.035431657,0.1381272,0.021477258,0.015564024,0.09177248,0.01766149,0.026694596,0.118303955,0.018207176,True,3.690400000000002,3.690400000000002
14,COC1=CC=CC(=C12)C=CN([C@@H1]3CC(=O)N(CCF)C4=CC=NC=C34)C(=O)C2,COc1cccc2c1CC(=O)N([C@@H]1CC(=O)N(CCF)c3ccncc31)C=C2,-8.5,2.8931000000000013,0.8170751145362958,3.61811215404356,381.4070000000001,0,4,4,62.74,4,28,0.19747847,0.071794935,True,,docking_results_3_0_add_B.csv,0.046554625,0.027347751,0.1278544,0.06299001,0.07217249,0.024700217,0.031541273,0.19747847,0.033231463,0.04369389,0.102843605,0.09113112,True,2.8931000000000013,
218,CCS(=O)(=O)N1CCCC2=CC(=CC(O)=C12)C3=CC=CC(=C3)C(N)=O,CCS(=O)(=O)N1CCCc2cc(-c3cccc(C(N)=O)c3)cc(O)c21,-8.5,2.2604,0.87311297036378,2.5278057512268095,360.43500000000006,2,4,4,100.69999999999999,3,25,0.19796464,0.07505717,True,0.1776999738952468,docking_results_3_5.csv,0.05179754,0.032167356,0.11028187,0.04601195,0.12236525,0.03631621,0.030953761,0.19796464,0.03509426,0.03879652,0.124868624,0.07406792,True,2.2604,2.2604
88,O=C(NCC1=CC=CC=C1)C2=CC=C3C=CC=CC3=C2,O=C(NCc1ccccc1)c1ccc2ccccc2c1,-8.5,3.7698000000000027,0.7636474494003614,1.3949197067343313,261.324,1,1,3,29.1,3,20,0.2193176,0.06495332,True,0.1096683700496115,docking_results_3_10.csv,0.031085571,0.010901597,0.1554198,0.03619662,0.2193176,0.034055322,0.018840533,0.08966149,0.02050901,0.029252961,0.118151486,0.01604781,True,3.7698000000000027,3.7698000000000023
237,C[C@@H1](NC(=O)C1=CC=CO1)C2=CC=C3C=CC=CC3=C2,C[C@@H](NC(=O)c1ccco1)c1ccc2ccccc2c1,-8.5,3.9238000000000026,0.7794104616645519,2.229938494958011,265.31199999999995,1,2,3,42.24,3,20,0.22522196,0.07965889,True,0.0988324805751215,docking_results_3_6.csv,0.029120393,0.011041242,0.22522196,0.05891115,0.19254264,0.036203388,0.023519613,0.1162821,0.026695322,0.040068462,0.17034635,0.025953993,True,3.9238000000000026,3.9238000000000026
89,O=C(C[C@H1]1C(=O)NC2=CC=C(F)C=C21)N3CCC[C@H1]3C#N,N#C[C@@H]1CCCN1C(=O)C[C@H]1C(=O)Nc2ccc(F)cc21,-8.5,1.76608,0.9005013476139333,3.3481708336163694,287.294,1,3,2,73.2,3,21,0.23916745,0.083187886,True,0.1507795288901708,docking_results_3_9.csv,0.05984244,0.045133106,0.062665686,0.070141055,0.09476268,0.03995429,0.046109565,0.23916745,0.04230264,0.056022234,0.11467598,0.12747748,True,1.76608,1.76608
244,CC1=CC=CN=C1NC2=NC(N3CCN(CC3)C4=CC=CC=C4C#N)=NC=C2C(N)=O,Cc1cccnc1Nc1nc(N2CCN(c3ccccc3C#N)CC2)ncc1C(N)=O,-8.5,2.2207999999999997,0.6512065109154027,2.5290938505341174,414.4730000000001,2,8,5,124.06,4,31,0.25849015,0.068239205,True,0.1764135105282711,docking_results_3_3.csv,0.031024497,0.015727932,0.25849015,0.04218726,0.06960896,0.016276773,0.02058533,0.1640226,0.04084534,0.03014306,0.0619299,0.06802863,True,2.2207999999999997,2.2208
240,C1C2=C(OC3=CC=CC=C3O[C@H1]4CNCCCO4)C=CC=C2NC1=O,O=C1Cc2c(cccc2Oc2ccccc2O[C@H]2CNCCCO2)N1,-8.5,2.6883,0.8955655686171076,3.125604618946314,340.37899999999996,2,5,4,68.82,4,25,0.27591377,0.09738305,True,0.1790892101547103,docking_results_3_19.csv,0.04713784,0.024776394,0.27591377,0.07698081,0.119914,0.03224187,0.03242962,0.20943119,0.052305266,0.046819817,0.14955194,0.10109408,True,2.6883,2.6883
59,O=C(C1=CC=CC=C1F)C2=CC3=CC=CC=C3[NH1]C2=O,O=C(c1ccccc1F)c1cc2ccccc2[nH]c1=O,-8.5,2.898200000000001,0.7256871434925748,1.8789166051080368,267.259,1,2,2,49.93,3,20,0.27649137,0.089402914,True,0.1714915385398346,docking_results_3_12.csv,0.041273348,0.018984625,0.27649137,0.058126416,0.17338875,0.035770457,0.027622804,0.14971294,0.03845801,0.037030775,0.16851334,0.047462218,True,2.898200000000001,2.898200000000001
111,O=C(CC1=CC=CC=C1)NC2=NN=CC3=CC4=C(CCNC4=O)C=C23,O=C(Cc1ccccc1)Nc1nncc2cc3c(cc12)CCNC3=O,-8.5,2.0968999999999998,0.7691642399832217,2.5189819000333333,332.36300000000006,2,4,3,83.97999999999999,4,25,0.2871742,0.087851465,True,0.1712568291872814,docking_results_3_24.csv,0.04089346,0.022026429,0.2871742,0.05681281,0.10275762,0.02659238,0.02891617,0.195622,0.04799064,0.039939664,0.12372768,0.08176446,True,2.0968999999999998,2.0969
238,N#CCC[C@@H1]NC(=O)C1=CC=C2C=C(N3CCCC3)N=CC2=C1C,Cc1c(C(=O)N[CH]CCC#N)ccc2cc(N3CCCC3)ncc12,-8.5,3.338790000000002,0.85760770772015,2.9330575531538976,321.404,1,4,5,69.02000000000001,3,24,0.28743315,0.11816243,True,0.1429461523149461,docking_results_3_25.csv,0.041793916,0.03029415,0.28743315,0.10228538,0.10770003,0.042234663,0.046079706,0.28536853,0.080050096,0.07891531,0.17210567,0.14368862,True,3.338790000000002,3.338790000000002
229,C[NH1+1](C)[C@H1](NC1=NC(C2=CC=CC=C2)=C(C3=CC=CC=C3)C=C1)NC(N)=O,C[NH+](C)[C@@H](NC(N)=O)Nc1ccc(-c2ccccc2)c(-c2ccccc2)n1,-8.5,1.9239000000000002,0.5056625005479469,3.294771490299837,362.4570000000001,4,3,6,84.47999999999999,3,27,0.29579633,0.090600766,True,0.1615569219770031,docking_results_3_5.csv,0.030130565,0.012903219,0.29579633,0.061850734,0.17207539,0.032710876,0.022853673,0.16718948,0.042748764,0.040191133,0.15926756,0.04949157,True,1.9239000000000002,1.9239
140,N#CC=CC=CNC(=O)C1=CC=C2C=CC=C(CN3CCCC3)C2=N1,N#CC=CC=CNC(=O)c1ccc2cccc(CN3CCCC3)c2n1,-8.5,3.153880000000002,0.6744076274054625,2.867157663995398,332.4070000000002,1,4,5,69.02000000000001,3,25,0.29638925,0.08463231,True,0.1564312819744098,docking_results_3_18.csv,0.029431643,0.028605215,0.12818752,0.049973022,0.068344064,0.03220685,0.04405353,0.29638925,0.06151924,0.079550326,0.08490665,0.11242041,True,3.153880000000002,3.153880000000002
109,O=C(NCC(=O)NC1=CC=C2C=CC=CC2=C1)C3=CSC(=C3)C(=O)N4CCCC4,O=C(CNC(=O)c1csc(C(=O)N2CCCC2)c1)Nc1ccc2ccccc2c1,-8.5,3.5058000000000025,0.6794250602874542,2.1452473391036424,407.4950000000003,2,4,5,78.51,4,29,0.30849555,0.13277082,True,0.1299371848752238,docking_results_3_2.csv,0.053155355,0.04216475,0.29685423,0.07768338,0.16668136,0.061933983,0.05935824,0.30849555,0.10564082,0.0855161,0.19591999,0.13984622,True,3.5058000000000025,3.5058000000000025
3,O=C(CNC(=O)C1=CC=C2C=C(NC(=O)C3CC3)N=CC2=C1)CC4=CC=CC=C4,O=C(CNC(=O)c1ccc2cc(NC(=O)C3CC3)ncc2c1)Cc1ccccc1,-8.5,3.124900000000002,0.6519581619149475,2.203616543393329,387.4390000000001,2,4,7,88.16000000000001,4,29,0.31154382,0.15424891,True,0.1583877725861942,docking_results_3_2.csv,0.057568453,0.044720244,0.30191746,0.10596913,0.23465648,0.088333726,0.0695582,0.31154382,0.11328432,0.1016207,0.28838027,0.13343422,True,3.124900000000002,3.124900000000002
85,C1C(C)CN(CC1)C2=CC=C3C=C(C=CC3=C2C)NN(CCN)CC,CCN(CCN)Nc1ccc2c(C)c(N3CCCC(C)C3)ccc2c1,-8.5,3.992020000000002,0.7805269464718498,3.187833830389609,340.51500000000016,2,4,6,44.53,3,25,0.31893584,0.12455379,True,0.0943815693131232,docking_results_3_8.csv,0.023673397,0.013080852,0.31893584,0.14211603,0.12169018,0.0385284,0.028564971,0.27435997,0.049181037,0.076160446,0.30303973,0.10531457,True,3.992020000000002,3.992020000000002
39,COC1=CC=C(C=C1C=C2C=CC3=C(CCNC3=O)C2=CC=CCC)C=O,CCC=CC=c1c2c(ccc1=Cc1cc(C=O)ccc1OC)C(=O)NCC2,-8.5,2.3691000000000004,0.8321608954385106,3.317495192607252,361.4410000000001,1,3,5,55.4,3,27,0.32041523,0.12188655,True,0.1802604968110189,docking_results_3_29.csv,0.043373436,0.034319695,0.20301583,0.08454002,0.1341928,0.05743505,0.045170315,0.32041523,0.050826125,0.08836631,0.2840886,0.11689516,True,2.3691000000000004,2.3691000000000004
127,N#C/C(=C\C1=CN=C(N)N=C1NC2=CC=C(C=C2)C(=O)O)CC3=CC=CC=C3,N#C/C(=C\c1cnc(N)nc1Nc1ccc(C(=O)O)cc1)Cc1ccccc1,-8.5,3.650280000000002,0.5647284637642129,2.5730615831242005,371.40000000000015,3,6,6,124.92,3,28,0.32578555,0.13595247,True,0.1186700572856999,docking_results_3_18.csv,0.035959262,0.030856585,0.31810236,0.06923136,0.17888173,0.062027946,0.049972355,0.32578555,0.09226631,0.080086865,0.2687314,0.11952804,True,3.650280000000002,3.650280000000002
252,O=C(COC1=CC=CC=C1)NC2=CC=C3C4=C(CCNC4=O)C=CC3=C2,O=C(COc1ccccc1)Nc1ccc2c3c(ccc2c1)CCNC3=O,-8.5,3.143200000000001,0.7625544146250904,2.142856210111434,346.386,2,3,4,67.43,4,26,0.34276918,0.11556995,True,0.1571583861490662,docking_results_3_19.csv,0.05291585,0.03114803,0.34276918,0.07275075,0.16376366,0.046103314,0.039520912,0.23236063,0.06544299,0.05690766,0.1900631,0.093093224,True,3.143200000000001,3.143200000000001
126,C1C2=NC3=CC=CC=C3N=C2N(CC4=CC=CC(O)=C4)C1=O,O=C1Cc2nc3ccccc3nc2N1Cc1cccc(O)c1,-8.5,2.4247000000000005,0.7871690600301317,2.3697175879559893,291.31,1,4,2,66.32,4,22,0.35236195,0.12558404,True,0.1809988854566261,docking_results_3_5.csv,0.04914888,0.03269477,0.35236195,0.10154028,0.13123122,0.043222144,0.047418658,0.2672604,0.07965462,0.064434215,0.20148051,0.13656087,True,2.4247000000000005,2.4247000000000005
243,CC=C1C=C(NC(=O)NC=CCC=2N(CCC=2)C3=CC=C(C=N3)C)NC=C1,CC=C1C=CNC(NC(=O)NC=CCC2=CCCN2c2ccc(C)cn2)=C1,-8.5,3.5916200000000025,0.7477129809407376,3.9519064352108026,363.46500000000003,3,4,5,69.29,3,27,0.35849035,0.09579676,True,0.1232136032001519,docking_results_3_1.csv,0.017458363,0.017228546,0.18310268,0.04968529,0.041487675,0.024458485,0.045297068,0.35849035,0.051343754,0.1154988,0.127354,0.11815607,True,3.5916200000000025,3.5916200000000025
83,CCC=CC1=CCC2=CC(=CC=C12)C(=O)NC3=CC=C(C=N3)[C@H1]4CNCCO4,CCC=CC1=CCc2cc(C(=O)Nc3ccc([C@H]4CNCCO4)cn3)ccc21,-8.5,3.900500000000002,0.8319529221206751,3.452203486126111,375.47200000000015,2,4,5,63.25,4,28,0.36060312,0.14547212,True,0.1004051079878551,docking_results_3_5.csv,0.04913539,0.039352126,0.26973975,0.12029524,0.14141959,0.0607956,0.051425267,0.36060312,0.07785693,0.09523923,0.30147868,0.17832476,True,3.900500000000002,3.900500000000002
49,O=C(OC1CCC2=CN=CC=C12)C3=CC=C4C=CN=CC4=C3,O=C(OC1CCc2cnccc21)c1ccc2ccncc2c1,-8.5,3.4741000000000017,0.6780474715214787,2.8863130553250507,290.32200000000006,0,4,2,52.08,4,22,0.36319396,0.12456363,True,0.1324275225870575,docking_results_3_3.csv,0.06275578,0.03556897,0.36319396,0.10631159,0.19123319,0.056562483,0.041131772,0.21400064,0.0714029,0.060796842,0.19972195,0.09208348,True,3.4741000000000017,3.4741000000000017
187,C1CN(C2=CC=C3C=CC4=C(CCNC4=O)C3=C2C#N)C1,N#Cc1c(N2CCC2)ccc2ccc3c(c12)CCNC3=O,-8.5,2.2074800000000003,0.8691367563717617,2.635649774278324,277.32699999999994,1,3,1,56.13,4,21,0.39511126,0.16172968,True,0.1759399987100062,docking_results_3_15.csv,0.055639856,0.047972113,0.3559764,0.14758338,0.10660094,0.051217876,0.054871164,0.39511126,0.09328711,0.084576815,0.2880164,0.25990286,True,2.2074800000000003,2.2074800000000003
174,COC1=CC=C(C=C1C2=CC=C3C=CC4=C(CCNC4=O)C3=C2C(=O)NC)CNC,CNCc1ccc(OC)c(-c2ccc3ccc4c(c3c2C(=O)NC)CCNC4=O)c1,-8.5,2.880300000000001,0.612109925268269,2.6893690553626257,403.4820000000002,3,4,5,79.46,4,30,0.4099673,0.10874345,True,0.1723282792882502,docking_results_3_25.csv,0.029991167,0.0150711,0.4099673,0.078103326,0.108446375,0.027303768,0.022649566,0.21950331,0.0447063,0.041923072,0.21857606,0.08868021,True,2.880300000000001,2.880300000000001
90,CC1=CC=CC=C1NC(=O)C2=CC3=CC=CC=C3C=C2OCCNC,CNCCOc1cc2ccccc2cc1C(=O)Nc1ccccc1C,-8.5,3.9987200000000023,0.670047248720923,1.8901550823304873,334.41900000000015,2,3,6,50.36,3,25,0.410749,0.11985504,True,0.0939572624634104,docking_results_3_2.csv,0.02542962,0.012700877,0.410749,0.08691649,0.17774037,0.041636564,0.028746627,0.20879427,0.048458844,0.059806835,0.2770809,0.06020015,True,3.9987200000000023,3.9987200000000014
226,CC1(C)C[C@@H1](O)C2=C1C=CC=C2OC3=CC=C(C=C3)C(N)=N,CC1(C)C[C@@H](O)c2c(Oc3ccc(C(=N)N)cc3)cccc21,-8.5,3.4776700000000016,0.599030714075574,2.933771699228437,296.37,3,3,3,79.33000000000001,3,22,0.41310233,0.12812847,True,0.1321471775659064,docking_results_3_11.csv,0.028569236,0.016610492,0.2542033,0.1080621,0.19221967,0.057591997,0.030551305,0.25073037,0.041618157,0.06248086,0.41310233,0.08180184,True,3.4776700000000016,3.4776700000000016
43,C1C[C@@H1](NC(=O)NC2=CC=CC(F)=C2)C(=O)N1C3=CC=CC4=CC=CN=C34,O=C(Nc1cccc(F)c1)N[C@@H]1CCN(c2cccc3cccnc23)C1=O,-8.5,3.300900000000002,0.7488323366442841,2.694763352284008,364.38000000000005,2,3,3,74.33000000000001,4,27,0.41367498,0.15091796,True,0.1458213535074083,docking_results_3_23.csv,0.051342547,0.03475463,0.41367498,0.12554264,0.16487609,0.055826735,0.05519206,0.30412886,0.10265399,0.08143757,0.26183745,0.15974802,True,3.300900000000002,3.300900000000002
72,O=C(N1CCNCC1)C=CC2=CC=CC3=CC=C(N=C23)C4C=CC=CC4=C,C=C1C=CC=CC1c1ccc2cccc(C=CC(=O)N3CCNCC3)c2n1,-8.5,3.4456000000000016,0.8560913264601603,3.6002997240913635,357.4570000000001,1,3,3,45.230000000000004,4,27,0.41787556,0.11919686,True,0.1346630720400357,docking_results_3_11.csv,0.049949586,0.06320995,0.10620398,0.06802816,0.08464947,0.055235613,0.06951762,0.41787556,0.08705437,0.120695174,0.117167644,0.19077544,True,3.4456000000000016,3.4456000000000016
78,CNC(=O)NC1=CC=C2C3=C(CCNC3=O)C=CC2=C1,CNC(=O)Nc1ccc2c3c(ccc2c1)CCNC3=O,-8.5,1.8769999999999998,0.7394208732314446,2.35170445935905,269.304,3,2,1,70.23,3,20,0.42149082,0.12147689,True,0.1585141856082236,docking_results_3_21.csv,0.05296576,0.0311771,0.42149082,0.06582139,0.13694197,0.038522754,0.03139711,0.26233,0.07226894,0.04819383,0.17440468,0.122208096,True,1.8769999999999998,1.877
51,C[NH1+1](C)[C@H1]C1N(CC2=CC=CC=C2C1=O)C3=CC(=CC=C3O)C4=CC=CC=C4,C[NH+](C)[CH]C1C(=O)c2ccccc2CN1c1cc(-c2ccccc2)ccc1O,-8.5,2.9369900000000015,0.740206883966295,3.524776961735868,372.4680000000001,2,3,4,44.980000000000004,4,28,0.43412384,0.13770667,True,0.1695686338668803,docking_results_3_6.csv,0.02756175,0.015732273,0.2759132,0.12795837,0.21759388,0.061690956,0.033391356,0.26193282,0.045295715,0.06947784,0.43412384,0.08180793,True,2.9369900000000015,2.936990000000001
74,CC1=CSC(=O)N1C2=CC=C3C=CC4=C(CCNC4=O)C3=C2,Cc1csc(=O)n1-c1ccc2ccc3c(c2c1)CCNC3=O,-8.5,2.6465200000000006,0.751034924080512,2.7243255549889547,310.37800000000004,1,3,1,51.1,4,22,0.44440672,0.14656298,True,0.1799825097408873,docking_results_3_27.csv,0.059535317,0.041405313,0.44440672,0.11489376,0.13673149,0.04767275,0.042968266,0.3066829,0.08226628,0.06306608,0.24547255,0.17365429,True,2.6465200000000006,2.6465200000000006
120,C1C=NC(NC(=O)C2=CC=C(C=C2)C3=CC=CC(O)=C3)=C(C)C(N)=N1,CC1=C(NC(=O)c2ccc(-c3cccc(O)c3)cc2)N=CCN=C1N,-8.5,2.4620999999999995,0.8035576286349896,2.831214833143056,334.3790000000001,3,5,3,100.07,3,25,0.44468805,0.1586662,True,0.1812726287607318,docking_results_3_10.csv,0.051943056,0.039244417,0.44468805,0.08267096,0.1925186,0.066134706,0.04983667,0.34671664,0.1052886,0.078063115,0.2932251,0.15366434,True,2.4620999999999995,2.4620999999999995
42,N#CC1=CC=CC=C1N2CC=3[NH1]C4=CC=CC=C4C=3C2,N#Cc1ccccc1N1Cc2[nH]c3ccccc3c2C1,-8.5,3.5597800000000017,0.7257360561319469,2.253388285613081,259.312,1,2,1,42.82,4,20,0.44487146,0.13808201,True,0.1257012555958729,docking_results_3_14.csv,0.043843247,0.02594034,0.44487146,0.13570032,0.15602909,0.046579946,0.04253335,0.24982828,0.079869136,0.06861832,0.24481884,0.11835188,True,3.5597800000000017,3.5597800000000017
78,COC1=CC=C(\C=C\C2=CC(C)=C(C#CCO)C(C)=C2)C=C1CN3N=CN=C3,COc1ccc(/C=C/c2cc(C)c(C#CCO)c(C)c2)cc1Cn1cncn1,-8.5,3.4660400000000022,0.5495604203835515,2.7283669677395856,373.456,1,4,5,60.17,3,28,0.4533692,0.18994111,True,0.1330602539116223,docking_results_3_0.csv,0.036142685,0.042517517,0.2758888,0.19328724,0.15149212,0.095106654,0.08543594,0.4533692,0.09651895,0.18591647,0.4476949,0.21592289,True,3.4660400000000022,3.4660400000000022
84,C[C@H1]([NH2+1][C@@H1](C)CC1=CN=C(N)S1)C2=CC=C(C=C2)C3=CC=CC(O)=C3,C[C@H]([NH2+][C@@H](C)Cc1cnc(N)s1)c1ccc(-c2cccc(O)c2)cc1,-8.5,3.3535000000000013,0.6352562803882172,3.8246375455284625,354.4990000000001,3,4,6,75.75,3,25,0.48930582,0.17340033,True,0.1418189381009434,docking_results_3_1.csv,0.0352247,0.023262512,0.36862236,0.1653583,0.2779398,0.09777747,0.04977621,0.29258305,0.073942356,0.10692824,0.48930582,0.10008307,True,3.3535000000000013,3.3535000000000013
228,COC1=CC=C(C=C1)C2CCN(CC2)[C@@H1]3CN[C@@H1](C3)C(=O)N4CCCC(F)CC4,COc1ccc(C2CCN([C@@H]3CN[C@H](C(=O)N4CCCC(F)CC4)C3)CC2)cc1,-8.4,2.955700000000001,0.8396531006027542,3.468295788634668,403.54200000000026,1,4,4,44.81,4,29,0.06466919,0.020987453,True,0.1387174421844932,docking_results_3_5.csv,0.02589332,0.008587782,0.011290633,0.01756258,0.055285145,0.008493085,0.0079026725,0.06466919,0.005529944,0.011804251,0.017924689,0.016906178,True,2.955700000000001,2.955700000000001
215,C[C@@]1(CNCCN1C2=CC=CC=C2CC(=O)O)C3=CC=C4C=CC=CC4=C3,C[C@]1(c2ccc3ccccc3c2)CNCCN1c1ccccc1CC(=O)O,-8.4,3.7919000000000027,0.7432115832536996,3.004645600804717,360.45700000000005,2,3,4,52.57000000000001,4,27,0.07780879,0.030011281,True,0.0889080039915278,docking_results_3_28.csv,0.03173652,0.010735061,0.04120338,0.022519147,0.07780879,0.013184557,0.0141829485,0.068637386,0.009705108,0.01794908,0.03534321,0.017130211,True,3.7919000000000027,3.7919000000000023
217,[NH3+1]C[C@H1](CC1=CC=CC(=C1)CC2CCCCN2)C3=CC=CC=C3,[NH3+]C[C@H](Cc1cccc(CC2CCCCN2)c1)c1ccccc1,-8.4,2.9394,0.8459827331133947,3.346777121137711,309.477,2,1,6,39.67,3,23,0.08900764,0.028481336,True,0.1394209172496092,docking_results_3_1.csv,0.017612366,0.0047222986,0.017505186,0.031982858,0.08900764,0.014376381,0.011187997,0.053797025,0.0040718485,0.021604128,0.06738577,0.008522541,True,2.9394,2.9394
150,C[C@H1](OC1=CC=CC=C1F)C(=O)N2CC3=CC=CC=C3NC2=O,C[C@H](Oc1ccccc1F)C(=O)N1Cc2ccccc2NC1=O,-8.4,3.167300000000002,0.9464411627690346,2.7007017788044365,314.316,1,3,3,58.64,3,23,0.10243458,0.046792176,True,0.1279538975281852,docking_results_3_14.csv,0.039867494,0.01619759,0.0826925,0.0340256,0.10104008,0.020847505,0.02191027,0.10243458,0.019052278,0.027055878,0.0663504,0.030031923,True,3.167300000000002,3.167300000000002
251,COC1=CC(CC2C(=O)NCCN2C3=CC=CC(=C3)C(=O)N4CCOCC4)=CC=C1,COc1cccc(CC2C(=O)NCCN2c2cccc(C(=O)N3CCOCC3)c2)c1,-8.4,1.7150999999999996,0.8143062447942667,2.8068948755408396,409.4860000000002,1,5,5,71.11,4,30,0.10318465,0.036044367,True,0.1209711216974854,docking_results_3_26.csv,0.034287293,0.01419274,0.0552316,0.02382393,0.07029206,0.014203644,0.015595481,0.10318465,0.015920274,0.021360593,0.034117606,0.030322498,True,1.7150999999999996,1.7150999999999996
191,CC[C@H1](C1=CC=CC=C1)C2=CC=C(C=C2)C(=O)NC3CCNCC3,CC[C@H](c1ccccc1)c1ccc(C(=O)NC2CCNCC2)cc1,-8.4,3.710300000000002,0.8808847979176061,2.4396248858983878,322.4520000000001,2,2,5,41.13,3,24,0.10652912,0.036707297,True,0.0938813322352944,docking_results_3_15.csv,0.024620473,0.007909461,0.033549596,0.032071996,0.10652912,0.019124864,0.013661949,0.07643912,0.0074504325,0.023787895,0.081074335,0.014268327,True,3.710300000000002,3.710300000000002
212,CNC(=O)[C@H1]C1CO[C@H1]([C@@H1](O)[C@@H1]1O)C2=CC=C(OC3=CC=C(F)C=C3)C=C2Cl,CNC(=O)[CH]C1CO[C@@H](c2ccc(Oc3ccc(F)cc3)cc2Cl)[C@@H](O)[C@@H]1O,-8.4,2.6309900000000015,0.707520905958674,3.977679029956322,408.8330000000001,3,5,5,88.02000000000001,3,28,0.11254791,0.05213878,True,,docking_results_3_0_add_B.csv,0.042217586,0.016375067,0.07515051,0.05035646,0.10725045,0.022299198,0.018603062,0.11254791,0.017275646,0.026092298,0.093225524,0.044271648,True,2.6309900000000015,
112,O=C(NC1CN2CCC1CC2)C3=CC=C4C=CC=CC4=C3,O=C(NC1CN2CCC1CC2)c1ccc2ccccc2c1,-8.4,2.6638,0.9169945499899327,3.1414733914348325,280.37100000000004,1,2,2,32.34,5,21,0.112657465,0.046649564,True,0.1478094834707486,docking_results_3_4.csv,0.03153374,0.012372295,0.08761292,0.03941793,0.10036378,0.018610006,0.016146418,0.112657465,0.020167375,0.02484234,0.06116955,0.034900974,True,2.6638,2.6638
227,O=C([C@H1]1CCCCN1C(=O)C2=CC=CC=C2CN3CC[C@@H1](O)C3)NC4=CC=CC=C4,O=C(Nc1ccccc1)[C@H]1CCCCN1C(=O)c1ccccc1CN1CC[C@@H](O)C1,-8.4,2.8866000000000014,0.7994793894825802,2.786576671899102,407.5140000000002,2,4,5,72.88000000000001,4,30,0.11402821,0.042818535,True,0.1415546030217572,docking_results_3_24.csv,0.03392875,0.014731908,0.046798088,0.03459205,0.09522934,0.019708391,0.018396344,0.11402821,0.016907904,0.025720242,0.058574867,0.035206318,True,2.8866000000000014,2.8866000000000014
44,CCCC(=O)NC1CCNC=C(CN2CCCCC2)C(=O)C3=CC(F)=CC=C13,CCCC(=O)NC1CCNC=C(CN2CCCCC2)C(=O)c2cc(F)ccc21,-8.4,3.3289000000000017,0.8136258663178746,3.6813769557321496,387.4990000000001,2,4,5,61.440000000000005,3,28,0.11665034,0.030690484,True,0.1182387735380813,docking_results_3_4.csv,0.020301456,0.00963166,0.028995333,0.024294633,0.043290265,0.011132476,0.014020478,0.11665034,0.01077665,0.026487602,0.03306648,0.029638477,True,3.3289000000000017,3.3289000000000017
181,O=C(NO[C@@H1]1CCCNC1)C2=CC=C3C=CC=CC3=C2,O=C(NO[C@@H]1CCCNC1)c1ccc2ccccc2c1,-8.4,2.2532000000000005,0.8410892728695603,2.6898910957762467,270.33200000000005,2,3,3,50.36,3,20,0.11808823,0.047845338,True,0.146032539289467,docking_results_3_11.csv,0.03819359,0.013567235,0.11808823,0.033065047,0.11156671,0.018593794,0.015721748,0.09605292,0.020352751,0.0214362,0.057379812,0.030126017,True,2.2532000000000005,2.2532000000000005
164,COCCN1CCCCC1C2=CC=C3C=CC4=C(CCNC4=O)C3=C2,COCCN1CCCCC1c1ccc2ccc3c(c2c1)CCNC3=O,-8.4,3.299100000000002,0.9299268613691587,2.9489844440823028,338.45100000000014,1,3,4,41.57,4,25,0.119371474,0.042789508,True,0.1200950815000924,docking_results_3_24.csv,0.029168984,0.012061704,0.075696565,0.042700306,0.06331996,0.014355721,0.015217405,0.119371474,0.015219687,0.025175331,0.060469825,0.04071716,True,3.299100000000002,3.299100000000002
205,CCCC1[NH1+1](CC)CN=C1NC(=O)C2=CC=C(C=C2)C3=CC=CC=C3,CCCC1C(NC(=O)c2ccc(-c3ccccc3)cc2)=NC[NH+]1CC,-8.4,2.5265000000000004,0.8658615361176737,3.7312575888654056,336.45900000000006,2,2,5,45.9,3,25,0.12475586,0.05407883,True,0.1491924794178104,docking_results_3_9.csv,0.025309812,0.009407354,0.1090979,0.042078972,0.12475586,0.023293985,0.016964717,0.114606984,0.018387975,0.030821962,0.107908316,0.026312083,True,2.5265000000000004,2.5265000000000004
51,CN(C1CC1NC(=O)C2=CC=CC=C2)CC3=CC=CC4=CC=CC=C34,CN(Cc1cccc2ccccc12)C1CC1NC(=O)c1ccccc1,-8.4,3.842500000000003,0.7706903444614024,2.75792766262726,330.4310000000001,1,2,5,32.34,4,25,0.1250918,0.044563983,True,0.0859245624132477,docking_results_3_14.csv,0.021240557,0.005887808,0.11318897,0.038352326,0.1250918,0.017711362,0.012154102,0.07083038,0.01256156,0.022734024,0.08109297,0.013921892,True,3.842500000000003,3.842500000000003
61,O=C(NCC1=CC=CC=C1)C2=CC3=CC=CC=C3OC2=O,O=C(NCc1ccccc1)c1cc2ccccc2oc1=O,-8.4,2.7230000000000008,0.7498541504055644,1.6809016279983737,279.295,1,3,3,59.31,3,21,0.12828529,0.041888427,True,0.1466122026490219,docking_results_3_11.csv,0.037723012,0.012107947,0.110734954,0.01990239,0.12828529,0.018174944,0.015265621,0.06736444,0.017190825,0.018100357,0.042952556,0.014858805,True,2.7230000000000008,2.7230000000000008
14,CC[C@H1](C)[C@H1]1CN(C)C(=O)[C@H1](N)N[C@@]1(C)CC2=CC=CC(OC3=CC=CC=C3)=C2,CC[C@H](C)[C@H]1CN(C)C(=O)[C@H](N)N[C@@]1(C)Cc1cccc(Oc2ccccc2)c1,-8.4,3.788800000000003,0.7809036667887364,3.940505440345456,395.5470000000001,2,4,6,67.59,3,29,0.13200119,0.03744759,True,0.0890934621600338,docking_results_3_4.csv,0.03123759,0.0089481985,0.035535995,0.033702627,0.13200119,0.019136174,0.011719959,0.06900012,0.009429365,0.018372519,0.063752756,0.016534636,True,3.788800000000003,3.788800000000003
27,O=S(=O)(NC1=CC=CC=C1)C2=CC3=CC=CC=C3C=C2,O=S(=O)(Nc1ccccc1)c1ccc2ccccc2c1,-8.4,3.640600000000002,0.797333717464011,1.5249701720492617,283.35200000000003,1,2,3,46.17,3,20,0.14616998,0.03613894,True,0.0982564917482693,docking_results_3_7.csv,0.023699917,0.0066587897,0.04480906,0.021674734,0.14616998,0.018245239,0.0120130535,0.052167494,0.006559061,0.015050121,0.07861393,0.008005917,True,3.640600000000002,3.640600000000002
111,ClC1=NC2=C(Cl)C=CC=C2C=C1C3=NCCNCCC(=O)[NH1]3,O=C1CCNCCN=C(c2cc3cccc(Cl)c3nc2Cl)N1,-8.4,2.3977000000000004,0.7855793287480939,3.339980274259962,337.2100000000001,2,4,1,66.38,3,22,0.15147255,0.04708293,True,0.1486735947754099,docking_results_3_17.csv,0.028007926,0.0128455525,0.15147255,0.029031709,0.04703023,0.01008763,0.014720078,0.13682267,0.022827663,0.022041792,0.035155576,0.0549518,True,2.3977000000000004,2.3977000000000004
56,O=C(CC1=CC=C(F)C=C1)NC(=O)C2=CC=C3C=CC=CC3=C2,O=C(Cc1ccc(F)cc1)NC(=O)c1ccc2ccccc2c1,-8.4,3.4780000000000015,0.8050085575593824,1.687027185561245,307.324,1,2,3,46.17,3,23,0.16276523,0.07251777,True,0.1087110158222547,docking_results_3_10.csv,0.032305203,0.015273831,0.15458591,0.045861922,0.16276523,0.036493246,0.029925063,0.13683882,0.027324893,0.04436074,0.15261817,0.031860188,True,3.4780000000000015,3.478000000000001
24,CC(C)(C)C(=O)NC1CC2=CC=C(C=C2[C@@H1]1O)C=CC3=CC=CC=C3,CC(C)(C)C(=O)NC1Cc2ccc(C=Cc3ccccc3)cc2[C@@H]1O,-8.4,3.977400000000003,0.8337593062331949,3.128009017436834,335.44700000000006,2,2,3,49.33,3,25,0.17685972,0.060200438,True,0.0784268255316172,docking_results_3_10.csv,0.02424084,0.010774876,0.05155194,0.055547398,0.13737167,0.03404887,0.021453485,0.1289413,0.012681268,0.042138964,0.17685972,0.026794929,True,3.977400000000003,3.977400000000003
71,O=C(CN1C2=CC=CC=C2SC3=CC=CC=C13)NC4CCCC(=O)C4,O=C1CCCC(NC(=O)CN2c3ccccc3Sc3ccccc32)C1,-8.4,3.917200000000002,0.9096152213180294,2.7856377633657594,352.45900000000023,1,4,3,49.410000000000004,4,25,0.17952578,0.07696398,True,0.0816849681679951,docking_results_3_17.csv,0.038671207,0.020827476,0.13743047,0.07131537,0.1084919,0.033245914,0.038845863,0.17952578,0.037990574,0.059890866,0.13072608,0.06660629,True,3.917200000000002,3.917200000000002
79,CC1=CC=C2OC(=CC2=C1)C(=O)C3=CC=C(C=C3)C(O)CN4CCOCC4,Cc1ccc2oc(C(=O)c3ccc(C(O)CN4CCOCC4)cc3)cc2c1,-8.4,3.3378200000000016,0.7028456000314629,2.6948450090887413,365.42900000000026,1,5,5,62.91,4,27,0.1796542,0.07349662,True,0.1176788668530776,docking_results_3_5.csv,0.044692848,0.022807328,0.1187018,0.06007061,0.13311875,0.033107746,0.025949325,0.1796542,0.034690272,0.037521575,0.12395063,0.06769433,True,3.3378200000000016,3.3378200000000016
136,C1C=NC=CC1OC2=CC=C(C=N2)C3=CC=CC(=C3)C(N)=O,NC(=O)c1cccc(-c2ccc(OC3C=CN=CC3)nc2)c1,-8.4,2.5831,0.9407331743827211,3.2789949377215004,293.3260000000001,1,4,4,77.57,3,22,0.18055297,0.0589828,True,0.1488624907972046,docking_results_3_4.csv,0.05054505,0.023398072,0.18055297,0.025872322,0.10488734,0.02239703,0.022350928,0.1252878,0.034204703,0.028217705,0.04935715,0.0407224,True,2.5831,2.5831
58,CN(C(=O)C1=CC=C2C=CC=CC2=C1)C(CC(=O)O)C3=CC=C(N)C=C3,CN(C(=O)c1ccc2ccccc2c1)C(CC(=O)O)c1ccc(N)cc1,-8.4,3.7100000000000017,0.688584536296431,2.569777660488393,348.40200000000004,2,3,5,83.63,3,26,0.18678205,0.078294404,True,0.0938999395698206,docking_results_3_7.csv,0.037354086,0.01840416,0.18678205,0.04497278,0.1647701,0.038451582,0.03069701,0.15703501,0.03996903,0.045188744,0.1334062,0.04250213,True,3.7100000000000017,3.7100000000000017
114,O=C(C[C@H1]1OC(=O)C[C@@H1]1C)C2=CC=C3C=CC=CC3=C2,C[C@H]1CC(=O)O[C@@H]1CC(=O)c1ccc2ccccc2c1,-8.4,3.364200000000002,0.6329353400037695,2.9797638484850584,268.312,0,3,3,43.370000000000005,3,20,0.1878308,0.07614324,True,0.1160129755376447,docking_results_3_10.csv,0.06600425,0.0325446,0.09140598,0.05830354,0.1878308,0.04848057,0.035865102,0.13864152,0.03290596,0.04185828,0.13088176,0.048996523,True,3.364200000000002,3.364200000000002
252,O=C(C1=CC=CC(OC2=CC=CC=C2)=C1)[C@H1]3C4CCCC(=O)N34,O=C(c1cccc(Oc2ccccc2)c1)[C@H]1C2CCCC(=O)N21,-8.4,3.424900000000001,0.6420251271340784,2.950370580312425,307.3490000000001,0,3,4,46.38,4,23,0.18788972,0.09271518,True,0.1121349652563478,docking_results_3_7.csv,0.057890274,0.031204302,0.13421693,0.07275223,0.18617862,0.051670775,0.040530827,0.18788972,0.042722423,0.05246973,0.18452562,0.0705308,True,3.424900000000001,3.424900000000001
43,CCC[C@@H1](C)NC(=O)C1=CC=C(N=N1)N2CCC(CC#N)(CC2)C3=CC=CC=C3,CCC[C@@H](C)NC(=O)c1ccc(N2CCC(CC#N)(c3ccccc3)CC2)nn1,-8.4,3.846880000000003,0.7752152960338348,3.0965932009669963,391.5190000000002,1,5,7,81.91,3,29,0.18878295,0.071958385,True,0.085670359832355,docking_results_3_3.csv,0.031933013,0.018734632,0.068157606,0.07943282,0.10987115,0.03703969,0.032096595,0.18878295,0.029838335,0.05717336,0.14695042,0.0634901,True,3.846880000000003,3.846880000000003
159,O=C(CC1=CC=C2C=CC=CC2=C1)NC3C=CN(CC4=CC=CN=C4)C(=O)C3C=CN=C,C=NC=CC1C(=O)N(Cc2cccnc2)C=CC1NC(=O)Cc1ccc2ccccc2c1,-8.4,3.6487000000000025,0.5885633375544815,3.9105703283353206,424.50400000000013,1,4,7,74.66,4,32,0.1915741,0.07016341,True,0.0977431907680314,docking_results_3_4.csv,0.03992725,0.025854422,0.10743044,0.045946024,0.10341943,0.034661278,0.04220023,0.1915741,0.044099987,0.06534886,0.08123281,0.06026602,True,3.6487000000000025,3.6487000000000025
184,O=C(CNC1=CC=CC=C1N2CCNCC2)NC=C3C=CC=CC=CC=CN=C3,O=C(CNc1ccccc1N1CCNCC1)NC=C1C=CC=CC=CC=CN=C1,-8.4,2.7749000000000015,0.7244094257151812,3.726474253621264,389.50300000000004,3,5,5,68.76,3,29,0.19765384,0.039770376,True,0.1452774335152171,docking_results_3_24.csv,0.018333184,0.016588666,0.04095456,0.012749221,0.028866125,0.011832692,0.022046415,0.19765384,0.02205583,0.04469808,0.016421784,0.045044083,True,2.7749000000000015,2.774900000000001
118,CC=1ON=C(C2=CC=CN=C2)C=1C3=CC=C(C=C3)[C@@H1]4CN(C)CCO4,Cc1onc(-c2cccnc2)c1-c1ccc([C@@H]2CN(C)CCO2)cc1,-8.4,3.7151200000000024,0.7300914448384297,2.9057370257472126,335.40700000000015,0,5,3,51.39,4,25,0.20271383,0.06208819,True,0.0935826700752304,docking_results_3_3.csv,0.034552805,0.013522374,0.20271383,0.060648166,0.092424735,0.017636573,0.015899787,0.12827724,0.029204594,0.024934752,0.07276812,0.052475326,True,3.7151200000000024,3.7151200000000015
237,CC[C@@H1](C)C(=O)NCC1=CN=C(O1)C2=CC=C3C=C(NS(C)(=O)=O)C=CC3=C2,CC[C@@H](C)C(=O)NCc1cnc(-c2ccc3cc(NS(C)(=O)=O)ccc3c2)o1,-8.4,3.5286000000000017,0.6306175353282653,2.928697597830542,401.4880000000001,2,5,7,101.29999999999998,3,28,0.22039038,0.10222582,True,0.1054403663070002,docking_results_3_13.csv,0.050074235,0.02989479,0.21898834,0.0738648,0.17370494,0.049540088,0.037583426,0.22039038,0.062348213,0.05540664,0.16702895,0.087885156,True,3.5286000000000017,3.5286000000000017
222,C1C=CC=C(C2=CC=CC(=C2)N=C(N3CCNCC3)N(C)C=O)C1,CN(C=O)C(=Nc1cccc(C2=CC=CCC2)c1)N1CCNCC1,-8.4,2.400900000000001,0.5275622183392338,3.324233902891118,324.42800000000005,1,3,3,47.94,3,24,0.2244496,0.06170943,True,0.1487077694767929,docking_results_3_1.csv,0.042582262,0.03001354,0.060019173,0.037814997,0.073299885,0.026500203,0.029287973,0.2244496,0.032607067,0.048868906,0.055872902,0.079196654,True,2.400900000000001,2.400900000000001
112,O=CC[C@H1](C(=O)NC1=CC=C(C=C1)C2CCNCC2)OC3=CC=CC=C3N,Nc1ccccc1O[C@H](CC=O)C(=O)Nc1ccc(C2CCNCC2)cc1,-8.4,2.7109000000000005,0.5167469522870977,2.941576370035486,367.4490000000001,3,5,7,93.45,3,27,0.22508296,0.09965464,True,0.1468855056997181,docking_results_3_15.csv,0.04438762,0.026411917,0.19464743,0.07619795,0.15661168,0.048196957,0.041023884,0.22508296,0.05921482,0.066452086,0.17236301,0.08526532,True,2.7109000000000005,2.7109000000000005
68,CC1=CC=C(CNC2=CC=C3C=CC=CC3=N2)C=C1CC(N)=O,Cc1ccc(CNc2ccc3ccccc3n2)cc1CC(N)=O,-8.4,3.1831200000000006,0.760443213668412,2.0457201925542545,305.38100000000014,2,3,5,68.00999999999999,3,23,0.22622986,0.058823023,True,0.1270474089140258,docking_results_3_12.csv,0.029441526,0.010528137,0.22622986,0.035649803,0.11152464,0.019664906,0.018351443,0.10115378,0.025768278,0.02933916,0.072674476,0.025550287,True,3.1831200000000006,3.1831200000000006
14,O=C(N[C@H1]1C[C@@H1]1C2=CC=CC=C2)C3=CC4=CC=CC=C4[NH1]C3=O,O=C(N[C@H]1C[C@@H]1c1ccccc1)c1cc2ccccc2[nH]c1=O,-8.4,2.814,0.781354353158621,2.7141675952377984,304.34900000000005,2,2,3,61.96,4,23,0.22779046,0.09371904,True,0.1441025124419996,docking_results_3_16.csv,0.0638328,0.031098086,0.15484689,0.07059264,0.22779046,0.054018438,0.030456016,0.16206439,0.035682183,0.039060514,0.1990465,0.0561396,True,2.814,2.814
13,CC(C)[C@@H1](O)C(=O)NCC1=CC=C(C2=C1)C=CC3=CC=CN=C23,CC(C)[C@@H](O)C(=O)NCc1ccc2ccc3cccnc3c2c1,-8.4,3.0211000000000015,0.7283094735765657,2.617720713715679,308.38100000000003,2,3,4,62.22,3,23,0.24336934,0.093690224,True,0.1356970011379298,docking_results_3_15.csv,0.045313597,0.020831078,0.24336934,0.07952269,0.19260919,0.04302358,0.02816923,0.16577864,0.05120546,0.044363316,0.14790411,0.062192485,True,3.0211000000000015,3.021100000000001
139,O=C(N1CC(O)C1)C2=NC(=CC=C2Cl)C3=CC=C(Cl)C(Cl)=C3,O=C(c1nc(-c2ccc(Cl)c(Cl)c2)ccc1Cl)N1CC(O)C1,-8.4,3.525500000000002,0.8944063519905725,2.2016264341098335,357.624,1,3,2,53.43000000000001,3,22,0.24375409,0.092758305,True,0.1056406414090076,docking_results_3_1.csv,0.03423982,0.02094033,0.2007807,0.08839501,0.07802997,0.02661639,0.03542007,0.24375409,0.040896427,0.054854006,0.16941947,0.11975347,True,3.525500000000002,3.525500000000002
188,COC1=CC=C(C=C1C#N)C2=NC=C([NH1]2)C(=O)N3CCN(C34)C=CCC=N4,COc1ccc(-c2ncc(C(=O)N3CCN4C=CCC=NC43)[nH]2)cc1C#N,-8.4,1.98658,0.9003737558528072,3.933616015005901,362.3930000000001,1,6,3,97.60999999999999,4,27,0.27150506,0.09567209,True,,docking_results_3_0_add_B.csv,0.05501865,0.042465057,0.18124129,0.062087916,0.09573725,0.035540715,0.04161196,0.27150506,0.07217714,0.053933375,0.08754534,0.14920133,True,1.98658,
15,O=C(NCC1=CC=CC=N1)C2=CC(Cl)=C3C=CC=CC3=C2,O=C(NCc1ccccn1)c1cc(Cl)c2ccccc2c1,-8.4,3.818200000000002,0.7981667014096435,1.8567091942026615,296.757,1,2,3,41.99,3,21,0.27482176,0.07491983,True,0.0873468024840558,docking_results_3_1.csv,0.029378831,0.011718517,0.27482176,0.050646525,0.13943113,0.026076347,0.022398565,0.12236978,0.030978672,0.035654902,0.123116575,0.032446314,True,3.818200000000002,3.818200000000002
105,CC1=CC(C)=NC(=N1)N2N=CCC2C3=CC=C(C=C3)C4=CN=CC=N4,Cc1cc(C)nc(N2N=CCC2c2ccc(-c3cnccn3)cc2)n1,-8.4,3.4876400000000016,0.7352107870615461,3.1992925578863067,330.39500000000004,0,6,3,67.16,4,25,0.29617387,0.060659777,True,0.1080879624388997,docking_results_3_4.csv,0.02616052,0.008862571,0.29617387,0.050189424,0.066888906,0.0120485,0.013472002,0.108488664,0.025781972,0.02417733,0.058012504,0.0376611,True,3.4876400000000016,3.4876400000000016
46,CC[NH2+1][C@@H1]1CCC(=O)N1[C@@H1](C)C(=O)NC2=CC=C(C=C2)C=CC3=CC4=CC=CC=C4N=C3,CC[NH2+][C@@H]1CCC(=O)N1[C@@H](C)C(=O)Nc1ccc(C=Cc2cnc3ccccc3c2)cc1,-8.4,3.264000000000002,0.6050925906352037,3.732725285720151,429.5440000000001,2,3,7,78.91,4,32,0.29929698,0.1411833,True,0.1222493531558812,docking_results_3_13.csv,0.057706315,0.04073902,0.26400086,0.12246558,0.19641173,0.0726,0.05612913,0.29929698,0.084778786,0.09000188,0.27276373,0.13730547,True,3.264000000000002,3.264000000000002
107,CC1=NC=CN1C=C2C=C(NC3=NC(NC4CCOCC4)=C(C(=O)O)C=N3)C=C2,Cc1nccn1C=C1C=CC(Nc2ncc(C(=O)O)c(NC3CCOCC3)n2)=C1,-8.4,2.677320000000001,0.6851619901578214,3.4005676687739728,394.4350000000002,3,7,6,114.19,4,29,0.3057033,0.08732584,True,0.1475672384289199,docking_results_3_5.csv,0.022706214,0.018445209,0.21689369,0.04767656,0.0476764,0.019894442,0.02761718,0.3057033,0.04394497,0.056216076,0.11832956,0.12280645,True,2.677320000000001,2.677320000000001
254,CC1=CC=C(C=C1OC2=CC=C(C=N2)C3=CN=C4CCCOC34)C=O,Cc1ccc(C=O)cc1Oc1ccc(C2=CN=C3CCCOC23)cn1,-8.4,3.969320000000004,0.7938859287992279,3.4743473524068538,334.3750000000001,0,5,4,60.78000000000001,4,25,0.31714872,0.12993012,True,0.0788554392601694,docking_results_3_8.csv,0.049801104,0.032981742,0.31714872,0.10791761,0.14086895,0.051246677,0.048732944,0.28212982,0.07619634,0.07793618,0.24084662,0.13335481,True,3.969320000000004,3.969320000000004
84,C1OC=CC=CC=CC=C1C2=CC=C3N=C(N)N=C(N)C3=C2C,Cc1c(C2=CC=CC=CC=COC2)ccc2nc(N)nc(N)c12,-8.4,3.1423200000000007,0.844823769132983,3.7705225641729125,306.369,2,5,1,87.05,3,23,0.33387026,0.100509204,True,0.1293609132876631,docking_results_3_10.csv,0.036537006,0.033760715,0.26042858,0.051412705,0.057705253,0.026976902,0.037382487,0.33387026,0.06401204,0.069851816,0.09283007,0.14134248,True,3.1423200000000007,3.1423200000000007
249,COC(=O)[C@H1]CC=C(C=O)C1=CC=C2C=CC3=C(CCNC3=O)C2=C1,COC(=O)[CH]CC=C(C=O)c1ccc2ccc3c(c2c1)CCNC3=O,-8.4,2.47539,0.517143818123104,3.2602232838472816,336.3670000000001,1,4,5,72.47,3,25,0.3343606,0.12370499,True,0.1491976260543474,docking_results_3_28.csv,0.0691305,0.06263455,0.18070191,0.068071134,0.1496642,0.06643874,0.05835828,0.3343606,0.08973823,0.08602038,0.16995929,0.14938216,True,2.47539,2.47539
83,CO[C@@H1](C(=O)NC1=CC=C(C=C1)C(=O)N2CCSCC2)C3=CC=C4C=CC=CC4=N3,CO[C@@H](C(=O)Nc1ccc(C(=O)N2CCSCC2)cc1)c1ccc2ccccc2n1,-8.4,3.7500000000000027,0.6793918930973689,2.8322460691747917,421.52200000000016,1,5,5,71.53,4,30,0.34036314,0.14033647,True,0.091438847856746,docking_results_3_19.csv,0.048296906,0.03278104,0.34036314,0.118849516,0.1752636,0.059463486,0.04966801,0.292311,0.09084513,0.079944775,0.25905767,0.1371935,True,3.7500000000000027,3.750000000000002
120,C[C@H1]1C[C@@H1](C2=CC3=CC=C(O)C=C3OC2=O)N1C4=CC=C(C=C4)C(N)=O,C[C@H]1C[C@@H](c2cc3ccc(O)cc3oc2=O)N1c1ccc(C(N)=O)cc1,-8.4,2.9374000000000002,0.7080378101727341,3.3865046514253425,350.3740000000001,2,5,3,96.77000000000001,4,26,0.34224167,0.14984487,True,0.1395058145015042,docking_results_3_17.csv,0.068567954,0.046652913,0.34224167,0.101368055,0.22748792,0.07656712,0.044859078,0.28937373,0.082681574,0.06313764,0.31981382,0.13538688,True,2.9374000000000002,2.9374
83,CC1=NOC(C)=C1C2=CC=C3N=CN=C(N4CCC(O)C4)C3=C2,Cc1noc(C)c1-c1ccc2ncnc(N3CCC(O)C3)c2c1,-8.4,2.47264,0.7834772363624596,2.9149372494875987,310.357,1,6,2,75.28,4,23,0.361797,0.10560366,True,0.1491900116454432,docking_results_3_0.csv,0.042315904,0.02476799,0.361797,0.10284292,0.08003492,0.024509354,0.030410495,0.23440985,0.06525248,0.047089506,0.1116733,0.14214014,True,2.47264,2.47264
42,COCC1=CC=C(C2=C1)C=CC=C3C=CC4=C(CCNC4=O)C3=C2,COCc1ccc2c(c1)C=c1c3c(ccc1=CC=C2)C(=O)NCC3,-8.4,1.7550000000000003,0.9164268802319088,3.252073683110897,317.38800000000003,1,2,2,38.33,4,24,0.36190808,0.14717789,True,0.1233988540545253,docking_results_3_28.csv,0.060640085,0.04738804,0.25108638,0.12579888,0.15394378,0.06792825,0.04310783,0.35788396,0.053440306,0.08150808,0.36190808,0.161501,True,1.7550000000000003,1.7550000000000003
151,COC(=O)CC1=CC=CC(=C1)C2=CC(NC(=O)C3=CC=C(C=N3)C#N)=CC=C2F,COC(=O)Cc1cccc(-c2cc(NC(=O)c3ccc(C#N)cn3)ccc2F)c1,-8.4,3.7271800000000024,0.6715421805146502,2.2219334018214134,389.3860000000001,1,5,5,92.07999999999998,3,29,0.36859074,0.13727443,True,0.0928378890427455,docking_results_3_5.csv,0.04969157,0.034634978,0.36859074,0.09116303,0.18434869,0.06094555,0.050541487,0.27469528,0.08926189,0.07686501,0.25028566,0.1162692,True,3.7271800000000024,3.7271800000000015
159,O[C@H1]CCCN1C=C2C=C3C=CC4=C(CCNC4=O)C3=NC2=C1C,Cc1c2nc3c4c(ccc3cc2cn1CCC[CH]O)C(=O)NCC4,-8.4,3.0983100000000015,0.7253905057298806,3.4165853123512218,322.3880000000001,2,3,4,67.15,4,24,0.37788785,0.13950792,True,0.1317610919213578,docking_results_3_27.csv,0.048856217,0.03475916,0.37788785,0.12967302,0.102373615,0.039596755,0.045169264,0.3184772,0.07865409,0.07019234,0.22935559,0.19910018,True,3.0983100000000015,3.098310000000001
234,CC(=O)NC1C=CC=C(C2=CC=C3N=CN=C(NC4CCOCC4)C3=C2OC)C1,COc1c(C2=CC=CC(NC(C)=O)C2)ccc2ncnc(NC3CCOCC3)c12,-8.4,3.077300000000001,0.8106974259406837,3.5805284320010244,394.4750000000003,2,6,5,85.37,4,29,0.38071012,0.13965558,True,0.1328685782409024,docking_results_3_1.csv,0.031967036,0.02459928,0.38071012,0.11899145,0.08783805,0.037495296,0.04586569,0.34864733,0.0811443,0.09578024,0.24035385,0.18247418,True,3.077300000000001,3.077300000000001
232,O=S(=O)(CC1CCC1)NC2=CN=C3C4=C(CCNC4=O)C=CC3=C2,O=C1NCCc2ccc3cc(NS(=O)(=O)CC4CCC4)cnc3c21,-8.4,2.0625,0.8877149535901089,2.7888490935827797,345.42400000000004,2,4,4,88.16,4,24,0.3881643,0.15007783,True,0.1395015770729001,docking_results_3_27.csv,0.049066197,0.04553499,0.19695657,0.14060044,0.131298,0.066670306,0.06483714,0.3881643,0.08541273,0.10560473,0.30741853,0.21936998,True,2.0625,2.0625
190,C[S@@](=O)C=CC1=CC=C2C3=C(CCNC3=O)C=CC2=C1,C[S@@](=O)C=Cc1ccc2c3c(ccc2c1)CCNC3=O,-8.4,2.4749000000000008,0.9211018526835048,3.3615435626670713,285.368,1,2,2,46.17,3,20,0.38843212,0.16519058,True,0.1491963282671062,docking_results_3_14.csv,0.068219565,0.059892885,0.2646176,0.13493551,0.18123649,0.083678134,0.06403896,0.38843212,0.08706792,0.10406225,0.34965992,0.1964456,True,2.4749000000000008,2.4749000000000008
141,C=1=CCN2C(C3=CC=C(C=C3)C4=CC=CC=C4)=NC=C2C=1C(=O)NC[C@@H1](N)C,C[C@H](N)CNC(=O)C1=C=CCn2c1cnc2-c1ccc(-c2ccccc2)cc1,-8.4,3.2326000000000015,0.6774268059152231,3.5142901027615085,370.4560000000002,2,3,5,72.94,4,28,0.39397964,0.17007501,True,0.1241421214258307,docking_results_3_5.csv,0.06260483,0.04947366,0.39397964,0.13486852,0.20828325,0.078879915,0.06497595,0.3486919,0.12281537,0.098733336,0.29613915,0.18145475,True,3.2326000000000015,3.232600000000001
150,CC1=NC=C(N=C1NCC2=CC=CN=C2)C=3C=C(CS(C)(=O)=O)N4C=CC=CC=34,Cc1ncc(-c2cc(CS(C)(=O)=O)n3ccccc23)nc1NCc1cccnc1,-8.4,3.256420000000002,0.5277111232270769,2.862376506321967,407.49900000000014,1,6,6,89.25,4,29,0.39749697,0.12814148,True,,docking_results_3_0_add_B.csv,0.03956363,0.024278566,0.39749697,0.11874841,0.15025371,0.043309446,0.04007823,0.2546766,0.08079779,0.06570811,0.20748864,0.115297474,True,3.256420000000002,
160,CC1=CC=CC(=C1)C2=CC(O)=CC(=N2)C(O)C3=CC=CC=C3,Cc1cccc(-c2cc(O)cc(C(O)c3ccccc3)n2)c1,-8.4,3.8443200000000024,0.7704836040671189,2.6293297248094127,291.35,2,3,3,53.35000000000001,3,22,0.41662422,0.12915987,True,0.0858188536163541,docking_results_3_5.csv,0.028205672,0.014295728,0.2872791,0.103220575,0.25011352,0.06359816,0.031006139,0.20654197,0.035451315,0.061119318,0.41662422,0.0524627,True,3.8443200000000024,3.8443200000000015
27,COC1=CN(C2=CC=C(C=N2)C3=CC(F)=CC=C3OC)C(=C14)[C@H1]CNC(=O)C4,COc1ccc(F)cc1-c1ccc(-n2cc(OC)c3c2[CH]CNC(=O)C3)nc1,-8.4,2.9202900000000005,0.7559340513988344,3.100129275431893,380.39900000000017,1,4,4,65.38,4,28,0.41932562,0.10219908,True,0.1402192063341081,docking_results_3_3.csv,0.037358727,0.018370658,0.41932562,0.07913464,0.088357076,0.023530982,0.026888197,0.20097427,0.05086512,0.04431633,0.14358135,0.09368588,True,2.9202900000000005,2.9202900000000005
223,CN(C)C(=O)OC1=CC=C2N(C)C=C(C2=C1)CNC(=O)CC3=CC(Cl)=CC=C3[NH1],CN(C)C(=O)Oc1ccc2c(c1)c(CNC(=O)Cc1cc(Cl)ccc1[NH])cn2C,-8.4,3.6654000000000018,0.6918217589967902,2.8026304984443016,413.88500000000016,1,3,5,87.37,3,29,0.4218757,0.15093239,True,0.0966886121402408,docking_results_3_2.csv,0.035443556,0.024756491,0.4218757,0.11407189,0.15694834,0.055509653,0.04662374,0.32440567,0.0902413,0.089735225,0.3140172,0.13755994,True,3.6654000000000018,3.6654000000000018
215,O=C(CNC1=NC(C2=CC=CC=C2)=NC=C1C3=CC=CC(=C3)C#N)NC4CC4,N#Cc1cccc(-c2cnc(-c3ccccc3)nc2NCC(=O)NC2CC2)c1,-8.4,3.3727800000000014,0.6950997396481832,2.2794195104746287,369.42800000000017,2,5,6,90.7,4,28,0.42592546,0.14205049,True,0.115468236847328,docking_results_3_0.csv,0.050979197,0.0331458,0.42592546,0.10612033,0.18422148,0.057469577,0.049888086,0.26829207,0.10531535,0.076027796,0.21894965,0.12827094,True,3.3727800000000014,3.372780000000001
164,CC1=NC(NC2=NC=CN=C2N3CCOCC3)=NC=C1C4=CC=C(C=C4)C(N)CC,CCC(N)c1ccc(-c2cnc(Nc3nccnc3N3CCOCC3)nc2C)cc1,-8.4,3.2320200000000003,0.6443994525312255,3.1290996500766477,405.5060000000001,2,8,6,102.08,4,30,0.42736956,0.10641608,True,0.1241767471991849,docking_results_3_7.csv,0.030656768,0.015328995,0.42736956,0.0929218,0.09555024,0.024043418,0.024540404,0.21797542,0.06022545,0.0459742,0.14121321,0.10119344,True,3.2320200000000003,3.2320200000000003
182,CN(C[C@H1]1CCOC1)C2=NC=NC3=CC=C(C=C23)C4=CC=CC=C4,CN(C[C@H]1CCOC1)c1ncnc2ccc(-c3ccccc3)cc12,-8.4,3.7695000000000025,0.7335557860702406,2.718065885743613,319.408,0,4,4,38.25,4,24,0.4301229,0.157189,True,0.0902546319293827,docking_results_3_1.csv,0.043081865,0.02782866,0.4301229,0.17039539,0.19041558,0.059971128,0.046713322,0.29223847,0.09590791,0.08193713,0.3010384,0.14661732,True,3.7695000000000025,3.7695000000000025
222,C[NH2+1][C@H1](C)C1=CC=C(C=C1)C2=CN=CC(NC(=O)C3=CC=C(Cl)C=C3)=C2,C[NH2+][C@H](C)c1ccc(-c2cncc(NC(=O)c3ccc(Cl)cc3)c2)cc1,-8.4,3.9085000000000027,0.7188554885202514,2.9839412921917514,366.87200000000007,2,2,5,58.6,3,26,0.43502915,0.14504553,True,0.0821678983412019,docking_results_3_3.csv,0.026453331,0.014481738,0.37845388,0.12269741,0.22969167,0.062989086,0.03368435,0.24332246,0.050680276,0.07322689,0.43502915,0.06983599,True,3.9085000000000027,3.9085000000000023
113,N#C[C@@](NC(N)=O)(C#CC1=CN=C(N=C1)N2CC3=CC=CC=C3C2)C4=CC=CC=C4,N#C[C@](C#Cc1cnc(N2Cc3ccccc3C2)nc1)(NC(N)=O)c1ccccc1,-8.4,2.4356799999999996,0.6635592477719319,3.486370207105825,394.4380000000001,2,5,3,107.92999999999999,4,30,0.44208202,0.18167418,True,0.1490096376249619,docking_results_3_1.csv,0.048587907,0.06422803,0.22246118,0.14563908,0.17680328,0.1084753,0.107103474,0.44208202,0.14369312,0.1667021,0.32763448,0.22668007,True,2.4356799999999996,2.43568
112,COC1=C2C=C(C=C1C3=CC=C4C5=C(CCNC5=O)C=CC4=C3C(=O)NCCCN)CC2,COc1c2cc(cc1-c1ccc3c4c(ccc3c1C(=O)NCCCN)CCNC4=O)CC2,-8.4,2.9785000000000004,0.5253809193063318,3.721111071673328,429.52000000000027,3,4,6,93.44999999999999,5,32,0.45046023,0.18297629,True,0.1376996276441193,docking_results_3_16.csv,0.051329575,0.04291663,0.45046023,0.1578728,0.14325272,0.062900744,0.046857264,0.4192368,0.08450115,0.08978667,0.40673742,0.23986337,True,2.9785000000000004,2.9785000000000004
208,C[S@](=O)C1=CC=C2C=C3C=CC=CC3=C(NS(C)(=O)=O)C2=C1,C[S@](=O)c1ccc2cc3ccccc3c(NS(C)(=O)=O)c2c1,-8.4,3.1019000000000005,0.7492144854009151,2.977101081321752,333.4340000000001,1,3,3,63.24,3,22,0.45263568,0.17369747,True,0.1315692919572896,docking_results_3_9.csv,0.0514345,0.04026386,0.30723733,0.15613389,0.25301608,0.09089498,0.06271411,0.3378283,0.08428876,0.09109327,0.45263568,0.15682885,True,3.1019000000000005,3.1019000000000005
223,CN(C)C(=O)C1=CC=CC=C1C2=CC(NC(=O)C3=CC=CC(Br)=C3)=N[NH1]2,CN(C)C(=O)c1ccccc1-c1cc(NC(=O)c2cccc(Br)c2)n[nH]1,-8.4,3.793300000000002,0.6833503617546054,2.232828857219193,413.275,2,3,4,78.09,3,26,0.47692862,0.13618149,True,0.0888243460570071,docking_results_3_5.csv,0.028579615,0.016285976,0.47692862,0.09055562,0.17789096,0.044595797,0.032718852,0.24861446,0.071261436,0.059162512,0.3005227,0.08706146,True,3.793300000000002,3.793300000000002
60,CCOC1=CC=CC=C1CN(C)C(=O)C2=CN=C(S2)C3=CC=CC(=C34)C=CN=C(N)C4N,CCOc1ccccc1CN(C)C(=O)c1cnc(-c2cccc3c2C(N)C(N)=NC=C3)s1,-8.4,3.822300000000002,0.597326989073019,3.557418321345727,447.56400000000014,2,7,6,106.83,4,32,0.48629272,0.15272547,True,0.0871054416598935,docking_results_3_10.csv,0.03428857,0.023086455,0.48629272,0.12064571,0.13809064,0.046488997,0.044200353,0.3161986,0.09115952,0.0828184,0.30123243,0.1482033,True,3.822300000000002,3.822300000000002
29,O=C1NC=C(C=C1NCC2CC2)C=C3C=CC=CC4=C(CCNC4=O)C3=O,O=C1NCCC2=C1C=CC=CC(=Cc1c[nH]c(=O)c(NCC3CC3)c1)C2=O,-8.4,2.0917999999999997,0.7146318724148241,3.412219068731128,363.4170000000002,3,4,4,91.06,4,27,0.49141607,0.13825266,True,0.1407091449554857,docking_results_3_19.csv,0.037388165,0.04971463,0.13029177,0.078700535,0.07538408,0.057494104,0.06371868,0.49141607,0.07328858,0.13949445,0.2459994,0.21614161,True,2.0917999999999997,2.0918
177,CCC[NH2+1]C1[C@H1]C(=O)N(C)C(=O)N1S(=O)(=O)C2=CC=C(C=C2)C=CC3=CC=CC=C3,CCC[NH2+]C1[CH]C(=O)N(C)C(=O)N1S(=O)(=O)c1ccc(C=Cc2ccccc2)cc1,-8.3,1.9434900000000008,0.6839355794045687,3.762483147613594,427.52600000000007,1,4,7,91.37,3,30,0.06953471,0.022850348,True,0.1091915930569441,docking_results_3_11.csv,0.025482366,0.009781742,0.011016064,0.011887289,0.06635829,0.011201645,0.011093593,0.06953471,0.005270723,0.014071572,0.025952742,0.012553417,True,1.9434900000000008,1.9434900000000008
72,CC(C1)[C@@H1](CC2=CC=CC=C12)N(C)C(=O)C3=C(F)C=CC=C3F,CC1Cc2ccccc2C[C@H]1N(C)C(=O)c1c(F)cccc1F,-8.3,3.8403000000000027,0.8243631602446202,3.1093266545087515,315.363,0,1,2,20.310000000000002,3,23,0.069787465,0.028028535,True,0.0701532476384062,docking_results_3_0.csv,0.015775407,0.004036632,0.041181516,0.035239447,0.059984304,0.0099536255,0.009695301,0.056440007,0.004599807,0.018889878,0.069787465,0.01075903,True,3.8403000000000027,3.8403000000000023
31,O=C([C@H1]1C2=CC=CC=C2CCN1CC3=CC=CC=C3)N4CCCC4,O=C([C@H]1c2ccccc2CCN1Cc1ccccc1)N1CCCC1,-8.3,3.408400000000002,0.8651156942515854,2.466153643056723,320.43600000000015,0,2,3,23.550000000000004,4,24,0.0736449,0.02165448,True,0.0922801016125844,docking_results_3_13.csv,0.026818974,0.0074940072,0.01623702,0.017578842,0.0736449,0.009624204,0.00895619,0.04979427,0.005293274,0.012210093,0.0221107,0.0100912675,True,3.408400000000002,3.408400000000002
100,CC(C)N(C)S(=O)(=O)C1=CC=C(C=C1)C2=C[NH1]N=C2C3=CC=C(C=C3)S(N)(=O)=O,CC(C)N(C)S(=O)(=O)c1ccc(-c2c[nH]nc2-c2ccc(S(N)(=O)=O)cc2)cc1,-8.3,2.4200000000000004,0.6160239679736219,2.5826727111999013,434.5430000000002,2,5,6,126.22,3,29,0.08667841,0.0223805,True,,docking_results_3_0_add_B.csv,0.020833647,0.005167486,0.02774064,0.014692026,0.08667841,0.008479007,0.0054832334,0.043852985,0.0042015356,0.0070796865,0.036160015,0.008197309,True,2.4200000000000004,
101,C1[C@H1](CNCC1(C)C)NC2=NC=CC(=N2)N3CCC(CC3)OC(C4)CC4C,CC1CC(OC2CCN(c3ccnc(N[C@H]4CNCC(C)(C)C4)n3)CC2)C1,-8.3,3.060500000000001,0.8271079728276838,3.4942262355545823,373.5450000000002,2,6,5,62.31,4,27,0.08999005,0.02928441,True,0.1090259104036059,docking_results_3_2.csv,0.013899647,0.0046450547,0.0411791,0.038663752,0.050545916,0.008704106,0.007718698,0.08999005,0.008164237,0.018872058,0.045085266,0.023945061,True,3.060500000000001,3.060500000000001
50,O=C(NC[C@H1]1CN2CCN1CC2)C3=CC=C4C=CC=CC4=C3,O=C(NC[C@H]1CN2CCN1CC2)c1ccc2ccccc2c1,-8.3,1.5693999999999997,0.933459873901886,3.336061301504939,295.386,1,3,3,35.580000000000005,5,22,0.096254416,0.033286616,True,0.0911178399496804,docking_results_3_3.csv,0.034782268,0.0140205175,0.046010792,0.019865546,0.082341135,0.012230815,0.010960636,0.096254416,0.01616611,0.013942108,0.02102006,0.031844974,True,1.5693999999999997,1.5693999999999997
219,C1CCCN(CC(=O)NC2=CC=C3CCN(C)C(=O)C3=C2)CC1,CN1CCc2ccc(NC(=O)CN3CCCCCC3)cc2C1=O,-8.3,2.1292,0.9294968808398513,2.040590821924882,315.4170000000001,1,3,3,52.650000000000006,3,23,0.09967381,0.026845502,True,0.1158846238712237,docking_results_3_6.csv,0.02470761,0.010521791,0.029897626,0.016038146,0.04806744,0.009410633,0.010098273,0.09967381,0.011236092,0.016141428,0.019666828,0.026686365,True,2.1292,2.1292
240,CC[NH2+1][C@H1](C1=CC=C(C)C=C1)C2=CC=CC(=C2)C3=CC=C(C=C3)S(N)(=O)=O,CC[NH2+][C@H](c1ccc(C)cc1)c1cccc(-c2ccc(S(N)(=O)=O)cc2)c1,-8.3,2.982120000000001,0.6885834705335487,3.144434295915275,381.52100000000013,2,2,6,76.77,3,27,0.10011756,0.026359523,True,0.1121233105485783,docking_results_3_4.csv,0.017158205,0.004244071,0.022312384,0.019239478,0.10011756,0.011837789,0.0077235503,0.044444207,0.0032900742,0.011360933,0.068332635,0.0062533906,True,2.982120000000001,2.982120000000001
17,CC1=CC=C(OC2=CC=C(C=N2)C(=O)N3CCN(CC34)CCCCO4)C=C1,Cc1ccc(Oc2ccc(C(=O)N3CCN4CCCCOC3C4)cn2)cc1,-8.3,3.076620000000001,0.8344862833707631,3.8988173429701742,367.4490000000002,0,5,3,54.900000000000006,4,27,0.10315674,0.036094707,True,0.1083483535286486,docking_results_3_15.csv,0.03224439,0.013022714,0.05840607,0.025892893,0.074403875,0.01347853,0.013227302,0.10315674,0.016388722,0.018871047,0.03212501,0.031919196,True,3.076620000000001,3.076620000000001
39,O=C(C1=CC=CC=C1C2=CC=CC=C2C(F)(F)F)N3CCNCC3,O=C(c1ccccc1-c1ccccc1C(F)(F)F)N1CCNCC1,-8.3,3.4178000000000015,0.9126814985751154,2.0694151569311945,334.3410000000001,1,2,2,32.34,3,24,0.10492486,0.03626859,True,0.0917885060048708,docking_results_3_4.csv,0.023364132,0.010011945,0.043867722,0.03607502,0.06253858,0.013227744,0.016001938,0.10492486,0.011198351,0.022530168,0.060772445,0.030710202,True,3.4178000000000015,3.417800000000001
38,O=C(N[C@H1]1CNC2=CC=CC=C2C1)C3=CC=NC=CC=CC=C3,O=C(N[C@H]1CNc2ccccc2C1)c1ccccccncc1,-8.3,2.972600000000001,0.8966398963957131,2.8900318876632305,305.38100000000003,2,3,2,54.02,3,23,0.117510796,0.034728564,True,0.1124756884380564,docking_results_3_2.csv,0.02702549,0.0063164625,0.117510796,0.022470383,0.10118989,0.011870714,0.009800507,0.04955821,0.011349337,0.0151357595,0.034583468,0.0099317385,True,2.972600000000001,2.972600000000001
113,C[C@H1]1CC[C@@H1](CN1C(=O)C2=NOC(=N2)C=3C=NN(C)C=3)C4=CC=C(C=N4)C#N,C[C@H]1CC[C@H](c2ccc(C#N)cn2)CN1C(=O)c1noc(-c2cnn(C)c2)n1,-8.3,2.14508,0.6867674133917856,3.685229666582197,377.40800000000013,0,7,3,113.73000000000002,4,28,0.12641577,0.047531154,True,0.1163534344684957,docking_results_3_5.csv,0.04333294,0.020820126,0.09830099,0.037604243,0.06945403,0.01573163,0.016695581,0.12641577,0.026337145,0.021589885,0.03762719,0.056464236,True,2.14508,2.14508
158,C[C@H1](NC(=O)CN(C)C)C1=CC=C(C=C1)C2=CC=CC(=C2)C(C)(C)OO,C[C@H](NC(=O)CN(C)C)c1ccc(-c2cccc(C(C)(C)OO)c2)cc1,-8.3,3.8171000000000026,0.5847993791161978,2.7870786058868102,356.4660000000001,2,4,7,61.80000000000001,2,26,0.12649052,0.042314757,True,0.0712612834375236,docking_results_3_3.csv,0.018822405,0.005876576,0.049289484,0.03947414,0.12649052,0.020813597,0.0117038805,0.08218103,0.009046317,0.024035374,0.10587054,0.014173225,True,3.8171000000000026,3.8171000000000026
24,C[C@@H1](NS(=O)(=O)C1=CC=C(Br)S1)C(=O)N2CCC(CC2)C3=CC=CC=C3C#N,C[C@@H](NS(=O)(=O)c1ccc(Br)s1)C(=O)N1CCC(c2ccccc2C#N)CC1,-8.3,3.455280000000003,0.7070858571586568,2.9661248167654524,482.4250000000003,1,5,5,90.27000000000001,3,28,0.12759355,0.04669897,True,0.0898214230729647,docking_results_3_6.csv,0.045142744,0.02436646,0.024272596,0.036958355,0.09962227,0.027357692,0.026548196,0.12759355,0.016985651,0.033279877,0.05861585,0.039644357,True,3.455280000000003,3.455280000000003
125,O=C(NC1=CC=CC=C1)N2CCC3=CC=CC=C3C2,O=C(Nc1ccccc1)N1CCc2ccccc2C1,-8.3,3.2768000000000024,0.8296237400120019,1.6346244929750675,252.31699999999992,1,1,1,32.34,3,19,0.14176805,0.051387455,True,0.0990254240334111,docking_results_3_14.csv,0.03367326,0.011804501,0.106460676,0.035772566,0.14176805,0.02426297,0.019418612,0.096134156,0.020483684,0.02826577,0.07714308,0.021462193,True,3.2768000000000024,3.2768000000000024
195,N1/C(=N\OC(=O)C2=CC=CC=C12)CC=C3C=CC=CC3=C,C=c1ccccc1=CCC1=NOC(=O)c2ccccc2N1,-8.3,1.8635,0.8531304540650294,3.369476407317416,278.31100000000004,1,4,2,50.690000000000005,3,21,0.1588698,0.05022888,True,0.1057234994370532,docking_results_3_8.csv,0.035773367,0.013543929,0.1588698,0.022607822,0.10328675,0.017705431,0.01752555,0.10151527,0.02285964,0.021461967,0.060265496,0.027331553,True,1.8635,1.8635
84,C1C=CC(C)=NCNC=C(C(=O)NC2=CC=CC(=C2)OCCO)CC=C1,CC1=NCNC=C(C(=O)Nc2cccc(OCCO)c2)CC=CCC=C1,-8.3,2.7943000000000007,0.7094445275049397,3.7408297911522492,355.43800000000016,3,5,5,82.95,2,26,0.16643022,0.049863245,True,0.1179749320330951,docking_results_3_3.csv,0.03311455,0.019917777,0.08068563,0.02459659,0.066963136,0.020561006,0.02523499,0.16643022,0.028543336,0.043851074,0.041568357,0.04689234,True,2.7943000000000007,2.7943000000000007
76,O=C1C[C@H1]CN1C(=O)O[C@H1]2CC[C@@H1](CC2)NC=NC(=O)C3=CC=CC=C3,O=C(N=CN[C@H]1CC[C@H](OC(=O)N2C[CH]CC2=O)CC1)c1ccccc1,-8.3,2.32909,0.6606908048121151,3.273997489463661,356.4020000000001,1,4,4,88.07,3,26,0.16700707,0.06523039,True,,docking_results_3_0_add_B.csv,0.06669372,0.040624723,0.04702653,0.035661828,0.13782895,0.040842045,0.03629638,0.16700707,0.03529864,0.04218829,0.07235132,0.06094517,True,2.32909,
146,CC(C)[C@H1](N)C(=O)NCC1=C(C=CC=C1C(N)=O)C2=CC=C3C=CC=CC3=C2,CC(C)[C@H](N)C(=O)NCc1c(C(N)=O)cccc1-c1ccc2ccccc2c1,-8.3,3.2052000000000005,0.6168675628217257,2.656608248718115,375.4720000000001,3,3,6,98.21000000000001,3,28,0.17308328,0.06785435,True,0.1025271693825276,docking_results_3_4.csv,0.040384956,0.01681784,0.17308328,0.03986078,0.16898589,0.031201601,0.020431923,0.12571491,0.032077055,0.029730821,0.100116245,0.035846956,True,3.2052000000000005,3.2052000000000005
117,CN1C=C(CNC2=NC(NC3CCOCC3)=NC(N)=C2C(N)=O)C=C1C(F)(F)F,Cn1cc(CNc2nc(NC3CCOCC3)nc(N)c2C(N)=O)cc1C(F)(F)F,-8.3,1.717999999999999,0.566616683383873,3.142126075367379,413.4040000000001,4,7,6,133.10999999999999,3,29,0.17615421,0.055663776,True,,docking_results_3_0_add_B.csv,0.016965162,0.008402744,0.17615421,0.04198485,0.04036819,0.009999079,0.013540362,0.16855857,0.020812642,0.024426611,0.081265554,0.065487295,True,1.717999999999999,
37,CC(C)(OC1=CC=C(C=C1)C2=CC=C(C=C2)C(C)(C)O)C(=O)NCCC(O)C,CC(O)CCNC(=O)C(C)(C)Oc1ccc(-c2ccc(C(C)(C)O)cc2)cc1,-8.3,3.6255000000000015,0.6483913970074656,2.774944421250037,385.50400000000013,3,4,8,78.79,2,28,0.17666055,0.06046192,True,0.0808848570887579,docking_results_3_6.csv,0.023556907,0.009226995,0.051391955,0.05494312,0.17323175,0.03696562,0.017706003,0.11127496,0.012465186,0.037393574,0.17666055,0.020726416,True,3.6255000000000015,3.6255000000000015
254,COC1=CC=C(CNC2=CC=C(C3=C2)N=N[C@@H1](CNC(N)=O)[C@@H1]4CCO[C@@H1]34)C=C1,COc1ccc(CNc2ccc3c(c2)[C@@H]2OCC[C@H]2[C@H](CNC(N)=O)N=N3)cc1,-8.3,3.5191000000000017,0.6948426761819454,3.884491393030273,395.4630000000002,3,6,6,110.33,4,29,0.17687394,0.0804725,True,0.0864593989633646,docking_results_3_14.csv,0.06363619,0.030702285,0.17687394,0.055788685,0.13745469,0.033846427,0.026574261,0.17395332,0.04379501,0.0344026,0.10921729,0.07942531,True,3.5191000000000017,3.5191000000000017
65,CS(=O)(=O)C1=CC=CC(=C12)C=CC3=CC=CC=C32,CS(=O)(=O)c1cccc2ccc3ccccc3c12,-8.3,3.3965000000000023,0.6252912101126324,1.8787765119647641,256.326,0,2,1,34.14,3,18,0.17959778,0.058889393,True,0.0929011542995702,docking_results_3_12.csv,0.03521823,0.013609309,0.09693897,0.04403634,0.17959778,0.029826855,0.019987287,0.09317531,0.015643928,0.024015423,0.1324495,0.022173785,True,3.3965000000000023,3.3965000000000023
60,CC1=CC(C)=NC(=N1)N2CCCN(CC2)C(=O)C=CC=C3CCCNC3=CSC,CSC=C1NCCCC1=CC=CC(=O)N1CCCN(c2nc(C)cc(C)n2)CC1,-8.3,3.2025400000000017,0.7651634826137544,3.2806921689725694,413.5910000000002,1,6,4,61.36000000000001,3,29,0.18304454,0.039104912,True,0.1026541694612672,docking_results_3_23.csv,0.018141484,0.013613254,0.03434434,0.023744717,0.02809044,0.011720356,0.02070779,0.18304454,0.018166566,0.044999063,0.024599744,0.04808665,True,3.2025400000000017,3.2025400000000017
206,C[NH1+1]CCC[C@H1](C)NC(=O)C1=CC=C(C=C1)C2=CC=CC=C2,C[NH+]CCC[C@H](C)NC(=O)c1ccc(-c2ccccc2)cc1,-8.3,2.2310999999999996,0.7562079769669295,2.8885626918423792,296.414,2,2,7,44.7,2,22,0.1839892,0.06706885,True,0.1185722766146812,docking_results_3_9.csv,0.026869737,0.010849999,0.10093923,0.05431124,0.1839892,0.0377983,0.020628627,0.1214878,0.020086788,0.03975716,0.16313313,0.024975073,True,2.2310999999999996,2.2311
136,C1C=CC=C(OC2=CC=C(C=C2)C(=O)NCC3CN=CN3)CC=C1,O=C(NCC1CN=CN1)c1ccc(OC2=CC=CCC=CC2)cc1,-8.3,2.585400000000001,0.8188274141566617,3.6994754198714572,323.396,2,4,5,62.72,3,24,0.18882906,0.05753709,True,0.1213415508774354,docking_results_3_16.csv,0.043187026,0.027852375,0.069484115,0.029739952,0.079743534,0.027407423,0.031053435,0.18882906,0.031570874,0.049293105,0.054129988,0.058154237,True,2.585400000000001,2.585400000000001
51,NC(=O)[C@H1](N)[C@H1](C1=CC=CC=C1)C2=CC=C3C=CC=CC3=C2,NC(=O)[C@H](N)[C@H](c1ccccc1)c1ccc2ccccc2c1,-8.3,2.784300000000001,0.7754306346269872,2.7479022373480486,290.36600000000004,2,2,4,69.11,3,22,0.20699345,0.0566909,True,0.1182160231737975,docking_results_3_11.csv,0.04959596,0.017272586,0.07627643,0.03725658,0.20699345,0.03447652,0.02127661,0.08541171,0.0191474,0.0258023,0.08647474,0.02030651,True,2.784300000000001,2.784300000000001
161,CNS(=O)(=O)C1=CC=C(C=C1)C2=CC3=CC=CN=C3C=C2NC(=O)CC#N,CNS(=O)(=O)c1ccc(-c2cc3cccnc3cc2NC(=O)CC#N)cc1,-8.3,2.6620800000000004,0.7066254224249188,2.3733569334979414,380.42900000000014,2,5,5,111.94999999999999,3,27,0.20872094,0.089876495,True,0.1205239113055057,docking_results_3_7.csv,0.04839415,0.02977954,0.19665417,0.060971208,0.1403966,0.03897058,0.033578184,0.20872094,0.05271338,0.044601556,0.1368638,0.08687392,True,2.6620800000000004,2.6620800000000004
99,CC1=CC=C(C=C1C2=CC=C(C=N2)C(=O)NC3CCCC(N)C3)C(=O)NCCCC,CCCCNC(=O)c1ccc(C)c(-c2ccc(C(=O)NC3CCCC(N)C3)cn2)c1,-8.3,3.5866200000000017,0.6100586499233176,2.9899316976441472,408.5460000000003,3,4,7,97.11000000000001,3,30,0.21008441,0.081129745,True,0.0829116870885784,docking_results_3_7.csv,0.031184394,0.014242728,0.21008441,0.064939216,0.1301773,0.033068255,0.025616433,0.16674958,0.038538516,0.049975704,0.15589127,0.05308921,True,3.5866200000000017,3.5866200000000017
149,C/[NH1+1]=C(/NC1CC1)OCC=CC2=CC=C(C=C2)C3=CC=CC(=C3)C(=O)NC,CNC(=O)c1cccc(-c2ccc(C=CCO/C(NC3CC3)=[NH+]\C)cc2)c1,-8.3,1.5613999999999997,0.5384458617584809,2.889075412387472,364.4690000000001,3,2,6,64.33,3,27,0.21069552,0.08719906,True,0.090698030443489,docking_results_3_6.csv,0.031353135,0.017308228,0.21069552,0.055301324,0.13248262,0.036850754,0.029555717,0.20634449,0.039303243,0.057446733,0.17150821,0.058238797,True,1.5613999999999997,1.5613999999999997
220,CCOC1=CC=C(C=C1)C2=NOC(=N2)C=C3C=CCN(CC3=N)[C@@H1]4CNCCN4,CCOc1ccc(-c2noc(C=C3C=CCN([C@@H]4CNCCN4)CC3=N)n2)cc1,-8.3,1.9291699999999994,0.712537002185432,3.9084774947030265,394.4790000000001,3,8,5,99.30000000000001,4,29,0.2122458,0.06106365,True,0.1085932128117787,docking_results_3_13.csv,0.03787165,0.024684047,0.09927127,0.035404705,0.07060394,0.019543245,0.020996558,0.2122458,0.037505243,0.03149716,0.047063418,0.09607673,True,1.9291699999999994,1.9291699999999996
23,COCCN(CC(C)(C)O)C1=CC=C2C3=C(CCNC3=O)C=CC2=C1,COCCN(CC(C)(C)O)c1ccc2c3c(ccc2c1)CCNC3=O,-8.3,2.3494,0.8459044343290322,2.786450357055763,342.439,2,4,6,61.800000000000004,3,25,0.22438572,0.087962955,True,0.1206779782491252,docking_results_3_21.csv,0.030106302,0.017414574,0.13777663,0.092182614,0.11008888,0.035633225,0.027746603,0.22438572,0.0318859,0.054477446,0.21171309,0.08214439,True,2.3494,2.3494
107,CC(C)[C@H1](CNC1=CC=C(C=C1)C2=CC=CC=C2C#N)N3C(=O)C(O)CCC3,CC(C)[C@H](CNc1ccc(-c2ccccc2C#N)cc1)N1CCCC(O)C1=O,-8.3,3.645080000000002,0.8056826578525631,3.2709645302628187,377.48800000000017,2,4,6,76.36,3,28,0.22567862,0.10065418,True,0.0798708469874595,docking_results_3_9.csv,0.044229396,0.024859583,0.14190894,0.09909359,0.1813303,0.055282637,0.03743209,0.2102363,0.044575334,0.06295762,0.22567862,0.0802656,True,3.645080000000002,3.645080000000002
156,O=C(C1=CC=C2C=CC=CC2=C1)N3C=CC=CC3=O,O=C(c1ccc2ccccc2c1)n1ccccc1=O,-8.3,2.6900000000000004,0.664784067182978,1.952978454014028,249.269,0,2,1,39.07,3,19,0.2340499,0.08146016,True,0.1201034097513875,docking_results_3_3.csv,0.043422,0.018145777,0.2340499,0.045184363,0.2175591,0.038613826,0.024775505,0.12120105,0.03619519,0.031955488,0.1344195,0.032000277,True,2.6900000000000004,2.6900000000000004
226,C[C@H1](CC1=CC=C2C=C(N)C=CC2=C1)C(=O)N3CCCC3,C[C@H](Cc1ccc2cc(N)ccc2c1)C(=O)N1CCCC1,-8.3,3.2230000000000016,0.878578284283684,2.4940359221207586,282.387,1,2,3,46.330000000000005,3,21,0.23840776,0.11005152,True,0.1016712259261117,docking_results_3_9.csv,0.049561344,0.030954376,0.18806507,0.10055524,0.17369318,0.058267552,0.046196703,0.23840776,0.060939368,0.07400229,0.20496918,0.095006265,True,3.2230000000000016,3.2230000000000016
100,C1OC=CC=C1CNC2=C(F)C(=CC=C2C(N)=O)CC=C(C=C)S(N)(=O)=O,C=CC(=CCc1ccc(C(N)=O)c(NCC2=CC=COC2)c1F)S(N)(=O)=O,-8.3,1.7077000000000002,0.5800385184895837,3.856054444166503,393.44000000000017,3,5,8,124.50999999999999,2,27,0.23878449,0.049219996,True,0.0982486478640819,docking_results_3_5.csv,0.027115455,0.029027566,0.025359051,0.014417223,0.04694281,0.020969013,0.02758445,0.23878449,0.02504818,0.04364882,0.032687847,0.05905504,True,1.7077000000000002,1.7077000000000002
111,COC1=CC=CC=C1C=C2C=CN3C(=O)C(=O)NCC3=C2C,COc1ccccc1C=C1C=CN2C(=O)C(=O)NCC2=C1C,-8.3,1.8382999999999998,0.847214537951196,3.1000536301396107,296.3260000000001,1,3,2,58.64,3,22,0.2416684,0.06544114,True,0.1045721588429382,docking_results_3_5.csv,0.030730642,0.022422306,0.09048265,0.03269049,0.06473975,0.023809075,0.02980808,0.2416684,0.032145746,0.048886307,0.090702765,0.07720745,True,1.8382999999999998,1.8383
235,CCN1CCN(CC1)C2=CC=C(C=C2)C(=O)C3=CC=CC(O)=C3,CCN1CCN(c2ccc(C(=O)c3cccc(O)c3)cc2)CC1,-8.3,2.7651000000000012,0.8820429340684602,1.8634062065402652,310.39700000000005,1,4,4,43.78,3,23,0.25118238,0.10311628,True,0.11865735632568,docking_results_3_0.csv,0.048386578,0.029311493,0.15784828,0.07848283,0.17661886,0.05310089,0.03188826,0.25118238,0.049765263,0.052959096,0.21561418,0.09223734,True,2.7651000000000012,2.765100000000001
102,CCSC=1N=C(N2C(=O)C3=CC=CC=C3C2=O)N(N=1)C4=CC=C(C=C4)C(O)=O,CCSc1nc(N2C(=O)c3ccccc3C2=O)n(-c2ccc(C(=O)O)cc2)n1,-8.3,2.8781,0.5238450341680253,2.4902784307386128,394.41200000000015,1,6,5,105.39000000000001,4,28,0.25537315,0.0825644,True,0.1156631720598004,docking_results_3_19.csv,0.034035604,0.019012993,0.25537315,0.04169918,0.09978573,0.023100458,0.022115143,0.20359051,0.039317857,0.027584938,0.1442417,0.08091557,True,2.8781,2.8781
75,CCS(=O)(=O)[C@H1]1CCC(C)(C)CC(O)=C1C(=O)NC2=CC=CC(=C2)C3=NN=C[NH1]3,CCS(=O)(=O)[C@H]1CCC(C)(C)CC(O)=C1C(=O)Nc1cccc(-c2nnc[nH]2)c1,-8.3,3.2357000000000005,0.6844600878564501,3.697387992440584,418.51900000000006,3,6,5,125.03999999999999,3,29,0.25706375,0.089377366,True,0.1010543002522361,docking_results_3_1.csv,0.024457203,0.018341534,0.10306462,0.079782635,0.11821815,0.042531386,0.034344748,0.25706375,0.046373818,0.065875925,0.19354464,0.08892998,True,3.2357000000000005,3.2357000000000005
114,CC1=CC=2OC(=O)N(C)C(=O)C=2C=C1C3=CC=CN=C3,Cc1cc2oc(=O)n(C)c(=O)c2cc1-c1cccnc1,-8.3,1.8621199999999998,0.6753947707555296,2.3186833778090197,268.272,0,4,1,65.1,3,20,0.25993815,0.067235865,True,0.1056611265449212,docking_results_3_5.csv,0.043829884,0.018297918,0.25993815,0.045932744,0.10037093,0.020222755,0.020560842,0.1219961,0.037719794,0.026517687,0.06279761,0.048646,True,1.8621199999999998,1.86212
243,COC(=O)C1=CC=C(C=C1)C2=CC=C3C(=C2)C(N)NC3=O,COC(=O)c1ccc(-c2ccc3c(c2)C(N)NC3=O)cc1,-8.3,1.8408999999999998,0.8234643965191142,2.7428854136461833,282.29900000000004,2,4,2,81.41999999999999,3,21,0.26531836,0.080434725,True,0.1046921331348066,docking_results_3_8.csv,0.047833018,0.020415653,0.26531836,0.041722182,0.15082158,0.030096188,0.02138519,0.14481005,0.037150983,0.027083283,0.12845986,0.050120372,True,1.8408999999999998,1.8409
90,C[C@H1](NC(=O)OCC1=CC=CC=C1)C(=O)OCC2=CC=C3C=CC=C(O)C3=C2,C[C@H](NC(=O)OCc1ccccc1)C(=O)OCc1ccc2cccc(O)c2c1,-8.3,3.903500000000003,0.6346358369100524,2.499097154043559,379.4120000000001,2,5,6,84.86,3,28,0.2667541,0.10868559,True,0.0672137308781071,docking_results_3_12.csv,0.06289315,0.03813083,0.16655259,0.06355119,0.2667541,0.078227915,0.051756807,0.19890365,0.06485118,0.06666451,0.18411624,0.061825044,True,3.903500000000003,3.903500000000003
230,CCC(CC)NC1=CC(=CN=C1NC2=CC=C(C=C2)S(N)(=O)=O)C=C3C=CC=CC3=C,C=c1ccccc1=Cc1cnc(Nc2ccc(S(N)(=O)=O)cc2)c(NC(CC)CC)c1,-8.3,3.3122000000000007,0.5033443958428198,2.99063739060505,436.5810000000002,3,5,8,97.10999999999999,3,31,0.27530938,0.09737775,True,0.0972431041035467,docking_results_3_9.csv,0.025766246,0.012968855,0.23416932,0.06681433,0.17338593,0.038754717,0.02249664,0.19232023,0.031763088,0.04256995,0.27530938,0.052214313,True,3.3122000000000007,3.3122000000000007
45,O=C(N[C@H1]1CC[C@@H1](N)C1)C2=CC=C3C=CC=CC3=C2,N[C@@H]1CC[C@H](NC(=O)c2ccc3ccccc3c2)C1,-8.3,2.4494000000000007,0.8645560336830556,2.5672006108985954,254.33300000000006,2,2,2,55.120000000000005,3,19,0.28551847,0.1266973,True,0.1215466815238573,docking_results_3_9.csv,0.06623432,0.035349857,0.2405018,0.114332765,0.24506983,0.07160381,0.041805014,0.21165995,0.05740219,0.061110854,0.28551847,0.089778624,True,2.4494000000000007,2.4494000000000007
35,FC1=CC=C(C=2C=CC3=NN=C(CNC(=O)C4=CN=CC=N4)N3C=2)C=C1,O=C(NCc1nnc2ccc(-c3ccc(F)cc3)cn12)c1cnccn1,-8.3,2.2554,0.6113778169540804,2.3236414327835,348.341,1,5,4,85.07000000000001,4,26,0.28661397,0.065681346,True,0.1190968219498027,docking_results_3_2.csv,0.03518585,0.015559899,0.28661397,0.041816913,0.079338,0.015367087,0.018550232,0.13083656,0.038221274,0.025306066,0.049294423,0.052085876,True,2.2554,2.2554
31,C[C@@H1]1CN(CCN1C2=CC=NC(NC(=O)C3CC3)=C2)C4=CC=CC(F)=C4,C[C@@H]1CN(c2cccc(F)c2)CCN1c1ccnc(NC(=O)C2CC2)c1,-8.3,3.2843000000000018,0.9153714387735581,2.7420845354349943,354.42900000000003,1,4,4,48.47,4,26,0.29493308,0.12859249,True,,docking_results_3_0_add_B.csv,0.04202052,0.028754702,0.22865477,0.14259951,0.12987284,0.052918743,0.052941956,0.29493308,0.07203801,0.091284044,0.2609707,0.14612098,True,3.2843000000000018,
105,CC1=CC=CN2N=C(C=CC3=CC=C(C=C3)C(=O)NC=O)N=C12,Cc1cccn2nc(C=Cc3ccc(C(=O)NC=O)cc3)nc12,-8.3,2.0943199999999997,0.7488645406650895,2.7186705422046025,306.3250000000001,1,4,4,76.36000000000001,3,23,0.30152375,0.104465984,True,0.1147934461720879,docking_results_3_11.csv,0.04463478,0.030966172,0.30152375,0.05712481,0.12121302,0.03760905,0.038323,0.25330198,0.07025545,0.05608699,0.13941023,0.10314251,True,2.0943199999999997,2.09432
232,N1C2=CC=CC=C2\C1=C\C(=O)NC3=CC=CC(=C3)S(N)(=O)=O,NS(=O)(=O)c1cccc(NC(=O)/C=C2\Nc3ccccc32)c1,-8.3,1.7390999999999996,0.7508460799020745,2.320950652472117,315.35400000000004,3,4,3,101.28999999999999,3,22,0.3076578,0.10818239,True,0.0998158797186972,docking_results_3_11.csv,0.023571974,0.017506555,0.22221059,0.055960912,0.13205431,0.03770086,0.03183305,0.28532887,0.041038644,0.052879803,0.3076578,0.09044533,True,1.7390999999999996,1.7390999999999996
238,CC=1C=C(C)[NH1]C(=O)C=1C2=CC=C3C=CC=CC3=C2,Cc1cc(C)c(-c2ccc3ccccc3c2)c(=O)[nH]1,-8.3,3.8119400000000025,0.698520874793384,2.000920738396312,249.31300000000002,1,1,1,32.86,3,19,0.30909443,0.08677735,True,0.0715097145869698,docking_results_3_8.csv,0.029911196,0.01116968,0.30909443,0.07027121,0.17132892,0.031648282,0.020502498,0.12569353,0.028398072,0.03751403,0.17346919,0.03232722,True,3.8119400000000025,3.8119400000000025
201,COC1=CC=C(N=C1C=C(C=N)C2=CN(C)C(=O)C=C2O)C3CCCCN(CC=O)CC3,COc1ccc(C2CCCCN(CC=O)CC2)nc1C=C(C=N)c1cn(C)c(=O)cc1O,-8.3,2.8431700000000015,0.5083185731708874,3.829814044084526,438.52800000000036,2,7,7,108.50999999999999,3,32,0.32308215,0.10717676,True,0.1166887615646301,docking_results_3_7.csv,0.028876202,0.023420107,0.18761164,0.08113611,0.08576871,0.03757835,0.04207623,0.32308215,0.062637575,0.083359435,0.18981652,0.1407581,True,2.8431700000000015,2.843170000000001
83,COC(=O)NC=CC=CC1=CC=C2C=C(OC2=C1)C(=O)NC3CCNC3,COC(=O)NC=CC=Cc1ccc2cc(C(=O)NC3CCNC3)oc2c1,-8.3,2.4074,0.7164664263979881,3.3768476373060965,355.39400000000006,3,5,5,92.6,3,26,0.33232793,0.112031765,True,0.121286086799691,docking_results_3_12.csv,0.047950014,0.04524745,0.21604711,0.04894781,0.11326626,0.049289905,0.0530455,0.33232793,0.09780721,0.087069795,0.107554935,0.14582746,True,2.4074,2.4074
39,COC1=CC=CC=C1C2=CC=C3C=C(C[C@@H1](N)CO)C=CC3=C2,COc1ccccc1-c1ccc2cc(C[C@@H](N)CO)ccc2c1,-8.3,3.3775000000000004,0.7595605415173958,2.407758927809276,307.393,2,3,5,55.480000000000004,3,23,0.33715644,0.11910462,True,0.093889320893874,docking_results_3_18.csv,0.04355948,0.020926556,0.33715644,0.099582754,0.2290518,0.054351196,0.032184735,0.18936378,0.05156675,0.05542844,0.2502177,0.06586582,True,3.3775000000000004,3.3775000000000004
43,C[C@H1]OC=CC=C(O)C1=CC=C2C3=C(CCNC3=O)C=CC2=C1,C[CH]OC=CC=C(O)c1ccc2c3c(ccc2c1)CCNC3=O,-8.3,3.7365900000000014,0.6680395821923029,3.3811418708759318,308.357,2,3,4,58.56,3,23,0.35729048,0.13097374,True,0.075213285059343,docking_results_3_21.csv,0.045689847,0.039553795,0.26966915,0.078921296,0.120609045,0.053981002,0.048898768,0.35729048,0.06634299,0.09202672,0.25318763,0.14551422,True,3.7365900000000014,3.7365900000000014
243,COC1=CC=CC(=C12)C=CC=C3C=CC4=C(CCNC4=O)C3=C2,COc1cccc2c1C=c1c3c(ccc1=CC=C2)C(=O)NCC3,-8.3,1.6171999999999997,0.8692096444612555,3.1775338028245805,303.36100000000005,1,2,1,38.33,4,23,0.37622535,0.16056016,True,0.0936141342196559,docking_results_3_28.csv,0.06372599,0.0503694,0.36277288,0.12346939,0.16188118,0.06831122,0.04144133,0.37622535,0.06352426,0.07982638,0.36018974,0.17498483,True,1.6171999999999997,1.6171999999999995
114,COC1=CC=C2C=C(C=CC2=C1)C(=O)NC3=CC=C(C=N3)C(O)=O,COc1ccc2cc(C(=O)Nc3ccc(C(=O)O)cn3)ccc2c1,-8.3,3.193900000000001,0.7698423168430155,1.8555226229945418,322.32000000000005,2,4,4,88.52000000000001,3,24,0.38786164,0.10725975,True,0.1030649908544597,docking_results_3_6.csv,0.04635998,0.025004815,0.38786164,0.043418463,0.17997418,0.041095156,0.028801963,0.19776587,0.06183877,0.038342003,0.16888122,0.06777294,True,3.193900000000001,3.193900000000001
15,N#CCN(C1=CC=C2C3=C(CCNC3=O)C=CC2=C1)C(=O)C4=CC=CC=N4,N#CCN(C(=O)c1ccccn1)c1ccc2c3c(ccc2c1)CCNC3=O,-8.3,2.6910800000000012,0.731225298992979,2.727569157104293,356.38500000000005,1,4,3,86.09,4,27,0.40368646,0.17534804,True,0.1200858491922707,docking_results_3_27.csv,0.05659714,0.050478254,0.40368646,0.14155541,0.16579537,0.072318025,0.064131394,0.38834006,0.11686518,0.101660885,0.32517156,0.21757677,True,2.6910800000000012,2.691080000000001
22,COC1=CC=CC(=C1)C2=CC=CC=CC3=C(CCNC3=O)C2=C,C=C1C(c2cccc(OC)c2)=CC=CC=CC2=C1CCNC2=O,-8.3,3.577300000000002,0.9067534894112376,3.5354694173197663,305.37700000000007,1,2,2,38.33,3,23,0.41452622,0.10854652,True,0.0833997049017433,docking_results_3_29.csv,0.038539644,0.044939175,0.107865125,0.056923285,0.06956492,0.046736386,0.050346166,0.41452622,0.04609646,0.11693857,0.17387272,0.13620944,True,3.577300000000002,3.577300000000002
248,COC1=CC=CC(=C1)C=C2C=CC=CC3=C(CCNC3=O)C2=C,C=C1C(=Cc2cccc(OC)c2)C=CC=CC2=C1CCNC2=O,-8.3,3.577300000000002,0.9067534894112376,3.068575437309498,305.37700000000007,1,2,2,38.33,3,23,0.4233781,0.10619757,True,0.0833997049017433,docking_results_3_28.csv,0.035857026,0.04508878,0.08744269,0.05136966,0.06950237,0.048731055,0.04944975,0.4233781,0.041688785,0.12091822,0.174148,0.12679653,True,3.577300000000002,3.577300000000002
44,CC(=O)C1=CC2=C(C)N=C(N)N=C2N(C1)C3=CC=CC4=CC=CC=C34,CC(=O)C1=Cc2c(C)nc(N)nc2N(c2cccc3ccccc23)C1,-8.3,3.6445200000000018,0.7763884765971261,2.734724692297986,330.391,1,5,2,72.11,4,25,0.4387413,0.123651214,True,0.079899776675087,docking_results_3_10.csv,0.039967924,0.025368577,0.4387413,0.088814676,0.120760195,0.034980573,0.038122185,0.26032406,0.08520406,0.0585226,0.16719565,0.12581277,True,3.6445200000000018,3.6445200000000018
91,C[C@@H1](C1CC1)OC2=CC=C3C4=C(CCNC4=O)C=CC3=C2,C[C@H](Oc1ccc2c3c(ccc2c1)CCNC3=O)C1CC1,-8.3,3.3030000000000017,0.9370910796247571,2.9785474605822984,281.35499999999996,1,2,3,38.33,4,21,0.4430471,0.15503557,True,0.0977090820655328,docking_results_3_22.csv,0.05475101,0.038098633,0.2336202,0.1692694,0.19180211,0.07955244,0.048051264,0.31309894,0.05265859,0.08654661,0.4430471,0.1499307,True,3.3030000000000017,3.3030000000000017
18,O=C(N1C=C(C=N1)C=C2N=CC3NC(=CN=C23)C4=CC=CO4)C5=CC=CC=C5,O=C(c1ccccc1)n1cc(C=C2N=CC3NC(c4ccco4)=CN=C23)cn1,-8.3,3.0013000000000014,0.7690890812533518,3.9183139520046346,369.38400000000007,1,6,3,84.78,5,28,0.45195034,0.13515376,True,0.1113971212870647,docking_results_3_12.csv,0.03223914,0.021524725,0.45195034,0.08524286,0.12134714,0.03659718,0.03808382,0.30291632,0.076113746,0.06374103,0.2591358,0.13295312,True,3.0013000000000014,3.0013000000000014
172,CCC1=CC=C(C=C1C=CC=C2C3=C(CCNC3=O)C=CC2=CC=O)N=CC,CC=Nc1ccc(CC)c(C=CC=c2c3c(ccc2=CC=O)CCNC3=O)c1,-8.3,2.7304000000000013,0.6480701984691665,3.717961967739587,372.468,1,3,5,58.53,3,28,0.45766947,0.17410849,True,0.1193817301040335,docking_results_3_28.csv,0.043644145,0.046586715,0.2502257,0.13058935,0.15534338,0.087969206,0.06468872,0.45766947,0.074659266,0.14726782,0.43833482,0.19232325,True,2.7304000000000013,2.7304000000000013
144,CC1=C(N=CN=C1C2=CC=C(C=C2)C3=CC=CC=C3)C#N,Cc1c(C#N)ncnc1-c1ccc(-c2ccccc2)cc1,-8.3,3.990700000000003,0.7077047860005099,2.117225713748688,271.32300000000004,0,3,2,49.57,3,21,0.46167842,0.1448427,True,0.0633662650374674,docking_results_3_14.csv,0.049443923,0.029522961,0.46167842,0.123218544,0.22275889,0.062240224,0.043115884,0.23728858,0.083735555,0.07005646,0.2581107,0.09694204,True,3.990700000000003,3.990700000000003
52,COC(=O)C1=CC=C(C)C=C1NC(=O)NC2=CC=C(C)C(=C2)C3=NN=C(N)O3,COC(=O)c1ccc(C)cc1NC(=O)Nc1ccc(C)c(-c2nnc(N)o2)c1,-8.3,3.3662400000000003,0.5901754020032774,2.33081464525438,381.39200000000017,3,7,4,132.37,3,28,0.4664657,0.10369897,True,0.0944726733748792,docking_results_3_2.csv,0.023152886,0.012584446,0.4664657,0.050247386,0.09860913,0.023375157,0.022962965,0.21483898,0.057269216,0.041547067,0.15698762,0.076346956,True,3.3662400000000003,3.3662400000000003
51,COC1=CC=CC=C1C2=CC=C3C=CC=C(NC(=O)CO)C3=C2,COc1ccccc1-c1ccc2cccc(NC(=O)CO)c2c1,-8.3,3.446200000000001,0.7759556673553161,1.8661104023444643,307.34900000000005,2,3,4,58.56,3,23,0.49694484,0.16209863,True,0.0902988157991114,docking_results_3_18.csv,0.051838603,0.034434594,0.49694484,0.10511602,0.24262604,0.071550734,0.050218083,0.2916021,0.10610571,0.07885066,0.2915751,0.12432117,True,3.446200000000001,3.446200000000001
215,CN(CC1=CC(C)=CC(CN)=C1)C2=CC(C)=CC(=C2)S(=O)(=O)NC3CCCNCC3,Cc1cc(CN)cc(CN(C)c2cc(C)cc(S(=O)(=O)NC3CCCNCC3)c2)c1,-8.2,2.8189400000000013,0.6287327683681362,3.083962268492715,430.6180000000002,3,5,7,87.46,3,30,0.040058773,0.013838562,True,0.094880731377462,docking_results_3_4.csv,0.012938024,0.0028035066,0.016724994,0.012641484,0.040058773,0.0045590578,0.004356717,0.036071002,0.0023222268,0.008075467,0.019769415,0.005742071,True,2.8189400000000013,2.8189400000000013
12,CC1=CC(C)=NC(=N1)N2CCC(CC2)N3CCC(CC3)C(=O)NCC=CC=CC,CC=CC=CCNC(=O)C1CCN(C2CCN(c3nc(C)cc(C)n3)CC2)CC1,-8.2,3.0227400000000015,0.7478986079131934,2.7599600095657113,397.5670000000002,1,5,6,61.36000000000001,3,29,0.050039064,0.0113861365,True,0.0893922320047611,docking_results_3_3.csv,0.012087391,0.0041424218,0.011172472,0.006198134,0.019673971,0.0030675875,0.0046144007,0.050039064,0.0037662385,0.009474116,0.003903777,0.008494057,True,3.0227400000000015,3.022740000000001
49,CC1=CC=CC(=C1)C2CCN(O2)C(=O)C3CCCCC3,Cc1cccc(C2CCN(C(=O)C3CCCCC3)O2)c1,-8.2,3.7803200000000032,0.8203624536299795,3.0083525533134496,273.37600000000003,0,2,2,29.54,3,20,0.060558163,0.022229008,True,0.0590613667268569,docking_results_3_4.csv,0.019056058,0.005233112,0.01590763,0.022778964,0.060558163,0.00977947,0.009369738,0.053446498,0.003910289,0.016339485,0.040568292,0.009800401,True,3.7803200000000032,3.7803200000000032
16,CC1=CC(C)=CC=C1CC2=C(CC(C)NC(=O)NC=O)N3N=C(C)N=C3N2,Cc1ccc(Cc2[nH]c3nc(C)nn3c2CC(C)NC(=O)NC=O)c(C)c1,-8.2,1.9600600000000001,0.5785932088624663,3.806396417372765,368.4410000000001,3,4,6,104.18,3,27,0.0904574,0.029632287,True,,docking_results_3_0_add_B.csv,0.016250415,0.0061258986,0.083796345,0.021509986,0.03742051,0.0072874525,0.010187471,0.0904574,0.010773336,0.019312358,0.030123593,0.022342695,True,1.9600600000000001,
61,C/C(C1CN2C=CC=C2C(=O)N=C1)CC3=CC=C(Cl)C=C3,CC(Cc1ccc(Cl)cc1)C1C=NC(=O)c2cccn2C1,-8.2,3.861100000000003,0.8472671972637925,3.6725461269670863,300.789,0,1,3,34.36,3,21,0.0915645,0.034047227,True,0.0559287246500426,docking_results_3_3.csv,0.019920195,0.0059479135,0.04798185,0.031920146,0.0915645,0.01489665,0.012726686,0.06864518,0.008434091,0.021817237,0.07149812,0.013214139,True,3.861100000000003,3.861100000000003
210,O=C(CC=CC1=C(N=C2C=CC=CN12)CC3)CC=C(O)C=C3,O=C1CC=Cc2c(nc3ccccn23)CCC=CC(O)=CC1,-8.2,3.6411000000000016,0.8067317705430832,3.8421980627215007,294.354,1,3,0,54.60000000000001,3,22,0.11751928,0.03565488,True,0.064744885570207,docking_results_3_3.csv,0.035854973,0.01851508,0.060557704,0.018261952,0.048895262,0.01232112,0.017026424,0.11751928,0.017584797,0.024048626,0.02232642,0.034946907,True,3.6411000000000016,3.6411000000000016
130,C1NC=CC1NC(=O)C2=CC=C(C3=CC=CC=C3C(=O)O)[NH1]2,O=C(NC1C=CNC1)c1ccc(-c2ccccc2C(=O)O)[nH]1,-8.2,1.5951999999999997,0.6891727383478153,3.403529724809413,297.314,4,3,4,94.22,3,22,0.12272541,0.043994486,True,0.0747639521228945,docking_results_3_13.csv,0.031611476,0.0137265865,0.12272541,0.016880995,0.07839308,0.014748812,0.01542548,0.11484577,0.020455519,0.020004129,0.04723381,0.031882793,True,1.5951999999999997,1.5951999999999995
224,CC1=NN([C@@H1]2CCCC[C@@H1]2O)C(C)=C1C3=CC=NC(N4CCC(C)(O)CC4)=N3,Cc1nn([C@@H]2CCCC[C@@H]2O)c(C)c1-c1ccnc(N2CCC(C)(O)CC2)n1,-8.2,2.7841400000000007,0.8447790589006025,3.6267283082569772,385.5120000000003,2,6,3,87.3,4,28,0.1365302,0.051043157,True,0.095585145824906,docking_results_3_0.csv,0.030239314,0.013446574,0.080580615,0.07029103,0.06314701,0.015858872,0.016107582,0.1365302,0.018823972,0.027636336,0.076949544,0.06290679,True,2.7841400000000007,2.7841400000000007
10,O=C(COC1=CC=CC2=CC=CN=C12)N3CCN(C4=CC=CC=C4)CC3,O=C(COc1cccc2cccnc12)N1CCN(c2ccccc2)CC1,-8.2,2.9624000000000015,0.7278960544662124,1.8964224964566654,347.41800000000006,0,4,4,45.67,4,26,0.13692926,0.057307065,True,0.0912411533782646,docking_results_3_1.csv,0.046193466,0.02147525,0.13692926,0.03969774,0.10996707,0.023480702,0.02488643,0.12707901,0.036281984,0.03304761,0.044967774,0.04367845,True,2.9624000000000015,2.962400000000001
123,CCC1(CCC1)C(=O)NC2=CC=C(C=C2)[C@@H1]3CN(C)CC(=O)N3,CCC1(C(=O)Nc2ccc([C@@H]3CN(C)CC(=O)N3)cc2)CCC1,-8.2,2.3080999999999996,0.8961137272737804,3.0336089496624243,315.4170000000001,2,3,4,61.440000000000005,3,23,0.13872638,0.043764044,True,0.0970830694476798,docking_results_3_16.csv,0.02781845,0.013355456,0.029953197,0.036695953,0.08866737,0.02086509,0.016427979,0.13872638,0.015251056,0.027456312,0.07094802,0.039003227,True,2.3080999999999996,2.3081
113,COCCC1NC(N)=C(N(CC(N)=O)CC2=CC=CC=C2)C3=CC(F)=CC=C3C1=O,COCCC1NC(N)=C(N(CC(N)=O)Cc2ccccc2)c2cc(F)ccc2C1=O,-8.2,1.5890000000000009,0.6073238919957736,3.385297433327879,412.4650000000001,3,6,8,110.68,3,30,0.14660041,0.055691842,True,,docking_results_3_0_add_B.csv,0.028920017,0.013648746,0.13204882,0.03673382,0.08243452,0.019280283,0.021620926,0.14660041,0.026705414,0.033656724,0.08018225,0.046470154,True,1.5890000000000009,
195,CC(C)OC1=CC=CC=C1C2=CC=C(C=N2)C(=O)NC3CCNCC3,CC(C)Oc1ccccc1-c1ccc(C(=O)NC2CCNCC2)cn1,-8.2,3.0176000000000007,0.8788704528271531,2.196958928484335,339.43900000000014,2,4,5,63.25,3,25,0.14936928,0.049147736,True,0.0895563152910059,docking_results_3_15.csv,0.024937598,0.008505534,0.14936928,0.03891859,0.09364572,0.016629016,0.013779337,0.100262664,0.018958746,0.025917312,0.07177832,0.02707072,True,3.0176000000000007,3.0176000000000007
171,C[C@H1]1CCCC[C@H1]1NC2=NC=CC(=N2)N3CCN(CC3)C4=NC=CC=N4,C[C@H]1CCCC[C@H]1Nc1nccc(N2CCN(c3ncccn3)CC2)n1,-8.2,2.583800000000001,0.9056915135495424,3.10307949849608,353.4740000000001,1,7,4,70.07000000000001,4,26,0.1552333,0.058392186,True,0.0981186597693484,docking_results_3_1.csv,0.029332507,0.013924289,0.13747479,0.0639978,0.06915735,0.016962253,0.018997116,0.1552333,0.030798443,0.033962186,0.06383953,0.06702667,True,2.583800000000001,2.583800000000001
63,C[C@@H1]1C[C@@H1](CC2=CN=C3C=CC=C(Cl)N23)CN1C(=O)CC4CNC4,C[C@@H]1C[C@@H](Cc2cnc3cccc(Cl)n23)CN1C(=O)CC1CNC1,-8.2,2.3767000000000005,0.8646614638892529,3.8532954915204103,346.8620000000002,1,3,4,49.64,4,24,0.15643212,0.051072765,True,0.0978328700125061,docking_results_3_2.csv,0.03589412,0.019060168,0.057506643,0.05343132,0.07026277,0.018836658,0.021176869,0.15643212,0.022569306,0.032509193,0.057781983,0.067412086,True,2.3767000000000005,2.3767000000000005
37,COC1=C(F)C=CC=C1C=CC2=CC=C(C=N2)C(=O)N3CCCN(CC3)C=O,COc1c(F)cccc1C=Cc1ccc(C(=O)N2CCCN(C=O)CC2)cn1,-8.2,2.7040000000000015,0.745111838724219,2.633657544662663,383.4230000000003,0,4,5,62.74,3,28,0.15799145,0.050210908,True,0.0969180494667821,docking_results_3_17.csv,0.03680832,0.020863792,0.080822945,0.0309006,0.07084713,0.019850327,0.02329193,0.15799145,0.026447743,0.034274586,0.049034555,0.051397514,True,2.7040000000000015,2.704000000000001
75,COC1=CC=CC=C1C2=CC=C(C=N2)C(=O)NCC3CCN(CC3)C(=O)C#N,COc1ccccc1-c1ccc(C(=O)NCC2CCN(C(=O)C#N)CC2)cn1,-8.2,2.24918,0.8053675969288382,2.3906038908165073,378.43200000000024,1,5,5,95.32,3,28,0.15921272,0.0602764,True,0.0961892527263084,docking_results_3_12.csv,0.040311012,0.022411568,0.111024186,0.035488784,0.10799098,0.027781555,0.026982842,0.15921272,0.040177196,0.038357418,0.059285197,0.0542933,True,2.24918,2.24918
181,CCC1=CC=C(C=2N=CN(CC(=O)NC3=CC=CC(C(F)(F)F)=C3)N=2)N1,CCc1ccc(-c2ncn(CC(=O)Nc3cccc(C(F)(F)F)c3)n2)[nH]1,-8.2,3.493100000000001,0.7285678323093902,2.6878400268714575,363.34299999999996,2,3,5,75.6,3,26,0.16010045,0.05802008,True,0.0710135517244072,docking_results_3_4.csv,0.026076587,0.012188849,0.16010045,0.05353383,0.066994876,0.01634755,0.020248547,0.14078078,0.02332198,0.031383675,0.0949376,0.05032622,True,3.493100000000001,3.493100000000001
152,O=C(CCl)N1CCC(CC1)C2=CN=CC(=C2)C3=CC=CC=C3,O=C(CCl)N1CCC(c2cncc(-c3ccccc3)c2)CC1,-8.2,3.6934000000000022,0.8094629177868446,2.1174925879559883,314.81600000000003,0,2,3,33.2,3,22,0.16040352,0.07069844,True,0.0625749861628804,docking_results_3_3.csv,0.050104927,0.026262028,0.09162174,0.06428968,0.14204097,0.039387174,0.035722833,0.16040352,0.036928624,0.051612847,0.09624646,0.05376041,True,3.6934000000000022,3.693400000000002
49,CCOC(=O)CC1=CC=C(C=N1)C2=CC=C(F)C(=C2)[C@]3(C)N=C(N)N=C3,CCOC(=O)Cc1ccc(-c2ccc(F)c([C@@]3(C)C=NC(N)=N3)c2)cn1,-8.2,2.6075999999999997,0.835884713884621,3.4011443622797533,354.3850000000001,1,6,5,89.92999999999999,3,26,0.16095702,0.058796007,True,,docking_results_3_0_add_B.csv,0.04107067,0.018544057,0.16095702,0.04154398,0.08344308,0.02024288,0.02216093,0.13540135,0.028452024,0.031422473,0.071691,0.050622616,True,2.6075999999999997,
189,CC[C@](C)(N)[C@H1](O)[C@@H1](O)COC1=CC=C(Cl)C=C1C2=CC=C(Cl)C=C2,CC[C@](C)(N)[C@H](O)[C@@H](O)COc1ccc(Cl)cc1-c1ccc(Cl)cc1,-8.2,3.8884000000000016,0.67716336267383,3.389149685707668,384.3030000000001,3,4,7,75.71000000000001,2,25,0.16882627,0.06790397,True,0.0549038071257171,docking_results_3_4.csv,0.032102298,0.012492941,0.107971445,0.076002434,0.1486463,0.031844497,0.021498555,0.12011155,0.019456943,0.036745038,0.16882627,0.039149404,True,3.8884000000000016,3.8884000000000016
63,NC=C(NC(=O)C1=CC=CC=C1)C2=CC=C(C=C2)C(=O)NC3CCNCC3,NC=C(NC(=O)c1ccccc1)c1ccc(C(=O)NC2CCNCC2)cc1,-8.2,1.8554999999999995,0.6510541008595323,2.378303476630922,364.4490000000002,4,4,5,96.25,3,27,0.17323336,0.06566891,True,0.085188155885114,docking_results_3_17.csv,0.031578384,0.014706176,0.17323336,0.035553984,0.116514966,0.025884066,0.0216116,0.15483473,0.03130449,0.03647129,0.104246385,0.042087473,True,1.8554999999999995,1.8554999999999997
25,N#CC1=CC=C(CC2=NN=C(C(=O)NCC3=CC=C(Cl)C=C3)S2)C=C1,N#Cc1ccc(Cc2nnc(C(=O)NCc3ccc(Cl)cc3)s2)cc1,-8.2,3.583980000000002,0.746043061784312,2.1730531592535645,368.84900000000005,1,5,5,78.67,3,25,0.17771992,0.071504325,True,0.0671489110258384,docking_results_3_4.csv,0.03257137,0.01676839,0.17771992,0.05533323,0.106619336,0.02791309,0.030018998,0.15895218,0.033565577,0.044701636,0.12323931,0.050648954,True,3.583980000000002,3.583980000000002
104,CC1=CC([C@@H1](C)NC2=CN=CC(C(N)=O)=C2)=CC(C)=C1O,Cc1cc([C@@H](C)Nc2cncc(C(N)=O)c2)cc(C)c1O,-8.2,2.676040000000001,0.8054853542822065,2.7943896063312845,285.347,3,4,4,88.24,2,21,0.17829277,0.04587197,True,0.0972846272396583,docking_results_3_0.csv,0.018264694,0.005863362,0.17829277,0.026932862,0.07342202,0.012574968,0.011054267,0.08876535,0.013146574,0.020891394,0.08199466,0.019260664,True,2.676040000000001,2.676040000000001
104,CCCO[C@@H1]1CC(=O)N(C)C=C(C=C1)C2=CC=C3C=CC=CC3=N2,CCCO[C@H]1C=CC(c2ccc3ccccc3n2)=CN(C)C(=O)C1,-8.2,3.789200000000003,0.8598883693960062,3.4015967444745945,322.408,0,3,4,42.43,3,24,0.18917859,0.07768065,True,0.0587101944204989,docking_results_3_9.csv,0.043094646,0.022227393,0.18917859,0.06393839,0.10840916,0.03010573,0.03097037,0.17808492,0.042310115,0.050579917,0.10604969,0.06721887,True,3.789200000000003,3.789200000000003
239,COC1=CC=CC=2C(=C([NH1]C1=2)C(=O)N)O[C@H1]3CC[C@H1](CC3)NC(=O)N(C)C,COc1cccc2c(O[C@H]3CC[C@@H](NC(=O)N(C)C)CC3)c(C(N)=O)[nH]c12,-8.2,2.2366,0.7453280814803295,2.7323641156841756,374.4410000000001,3,4,5,109.67999999999999,3,27,0.19290599,0.06650363,True,0.0959693914163712,docking_results_3_2.csv,0.043963373,0.019766496,0.19290599,0.041989226,0.10155175,0.02283739,0.018727398,0.15018862,0.03340293,0.02806202,0.08505428,0.059594054,True,2.2366,2.2366
85,CC1[C@@](C2=CC=CC(F)=C2F)N=C(N)N1C3=CC=CC=C3,CC1[C](c2cccc(F)c2F)N=C(N)N1c1ccccc1,-8.2,3.068290000000001,0.9215107540193194,3.0947701594088937,286.30499999999995,1,3,2,41.62,3,21,0.19829597,0.060513604,True,0.0878881007143292,docking_results_3_0.csv,0.019824764,0.006955831,0.19829597,0.059452724,0.07774086,0.015140814,0.016291516,0.11896767,0.016446194,0.030228127,0.13309526,0.033723608,True,3.068290000000001,3.068290000000001
3,C1C=NC(C2=CC=CC=C2C3=CC=CN=C3)=CN(C)C=NC1=O,CN1C=NC(=O)CC=NC(c2ccccc2-c2cccnc2)=C1,-8.2,3.0082000000000013,0.8566587731437488,3.53950966364061,304.353,0,4,2,57.92,3,23,0.20351788,0.061657358,True,0.0898533069643163,docking_results_3_20.csv,0.03822215,0.017734064,0.20351788,0.036155254,0.09033069,0.01952194,0.02324086,0.1386543,0.03661024,0.03283652,0.05484051,0.048223924,True,3.0082000000000013,3.0082000000000013
79,O=C(N[C@@H1]1CCN2C=NC=C2C1)C3=CC=C(OC(F)(F)F)C=C3F,O=C(N[C@@H]1CCn2cncc2C1)c1ccc(OC(F)(F)F)cc1F,-8.2,2.6656000000000013,0.8720711767829328,3.1531273789277474,343.28000000000003,1,3,3,56.150000000000006,3,24,0.20712264,0.08004182,True,0.0974081108608461,docking_results_3_2.csv,0.04233935,0.02510632,0.12041218,0.09555426,0.07513867,0.028527679,0.0326698,0.20712264,0.02967793,0.04973279,0.15629664,0.097923554,True,2.6656000000000013,2.6656000000000013
125,CC(C)[C@@H1]1CN(C(=O)C=C)C[C@H1]1C(=O)NC2=CC=CC(C(F)(F)F)=C2,C=CC(=O)N1C[C@@H](C(=O)Nc2cccc(C(F)(F)F)c2)[C@H](C(C)C)C1,-8.2,3.560500000000002,0.8407832775272382,3.2776779103349813,354.372,1,2,4,49.410000000000004,2,25,0.2162483,0.07027496,True,0.0681443851990647,docking_results_3_7.csv,0.03430542,0.024850069,0.029094609,0.059187382,0.10223967,0.03804373,0.03505058,0.2162483,0.02411436,0.053243045,0.15143631,0.07548596,True,3.560500000000002,3.560500000000002
142,C[C@@]1(C(=O)NCC2=CC=CC3=CC=CN=C23)CC4=CC=CN=C14,C[C@@]1(C(=O)NCc2cccc3cccnc23)Cc2cccnc21,-8.2,2.7600000000000007,0.809219263880073,3.109150536200886,303.365,1,3,3,54.88,4,23,0.2169209,0.083622284,True,0.0960298033211418,docking_results_3_19.csv,0.04270614,0.02069646,0.2169209,0.08559942,0.12742051,0.033634957,0.032528125,0.16027603,0.043469336,0.04856244,0.1284329,0.06322024,True,2.7600000000000007,2.7600000000000007
127,CC1=CC=CC=C1C=2N=C3C=CC(=CN3N=2)CC=CC=C,C=CC=CCc1ccc2nc(-c3ccccc3C)nn2c1,-8.2,3.9894200000000026,0.6738867565049805,2.7267061677209465,275.3550000000001,0,2,4,30.19,3,21,0.23158991,0.08289824,True,0.0512781527048971,docking_results_3_3.csv,0.034497235,0.02198451,0.23158991,0.06364771,0.09003284,0.028392348,0.036332402,0.20484777,0.05200254,0.06014522,0.09640198,0.074904345,True,3.9894200000000026,3.989420000000002
39,C=CC=1CN(C2=CC=C(C=N2)C(=O)NCCCN3CCC4=CC=CC=C4O3)C(=O)C=1,C=CC1=CC(=O)N(c2ccc(C(=O)NCCCN3CCc4ccccc4O3)cn2)C1,-8.2,2.512600000000001,0.7180738963838024,3.245359443878775,404.47000000000014,1,5,7,74.77000000000001,4,30,0.2461018,0.07859793,True,0.0983593507398112,docking_results_3_20.csv,0.046097517,0.03566718,0.11839311,0.04665592,0.08530931,0.03330087,0.04107477,0.2461018,0.054738283,0.060800858,0.0751199,0.09991565,True,2.512600000000001,2.512600000000001
129,CC1=CC(NC2=NC(=NC=3CNC(=O)C2=3)N4CCCCCC4)=NC(C)=N1,Cc1cc(Nc2nc(N3CCCCCC3)nc3c2C(=O)NC3)nc(C)n1,-8.2,2.25084,0.8734423805114608,2.77975625869443,353.4300000000002,2,7,3,95.92999999999999,4,26,0.24784619,0.06207313,True,0.0962175127292778,docking_results_3_3.csv,0.021205675,0.009872646,0.24784619,0.046616472,0.043902025,0.010227004,0.014236016,0.16539142,0.028893791,0.025086751,0.060417768,0.071181856,True,2.25084,2.25084
256,C[NH2+1][C@@](C(C)C)C=C([C@H1]N1)N=CC(CN)=C1C2=CC=CC(=C2)C3=CC=CC=C3C(=O)N,C[NH2+][C](C=C1[CH]NC(c2cccc(-c3ccccc3C(N)=O)c2)=C(CN)C=N1)C(C)C,-8.2,2.22318,0.5553941142084969,3.7993737301275967,416.54900000000015,4,4,7,110.11,3,31,0.24817817,0.07946958,True,0.0957238340615208,docking_results_3_7.csv,0.023526274,0.011450264,0.24817817,0.05313148,0.10299524,0.024784932,0.021418814,0.18165508,0.03237758,0.044656135,0.15766819,0.051792737,True,2.22318,2.22318
125,CC1=CC=CC(=C1)C=CC=C2C3=C(CCNC3=O)C=CC2=C,C=c1ccc2c(c1=CC=Cc1cccc(C)c1)C(=O)NCC2,-8.2,2.1851200000000004,0.9019180923457979,3.013017862681262,289.37800000000004,1,1,2,29.1,3,22,0.2514461,0.098253906,True,0.0949667049222523,docking_results_3_23.csv,0.03568462,0.024188245,0.17136282,0.0697111,0.12505685,0.045105964,0.038914945,0.2514461,0.036839448,0.072800495,0.23082437,0.07711188,True,2.1851200000000004,2.1851200000000004
196,CC(=O)C1=CC=C(N2CCOCC2)C(=C1)C(=O)NC3=CC=C(C)C(=N3)NC4CNCC4,CC(=O)c1ccc(N2CCOCC2)c(C(=O)Nc2ccc(C)c(NC3CCNC3)n2)c1,-8.2,2.4553200000000004,0.6144512343840293,2.990798822922793,423.51700000000017,3,7,6,95.59,4,31,0.25163883,0.086236514,True,0.0982948320339642,docking_results_3_0.csv,0.031817436,0.017836623,0.25163883,0.061348826,0.0850354,0.023981366,0.025201734,0.22430614,0.047849048,0.04347902,0.123920284,0.09842342,True,2.4553200000000004,2.4553200000000004
61,CC1=CC=C(C=C1NC(=O)C2=CC=CC(=C2)NC(=O)CNC)C(F)(F)F,CNCC(=O)Nc1cccc(C(=O)Nc2cc(C(F)(F)F)ccc2C)c1,-8.2,3.4240200000000014,0.7603925130785356,1.9515952532773113,365.3550000000001,3,3,5,70.23,2,26,0.26318347,0.09780041,True,0.073951074053501,docking_results_3_5.csv,0.025138523,0.015225575,0.19384675,0.07762906,0.12576619,0.037123647,0.0305807,0.2346537,0.037535906,0.056894135,0.26318347,0.07602745,True,3.4240200000000014,3.4240200000000014
107,CCN1C=C(C#N)C(=N1)N2CCC(CC2)NC(=O)C=3N=C(SC=3N)C4CC4C5=CC=CC=C5,CCn1cc(C#N)c(N2CCC(NC(=O)c3nc(C4CC4c4ccccc4)sc3N)CC2)n1,-8.2,3.4832800000000015,0.5810556509711096,3.7375359001111743,461.59500000000014,2,7,6,112.86,5,33,0.263423,0.1021404,True,0.0714319714433774,docking_results_3_1.csv,0.027275277,0.017360063,0.263423,0.097248875,0.07987814,0.027791118,0.033431087,0.25790852,0.047958203,0.06332032,0.19406307,0.11602698,True,3.4832800000000015,3.483280000000001
26,CC1=CC=C(C=C1C2=CC(=O)N(N2)C3=CC=C(Cl)C=C3C#N)C(=O)NCCN(C)CC,CCN(C)CCNC(=O)c1ccc(C)c(-c2cc(=O)n(-c3ccc(Cl)cc3C#N)[nH]2)c1,-8.2,3.3476000000000017,0.5922850675247685,2.750443596267873,437.9310000000003,2,4,7,93.92,3,31,0.2638456,0.077384986,True,0.0771620653058845,docking_results_3_5.csv,0.024026396,0.011465309,0.2638456,0.060136344,0.083921224,0.020672394,0.020706287,0.17513731,0.033553854,0.03892914,0.1351492,0.06107674,True,3.3476000000000017,3.3476000000000017
225,CC1=CC=CC=C1C=2N=C[NH1]C=2CN3C(=O)C4=CC=C(F)C=C4S3=O,Cc1ccccc1-c1nc[nH]c1CN1C(=O)c2ccc(F)cc2S1=O,-8.2,3.202820000000001,0.7845343500389763,3.6002424977785576,355.39400000000006,1,3,3,66.06,4,25,0.2655994,0.10015691,True,0.0829889366503639,docking_results_3_4.csv,0.028438939,0.015110646,0.2655994,0.1036553,0.10714424,0.030253593,0.031688835,0.20636857,0.034919057,0.05301273,0.2482963,0.077395335,True,3.202820000000001,3.202820000000001
90,NC=C(NC1=CC=CC(=C1)C(N)=O)C(=O)C2=CC=CC=C2,NC=C(Nc1cccc(C(N)=O)c1)C(=O)c1ccccc1,-8.2,1.8804000000000003,0.5753503831160103,2.2116092006146992,281.31499999999994,3,4,5,98.20999999999998,2,21,0.26813293,0.083383836,True,0.0860936514020344,docking_results_3_7.csv,0.027159285,0.015712718,0.26813293,0.029585231,0.14324103,0.032051608,0.027157685,0.18469861,0.04455741,0.04425993,0.13996151,0.044088162,True,1.8804000000000003,1.8804000000000003
189,CC1=N[NH1]C([C@@H1]2CCOC2)=C1C3=CC=C4C=C(NS(C)(=O)=O)C=CC4=C3,Cc1n[nH]c([C@@H]2CCOC2)c1-c1ccc2cc(NS(C)(=O)=O)ccc2c1,-8.2,3.4137200000000014,0.7359970036503509,3.0765776747281333,371.4620000000001,2,4,4,84.07999999999998,4,26,0.2723372,0.12587026,True,0.0743870446414561,docking_results_3_6.csv,0.05752133,0.03779879,0.26494324,0.12579046,0.14633675,0.049914513,0.04314771,0.2723372,0.06432464,0.06230406,0.2382875,0.14773698,True,3.4137200000000014,3.4137200000000014
20,CC(=O)CSC(N)C1=CC=C2C3=C(CCNC3=O)C=CC2=C1,CC(=O)CSC(N)c1ccc2c3c(ccc2c1)CCNC3=O,-8.2,2.4052000000000007,0.8501466904591439,3.4382874702897377,314.41,2,4,4,72.19,3,22,0.27969244,0.11400878,True,0.0980499183973057,docking_results_3_19.csv,0.049279295,0.031543836,0.27969244,0.095274776,0.12400814,0.042987976,0.043223485,0.25579742,0.064517505,0.06938877,0.19200766,0.12038395,True,2.4052000000000007,2.4052000000000007
93,CC1=CC=C(C(=O)N[C@H1]2CCN(C2)C3=NC=NC=4[NH1]C=CC3=4)C=C1,Cc1ccc(C(=O)N[C@H]2CCN(c3ncnc4[nH]ccc34)C2)cc1,-8.2,2.2750200000000005,0.7759785766637135,2.6740699408434434,321.384,2,4,3,73.91,4,24,0.28131157,0.078628115,True,0.0966090831190112,docking_results_3_4.csv,0.03209427,0.014604884,0.28131157,0.069197215,0.095587246,0.022159893,0.023257941,0.16039275,0.04257078,0.037754223,0.10083552,0.063771114,True,2.2750200000000005,2.2750200000000005
253,COC1=CC=C(C2NC=C(C2=O)NC3=CC=C(C=C3)[C@@H1]4CNCCO4)C=C1,COc1ccc(C2NC=C(Nc3ccc([C@@H]4CNCCO4)cc3)C2=O)cc1,-8.2,2.5230000000000006,0.7563683292377407,3.514409919200591,365.43300000000016,3,6,5,71.62,4,27,0.28345537,0.11510807,True,0.0983463463220815,docking_results_3_5.csv,0.03415864,0.01904704,0.28345537,0.095155545,0.13749358,0.040234804,0.032365736,0.25677276,0.050403856,0.05973813,0.27055582,0.10191555,True,2.5230000000000006,2.523000000000001
75,COC1=CC=C(C=C1C=CC=C2C3=C(CCNC3=O)C=CC2=CC)C=O,CC=c1ccc2c(c1=CC=Cc1cc(C=O)ccc1OC)C(=O)NCC2,-8.2,2.0878999999999994,0.8619233170873161,3.2934941464283174,347.41400000000004,1,3,4,55.4,3,26,0.285495,0.111262195,True,0.0926451484911371,docking_results_3_28.csv,0.037669737,0.026934993,0.23940594,0.07391288,0.115495525,0.044663988,0.039853882,0.285495,0.046804003,0.07635771,0.24734335,0.1012093,True,2.0878999999999994,2.0878999999999994
71,O=C(C1CCC2NC(=O)NC2C1=O)NC3=CC=C4C=CC=CC4=C3,O=C1NC2CCC(C(=O)Nc3ccc4ccccc4c3)C(=O)C2N1,-8.2,1.8073999999999995,0.7366418214466395,3.4630429592066623,323.35200000000003,3,3,2,87.30000000000001,4,24,0.28558677,0.12877114,True,0.0833816957198405,docking_results_3_11.csv,0.06466002,0.043911844,0.24558687,0.09116199,0.18190001,0.062426794,0.055554245,0.28558677,0.09118273,0.0760511,0.20327784,0.1439533,True,1.8073999999999995,1.8073999999999997
209,COC1=CC=C(C=C1)C2=CN=CC3(N)CN(C(=O)C3=C2)C4=CC=CC=C4,COc1ccc(C2=CN=CC3(N)CN(c4ccccc4)C(=O)C3=C2)cc1,-8.2,2.791200000000001,0.9300005183710169,3.4586045603830193,345.402,1,4,3,67.92,4,26,0.28762972,0.122895725,True,0.095448234593685,docking_results_3_5.csv,0.042656187,0.027919734,0.28762972,0.09638717,0.13918504,0.046714164,0.045101054,0.2844319,0.06737808,0.07314558,0.24250616,0.121693835,True,2.791200000000001,2.791200000000001
135,O=S(=O)(C1=CC=CC=C1)NC2=C(C(=O)CC2=O)C3=CC=C4C=CC=CC4=C3,O=C1CC(=O)C(c2ccc3ccccc3c2)=C1NS(=O)(=O)c1ccccc1,-8.2,3.0713000000000017,0.7088141434692726,2.3752266611387203,377.42100000000005,1,4,4,80.31,4,27,0.29405388,0.094549544,True,0.0877856543542768,docking_results_3_22.csv,0.037026547,0.025514845,0.09581875,0.06157648,0.16251181,0.050853394,0.03545515,0.22974811,0.025426004,0.051260844,0.29405388,0.065348744,True,3.0713000000000017,3.0713000000000017
202,COC(=O)C=1C=C(CC2=C(C)C=CC=C2C)[NH1]C(=O)C=1C3=CC=C(O)C=C3,COC(=O)c1cc(Cc2c(C)cccc2C)[nH]c(=O)c1-c1ccc(O)cc1,-8.2,3.7417400000000027,0.6922203149200438,2.485359807991868,363.4130000000001,2,4,4,79.39,3,27,0.3020009,0.10779628,True,0.0606046835635135,docking_results_3_4.csv,0.034838606,0.019316204,0.23333926,0.07528171,0.19086371,0.053312518,0.02960646,0.20796065,0.035055667,0.053681254,0.3020009,0.058298465,True,3.7417400000000027,3.7417400000000023
83,CC=1SC(Br)=C(C#N)C=1C2=CC=C(C=C2)C(=O)N3CC(O)CNC3,Cc1sc(Br)c(C#N)c1-c1ccc(C(=O)N2CNCC(O)C2)cc1,-8.2,2.7215000000000025,0.8044236967591888,3.482529445517873,406.3050000000002,2,5,2,76.36,3,24,0.30514702,0.103174664,True,0.0966623234911042,docking_results_3_13.csv,0.04810638,0.040109467,0.1433632,0.07836787,0.09943189,0.04106302,0.045714177,0.30514702,0.06455443,0.06492907,0.13932873,0.16798073,True,2.7215000000000025,2.7215000000000025
47,CC1=CC(CN)=CC=C1C2=CC=CN=C(N)N=C(NC(=O)C3CC3)C=C2,Cc1cc(CN)ccc1-c1cccnc(N)nc(NC(=O)C2CC2)cc1,-8.2,2.9658200000000017,0.7864742957187079,2.6190604845136836,349.43800000000016,3,5,4,106.91999999999999,3,26,0.30616218,0.093275,True,0.0911410184517926,docking_results_3_1.csv,0.03587484,0.017092183,0.30616218,0.0694697,0.14574985,0.034419656,0.027487276,0.17706223,0.05275737,0.04707668,0.14483504,0.061313048,True,2.9658200000000017,2.9658200000000017
19,C[C@H1](CS(C)(=O)=O)NC(=O)C1=CC(C2=CC=C(F)C=C2)=C(C=N1)C3=CC=CC=C3,C[C@H](CS(C)(=O)=O)NC(=O)c1cc(-c2ccc(F)cc2)c(-c2ccccc2)cn1,-8.2,3.717600000000002,0.669562779708743,2.6634107274833188,412.4860000000001,1,4,6,76.13,3,29,0.3264764,0.13456152,True,0.0615838952565937,docking_results_3_15.csv,0.039647475,0.0264781,0.23946023,0.12169644,0.23013984,0.07257213,0.05121887,0.2644783,0.06520894,0.083736874,0.3264764,0.093624696,True,3.717600000000002,3.717600000000002
69,COC1=CC(CNC2=CC=C3C=CC=CC3=N2)=CC=C1OCC(N)=O,COc1cc(CNc2ccc3ccccc3n2)ccc1OCC(N)=O,-8.2,2.7196,0.6921333847043917,1.9760454669458731,337.3790000000002,2,5,7,86.47,3,25,0.3282052,0.07169826,True,0.0966910584228818,docking_results_3_5.csv,0.038621314,0.015320159,0.3282052,0.034115326,0.113572076,0.021205423,0.02039797,0.119266674,0.040453088,0.029915024,0.061600138,0.037706785,True,2.7196,2.7196
246,O=C(CC1=C(F)C=CC=C1F)NC=CC2=NC=CC3=NC=CC=C23,O=C(Cc1c(F)cccc1F)NC=Cc1nccc2ncccc12,-8.2,3.2376000000000014,0.8010635416996943,2.703690997969952,325.31800000000004,1,3,4,54.88,3,24,0.3327914,0.11211472,True,0.0816312115461139,docking_results_3_4.csv,0.03235706,0.02192004,0.3327914,0.09214689,0.09776082,0.034372,0.04633118,0.2552126,0.06266126,0.080489285,0.1831971,0.106136985,True,3.2376000000000014,3.2376000000000014
27,CC=CC1=CC(NC(=O)C2=CC=CC=C2C(=O)NC3=CC=CC=C3C(=O)O)=C1,CC=CC1=CC(NC(=O)c2ccccc2C(=O)Nc2ccccc2C(=O)O)=C1,-8.2,3.7669000000000015,0.7172065856470761,2.4066418641892895,374.3960000000001,3,3,6,95.50000000000001,3,28,0.34790498,0.11048082,True,0.0595950283868258,docking_results_3_18.csv,0.020546803,0.019978177,0.2004427,0.044170424,0.10734398,0.042992115,0.037015855,0.34790498,0.040337592,0.08240953,0.293036,0.08959169,True,3.7669000000000015,3.7669000000000015
6,CC1=CC(C)=NC(NC2=CC=C(F)C(=C2)NC(=O)CNC(=O)C3=CC=CC=C3)=N1,Cc1cc(C)nc(Nc2ccc(F)c(NC(=O)CNC(=O)c3ccccc3)c2)n1,-8.2,3.344640000000001,0.5969231171479019,2.031298880245428,393.42200000000014,3,5,6,96.01,3,29,0.3546808,0.082441546,True,0.0772850853006263,docking_results_3_16.csv,0.027903013,0.012249477,0.3546808,0.048495155,0.10341744,0.021926375,0.021681635,0.15904668,0.041495495,0.038082592,0.11043868,0.04988118,True,3.344640000000001,3.344640000000001
1,CC1=CC=CC=C1C2=CC3=C4C=CC=CC4=NN3C(N)N2C,Cc1ccccc1C1=Cc2c3ccccc3nn2C(N)N1C,-8.2,3.2030200000000013,0.7483750885659356,3.3818000544797417,290.37000000000006,1,3,1,47.080000000000005,4,22,0.35533664,0.09009504,True,0.0829812212860381,docking_results_3_6.csv,0.023252446,0.009690102,0.35533664,0.08707505,0.092191376,0.019579317,0.019981328,0.17299858,0.034472913,0.037530616,0.16572432,0.063307814,True,3.2030200000000013,3.2030200000000013
70,C1OC=CC(NC(C)=CN=C(C=O)C2=CC=C(C=C2)C#N)=CC3=C1CCNCC3,CC(=CN=C(C=O)c1ccc(C#N)cc1)NC1=CC2=C(CCNCC2)COC=C1,-8.2,3.104980000000001,0.5978915622788558,3.9018132731695774,388.47100000000023,2,6,5,86.50999999999999,3,29,0.35646582,0.10526768,True,0.0866150841878045,docking_results_3_6.csv,0.038652223,0.041203458,0.12649755,0.05797357,0.0822562,0.04748184,0.058327988,0.35646582,0.07504509,0.10831855,0.1282689,0.14272095,True,3.104980000000001,3.104980000000001
242,CC1=CC=C(N=C1C2=NOC3=CC(=CN=C23)N(C4)CCCC4C)C=O,Cc1ccc(C=O)nc1-c1noc2cc(N3CCCC(C)C3)cnc12,-8.2,3.6420200000000023,0.680001577463444,3.398929307096001,336.39500000000015,0,6,3,72.12,4,25,0.3601483,0.1246383,True,0.0647064245009469,docking_results_3_4.csv,0.034218512,0.0234073,0.3601483,0.11599601,0.097972505,0.033521228,0.037173077,0.2984837,0.07902153,0.06369014,0.19179487,0.16023228,True,3.6420200000000023,3.642020000000002
121,O=C(NC1=CC=C2CCCN2C1=C)C3=CC4=CC=CC=C4[NH1]C3=O,C=C1C(NC(=O)c2cc3ccccc3[nH]c2=O)=CC=C2CCCN12,-8.2,2.6488000000000005,0.8941936099325035,2.944270931080318,319.36400000000003,2,3,2,65.2,4,24,0.36217704,0.12222057,True,0.0975913814439956,docking_results_3_13.csv,0.03691823,0.03283776,0.28566882,0.06851154,0.08471268,0.037270505,0.04564394,0.36217704,0.06868964,0.08034258,0.20335124,0.16052294,True,2.6488000000000005,2.6488000000000005
156,COC1=CC=C(C2=C1)C=C(N)N(C2=O)C3=CC=C(C=C3)C(=O)N4CCC(C)(O)CC4,COc1ccc2cc(N)n(-c3ccc(C(=O)N4CCC(C)(O)CC4)cc3)c(=O)c2c1,-8.2,2.5685000000000002,0.6954535070240797,2.5072053514195094,407.47000000000025,2,5,3,97.78999999999999,4,30,0.3685389,0.13293399,True,0.0982002807293722,docking_results_3_6.csv,0.038583573,0.023238456,0.3685389,0.10701237,0.1684845,0.048805367,0.033139784,0.27342343,0.07251584,0.057008766,0.28311768,0.121339284,True,2.5685000000000002,2.5685
88,ClC=NN=C(CCN)C1=CC=C2C=CC3=C(CCNC3=O)C2=C1,NCCC(=NN=CCl)c1ccc2ccc3c(c2c1)CCNC3=O,-8.2,2.4457000000000004,0.6674870259748338,3.295442570176631,328.80300000000005,2,4,4,79.84,3,23,0.3759569,0.1314849,True,0.0982614226938439,docking_results_3_26.csv,0.04645519,0.034451343,0.3759569,0.09114116,0.10166504,0.03930634,0.043837443,0.32101774,0.07586389,0.073930204,0.2071026,0.16709101,True,2.4457000000000004,2.4457000000000004
246,CCC1=NN(C)C=C1CO[C@H1]2CC[C@@H1](CC2)C#CC3=CC=C4N=C(N)[NH1]C4=C3,CCc1nn(C)cc1CO[C@H]1CC[C@H](C#Cc2ccc3nc(N)[nH]c3c2)CC1,-8.2,3.568100000000001,0.6812032436807153,3.1234964335515514,377.492,2,4,4,81.75,4,28,0.38498333,0.18830733,True,0.0678218198031607,docking_results_3_2.csv,0.10541953,0.09016486,0.29541224,0.21987113,0.20129229,0.106367886,0.05936704,0.38498333,0.10143505,0.110089146,0.3409795,0.24430594,True,3.568100000000001,3.568100000000001
79,C1C=CC(C=C1C=CC2=CC=C(O)C=C2O)C(=O)NC(=O)CCNC,CNCCC(=O)NC(=O)C1C=CCC(C=Cc2ccc(O)cc2O)=C1,-8.2,1.8657999999999997,0.5916824662591613,3.721138922480617,342.39500000000015,4,5,6,98.66,2,25,0.39171353,0.11024239,True,0.085565311194987,docking_results_3_28.csv,0.04386726,0.05210011,0.07177391,0.048321452,0.10131485,0.067073055,0.06346974,0.39171353,0.06145147,0.121716544,0.16688491,0.13322192,True,1.8657999999999997,1.8658
71,O=C(NCCC1=C[NH1]C2=CC=C(F)C=C12)C3=CC=CC(O)=C3,O=C(NCCc1c[nH]c2ccc(F)cc12)c1cccc(O)c1,-8.2,2.985100000000001,0.6930274199562885,1.9726508297142296,298.317,3,2,4,65.12,3,22,0.41477135,0.16044946,True,0.0905658092656723,docking_results_3_6.csv,0.039353497,0.027332475,0.41477135,0.12560812,0.20495616,0.07231142,0.05171852,0.30573118,0.07743356,0.092490815,0.39387327,0.11981316,True,2.985100000000001,2.985100000000001
236,CS(=O)(=O)C1=CN=C(S1)C2=CC=C(C=C2)C=CC=CC=C3C=CCNC3=O,CS(=O)(=O)c1cnc(-c2ccc(C=CC=CC=C3C=CCNC3=O)cc2)s1,-8.2,3.395400000000002,0.618670762196947,3.302201486313546,398.5090000000001,1,5,5,76.13,3,27,0.43731496,0.12434729,True,0.0751604117808732,docking_results_3_13.csv,0.04518857,0.06783688,0.08391142,0.05947571,0.09991638,0.07233649,0.08102078,0.43731496,0.078274935,0.13904959,0.1670628,0.16077897,True,3.395400000000002,3.395400000000002
48,CC1=CC(NC2=NC3=CN=C([C@H1]4CN5CCC4CC5)C=C3S2)=CC=C1C(N)=O,Cc1cc(Nc2nc3cnc([C@H]4CN5CCC4CC5)cc3s2)ccc1C(N)=O,-8.2,3.6514200000000017,0.706767200717477,3.906384489638306,393.5160000000001,2,6,4,84.14000000000001,6,28,0.45480505,0.16317767,True,0.0643140024666292,docking_results_3_2.csv,0.040062565,0.030663028,0.45480505,0.13932008,0.12871753,0.04739624,0.04373874,0.36517224,0.10320843,0.07388911,0.3057846,0.22537452,True,3.6514200000000017,3.6514200000000017
239,C1C=CC=C(\C=C/C2=CN=C3N=C(N)N=C(N)C3=C2C)C1,Cc1c(/C=C\C2=CC=CCC2)cnc2nc(N)nc(N)c12,-8.2,2.7872200000000005,0.8816670621089588,3.2808436204321696,279.347,2,5,2,90.71,3,21,0.45578885,0.14285822,True,0.0955257958905056,docking_results_3_0.csv,0.039000317,0.04618294,0.30280536,0.085258015,0.07260811,0.042743344,0.05170878,0.45578885,0.102689035,0.10308445,0.17254898,0.2398804,True,2.7872200000000005,2.7872200000000005
28,CC1=CC=C(C=C1C2=CC=C3C=C(N)N=C(N)C3=N2)C(=O)NCCCN(C)C,Cc1ccc(C(=O)NCCCN(C)C)cc1-c1ccc2cc(N)nc(N)c2n1,-8.2,2.4511200000000004,0.5684247634347276,2.453908728094614,378.4800000000002,3,6,6,110.15999999999998,3,28,0.47887924,0.107037224,True,0.0982810426268212,docking_results_3_7.csv,0.022962881,0.0117392335,0.47887924,0.07076048,0.096529394,0.02305984,0.02024618,0.22022,0.058318768,0.04180405,0.15384206,0.08608453,True,2.4511200000000004,2.4511200000000004
217,CCCNC(=O)C=CC=C(C1=CC=C2C=C([NH1]C2=C1)[C@@H1]3CNCCO3)C=C,C=CC(=CC=CC(=O)NCCC)c1ccc2cc([C@@H]3CNCCO3)[nH]c2c1,-8.2,3.4806000000000017,0.5198109654267677,3.6809414587928835,365.47700000000015,3,3,7,66.15,3,27,0.49555692,0.16925876,True,0.071546142761444,docking_results_3_3.csv,0.046718534,0.06449694,0.19255453,0.10740931,0.12247711,0.085037485,0.09499094,0.49555692,0.15061805,0.17949963,0.22804996,0.26369572,True,3.4806000000000017,3.4806000000000017
174,O=C(CCC1=CC=CC=C1)NC2=CC=C(C=C2)C(=O)NCC3CNCCCNCCCC3,O=C(CCc1ccccc1)Nc1ccc(C(=O)NCC2CCCCNCCCNC2)cc1,-8.1,3.357100000000001,0.5364905042633538,3.0542189480644417,436.60000000000036,4,4,7,82.26,3,32,0.072986186,0.024730906,True,0.0616188317871467,docking_results_3_20.csv,0.022940654,0.007472673,0.029619828,0.014866861,0.072986186,0.010816122,0.009440128,0.0669291,0.007978524,0.015648292,0.025286542,0.012785938,True,3.357100000000001,3.357100000000001
112,COC[C@@H1](C)OC1=CC=CC(=C1)[C@H1]2CN(C(=O)CC3=CC=CC=C3)CCN2,COC[C@@H](C)Oc1cccc([C@H]2CN(C(=O)Cc3ccccc3)CCN2)c1,-8.1,2.815900000000001,0.8165247722570351,3.0044364565386186,368.4770000000001,1,4,7,50.800000000000004,3,27,0.07809819,0.021737313,True,0.0762105527587839,docking_results_3_13.csv,0.026845371,0.0069172224,0.02457015,0.015735582,0.07809819,0.009587509,0.0083720805,0.04351483,0.00572309,0.012309781,0.020575218,0.008598719,True,2.815900000000001,2.815900000000001
152,CC1(C)CC1N2C=C(C=N2)C3=CC=CC=CC4=C(CCNC4=O)C=C3,CC1(C)CC1n1cc(-c2cccccc3c(cc2)CCNC3=O)cn1,-8.1,3.9314000000000027,0.9049404246721288,3.4436528276361624,333.43500000000006,1,2,2,46.92,4,25,0.08773316,0.036616966,True,0.0428047528786837,docking_results_3_29.csv,0.0216261,0.006183542,0.08773316,0.036617797,0.07988617,0.01268865,0.010235231,0.073026866,0.009732565,0.018345475,0.066554844,0.01677318,True,3.9314000000000027,3.9314000000000022
97,CC(C)CC1=CC=C(C=C1)S(=O)(=O)CCC2=CC=C(C=C2)C(N)=O,CC(C)Cc1ccc(S(=O)(=O)CCc2ccc(C(N)=O)cc2)cc1,-8.1,3.000400000000001,0.8377821880329969,1.9259698669270815,345.46400000000006,1,3,7,77.22999999999999,2,24,0.09438019,0.02155693,True,0.0723187447584194,docking_results_3_6.csv,0.01753144,0.004862851,0.010273712,0.011337899,0.09438019,0.012194161,0.008212917,0.038479537,0.0029532781,0.011764818,0.04223399,0.0044583795,True,3.000400000000001,3.000400000000001
68,C1CCN(CC2=C[NH1]C3=CC=CC=C23)CC1C4=CC=C(C=C4)C(=O)NCCCN,NCCCNC(=O)c1ccc(C2CCCN(Cc3c[nH]c4ccccc34)C2)cc1,-8.1,3.626100000000001,0.5395041146033904,2.599769983390809,390.53100000000023,3,3,7,74.15,4,29,0.10530102,0.045094397,True,0.0524737592711182,docking_results_3_7.csv,0.028278641,0.010760496,0.09131112,0.040895626,0.08937948,0.018276248,0.017084286,0.10530102,0.018067643,0.0288364,0.06421948,0.028722292,True,3.626100000000001,3.626100000000001
66,C1C=CC=C(NC(=O)C2=CN=CC(=C2)C(=O)N3C[C@H1](C)NC[C@H1]3C)C1,C[C@@H]1CN[C@@H](C)CN1C(=O)c1cncc(C(=O)NC2=CC=CCC2)c1,-8.1,1.8676999999999997,0.8808343383385162,3.6771077513789487,340.42700000000013,2,4,3,74.33,3,25,0.1137355,0.032538448,True,0.0687370375798756,docking_results_3_2.csv,0.02958804,0.0139575545,0.044904765,0.018633604,0.048842654,0.011644567,0.013354287,0.1137355,0.013388816,0.021231819,0.028068224,0.033111546,True,1.8676999999999997,1.8677
249,C1CCCN(CCN2C=CC(N)=CC=3CCN(CC=3C=N2)CC=C(F)C=C)CC1,C=CC(F)=CCN1CCc2cc(N)ccn(CCN3CCCCCC3)ncc2C1,-8.1,3.8632000000000035,0.738179572413053,3.479027882550474,399.55800000000016,1,4,6,50.32,3,29,0.1227288,0.029798033,True,0.0448290378680908,docking_results_3_2.csv,0.019629125,0.01032349,0.031680334,0.021736661,0.03887932,0.009788848,0.0127538545,0.1227288,0.014700311,0.024996532,0.017779324,0.032579787,True,3.8632000000000035,3.863200000000004
190,C[C@H1](SC1=CC=C(C=C1)C2CCNC2)C(=O)NC3CCCCC3,C[C@H](Sc1ccc(C2CCNC2)cc1)C(=O)NC1CCCCC1,-8.1,3.6930000000000023,0.8080635328517383,2.93255657342379,332.51300000000015,2,3,5,41.13,3,23,0.12514903,0.04727879,True,0.0502408596743656,docking_results_3_5.csv,0.025190609,0.011751902,0.026238337,0.051118497,0.09070279,0.02616891,0.024130533,0.12514903,0.0131487325,0.047784593,0.09514569,0.030815912,True,3.6930000000000023,3.6930000000000014
59,C1C=CC=C(C2=CC=C(C=N2)C3=CC=C(C=C3)S(C)(=O)=O)C1,CS(=O)(=O)c1ccc(-c2ccc(C3=CC=CCC3)nc2)cc1,-8.1,3.885500000000002,0.8637959771439055,2.389980500043901,311.4060000000001,0,3,3,47.03,3,22,0.13467938,0.05779457,True,0.0441568500894969,docking_results_3_10.csv,0.050387014,0.025930887,0.049450994,0.042033613,0.12949985,0.03457667,0.026579903,0.13467938,0.016534774,0.033950917,0.11370034,0.03621052,True,3.885500000000002,3.885500000000002
103,CC1=CC(N2C(=O)C3=CC=CC=C3S2(=O)=O)=CC=C1C#N,Cc1cc(N2C(=O)c3ccccc3S2(=O)=O)ccc1C#N,-8.1,2.2157999999999998,0.808331567950707,2.453575715922886,298.32300000000004,0,4,1,78.24000000000001,3,21,0.13493274,0.048088387,True,0.0767233014451981,docking_results_3_16.csv,0.030186754,0.013973609,0.046846744,0.03836317,0.08639851,0.021077624,0.01934021,0.11847022,0.010998425,0.023438338,0.13493274,0.033034317,True,2.2157999999999998,2.2158
163,C[NH2+1][C@@H1](C)[C@@H1]1CN(C(=O)NC2=CC=CC(C3=CC=CC=C3[N+1](=O)[O-1])=C2)CCN1C,C[NH2+][C@@H](C)[C@@H]1CN(C(=O)Nc2cccc(-c3ccccc3[N+](=O)[O-])c2)CCN1C,-8.1,1.9914000000000003,0.5947747002827679,3.6086396502783655,398.48700000000025,2,4,5,95.33,3,29,0.13665888,0.04842433,True,0.0721133176953212,docking_results_3_3.csv,0.02296183,0.00950427,0.087484136,0.03352478,0.09687756,0.017051151,0.012229421,0.13665888,0.018663863,0.020770939,0.0871079,0.038257252,True,1.9914000000000003,1.9914000000000005
66,C[C@H1](OC1=CN=C(C=N1)C(F)(F)F)C2=CC3=CC=CC=C3N=C2CNCCN4CCOCC4,C[C@H](Oc1cnc(C(F)(F)F)cn1)c1cc2ccccc2nc1CNCCN1CCOCC1,-8.1,3.605400000000003,0.5141003517759853,3.320517881499665,461.48800000000034,1,7,8,72.4,4,33,0.13932873,0.04864349,True,0.053172718426066,docking_results_3_0.csv,0.029595295,0.014509509,0.092871785,0.050756928,0.06514189,0.015212562,0.01782226,0.13932873,0.023566948,0.028111119,0.05084405,0.055960774,True,3.605400000000003,3.605400000000003
104,CN(CCC1=CN=C[NH1]1)[C@H1]2CCC3=C(C2)C=CC=C3NC(=O)C4=CC=CC=C4,CN(CCc1cnc[nH]1)[C@H]1CCc2c(cccc2NC(=O)c2ccccc2)C1,-8.1,3.693800000000002,0.6916633123133834,2.830641197195529,374.48800000000006,2,3,6,61.02,4,28,0.14059629,0.046005234,True,0.0502144435881366,docking_results_3_4.csv,0.02154001,0.006831023,0.14059629,0.043917198,0.08251632,0.014562475,0.012858705,0.08878996,0.014001809,0.024837095,0.07950303,0.022108842,True,3.693800000000002,3.693800000000002
12,NC(=O)CCN(C)C1=CC=CC(=C1)C2=CC=CC(F)=C2,CN(CCC(N)=O)c1cccc(-c2cccc(F)c2)c1,-8.1,2.8043000000000013,0.9093856956580837,1.9629979382485807,272.32300000000004,1,2,5,46.330000000000005,2,20,0.14430492,0.05297789,True,0.0764038945396518,docking_results_3_4.csv,0.029628256,0.011775146,0.14430492,0.03395568,0.113365576,0.021857321,0.020297317,0.10827976,0.024426488,0.032975737,0.0689462,0.025922284,True,2.8043000000000013,2.8043000000000013
85,COC1=CC=CC(=C1)C(O)(C(=O)O)C2=CC=C3C=CC=CC3=C2,COc1cccc(C(O)(C(=O)O)c2ccc3ccccc3c2)c1,-8.1,3.1689000000000016,0.7766746896916134,2.4719952699286942,308.333,2,3,4,66.76,3,23,0.14843719,0.05403735,True,0.0676504296582005,docking_results_3_15.csv,0.032591242,0.012469191,0.07999975,0.03649027,0.14843719,0.027778935,0.01746962,0.10150596,0.01364071,0.023573317,0.13088699,0.023605064,True,3.1689000000000016,3.1689000000000016
39,COC=C1C=CC(CC2=CC=C(C=C2)C3(CCCC3)C(=O)N)OC1,COC=C1C=CC(Cc2ccc(C3(C(N)=O)CCCC3)cc2)OC1,-8.1,3.0115000000000007,0.8457447705125649,3.7552937344411497,327.4240000000001,1,3,5,61.55,3,24,0.15582271,0.052028183,True,0.0720400734336787,docking_results_3_0.csv,0.038445223,0.023528557,0.024220657,0.039477427,0.08724855,0.032147184,0.03168973,0.15582271,0.017020553,0.05021723,0.083291925,0.041228425,True,3.0115000000000007,3.0115000000000007
241,O=C(N1CCCC1)C2CCCN(C2)C(=O)CNC3=CC=C(Cl)C(Cl)=C3,O=C(CNc1ccc(Cl)c(Cl)c1)N1CCCC(C(=O)N2CCCC2)C1,-8.1,3.266300000000001,0.8671648791280786,2.5369241879194036,384.307,1,3,4,52.650000000000006,3,25,0.15702179,0.04157628,True,0.0646063977294566,docking_results_3_4.csv,0.028021915,0.016477725,0.032011263,0.027707564,0.06094626,0.017303469,0.021235228,0.15702179,0.018747479,0.034077883,0.038889345,0.04647543,True,3.266300000000001,3.266300000000001
56,CCC[NH2+1][C@H1]CC[C@@H1](CC)C1=CC=C2C=CC3=C(CCNC3=O)C2=C1,CCC[NH2+][CH]CC[C@@H](CC)c1ccc2ccc3c(c2c1)CCNC3=O,-8.1,3.534690000000001,0.7106947197805543,3.949275460942154,338.4950000000001,2,1,8,45.71,3,25,0.15905072,0.059734147,True,0.0555789454364748,docking_results_3_27.csv,0.02539777,0.011517298,0.075529,0.068131685,0.088058405,0.024966307,0.020900434,0.1449274,0.014446991,0.042659994,0.15905072,0.041223757,True,3.534690000000001,3.534690000000001
73,O=C(C1=CC=CC=C1I)NN=C2CCC=3CCNCC=3C2=O,O=C1C(=NNC(=O)c2ccccc2I)CCC2=C1CNCC2,-8.1,2.0298000000000003,0.5804030398633256,3.0364881923515927,409.2270000000003,2,4,2,70.56,3,22,0.16463576,0.051433142,True,0.0730534011904207,docking_results_3_4.csv,0.03182783,0.016790638,0.0868593,0.03294036,0.06599118,0.017838812,0.020610368,0.16463576,0.022462042,0.031546604,0.070145935,0.05554893,True,2.0298000000000003,2.0298000000000003
60,CCNS(=O)(=O)C1=CC=C(C=C1)C2=CC=C(C=C2)C(=O)NC=3N=C[NH1]N=3,CCNS(=O)(=O)c1ccc(-c2ccc(C(=O)Nc3nc[nH]n3)cc2)cc1,-8.1,2.0221999999999998,0.6127979680522674,2.4692644166985875,371.4220000000001,3,5,6,116.83999999999999,3,26,0.16554768,0.06419755,True,0.0728718263778223,docking_results_3_5.csv,0.038862057,0.015977928,0.16554768,0.042301953,0.13846073,0.025971906,0.01903992,0.12640981,0.027301468,0.025165573,0.106665984,0.038665608,True,2.0221999999999998,2.0222
208,C1NC(=O)C=CC=CCNN=C1NC(=O)NC2=CC=CC(=C2)C(C)(C)OCOC,COCOC(C)(C)c1cccc(NC(=O)NC2=NNCC=CC=CC(=O)NC2)c1,-8.1,1.8089999999999997,0.5622499716109581,3.9532524202079395,401.4670000000002,4,6,5,113.08000000000001,2,29,0.17922568,0.05476627,True,0.0669779068002575,docking_results_3_4.csv,0.022374667,0.012233055,0.11182354,0.030271826,0.071618006,0.01896708,0.020498972,0.17922568,0.026780149,0.0399065,0.076104574,0.047391158,True,1.8089999999999997,1.809
242,O=C(NCC1=CC=CC(=C1)C2=CC=CC=C2)[C@@H1](O)CC3=CC=CC=C3,O=C(NCc1cccc(-c2ccccc2)c1)[C@@H](O)Cc1ccccc1,-8.1,3.573400000000002,0.7252934130983224,2.200713632701902,331.415,2,2,6,49.33,3,25,0.18739453,0.048760545,True,0.0542587673980721,docking_results_3_10.csv,0.0351823,0.011128335,0.06786254,0.0332975,0.18739453,0.029189186,0.019483497,0.07025534,0.014487252,0.027172951,0.076375015,0.013298041,True,3.573400000000002,3.573400000000002
230,CCOC1=CC=C(C=C1)C2=CC=C(C=N2)C(=O)N3CCCS(=O)(=O)CC3,CCOc1ccc(-c2ccc(C(=O)N3CCCS(=O)(=O)CC3)cn2)cc1,-8.1,2.4080000000000004,0.8213420655047617,2.208039884474056,374.46200000000016,0,5,4,76.57,3,26,0.19018358,0.080379605,True,0.0787173317559357,docking_results_3_13.csv,0.062099382,0.036827084,0.10779802,0.05931747,0.15194839,0.044606507,0.03616805,0.19018358,0.046124604,0.04584251,0.10878867,0.074851,True,2.4080000000000004,2.4080000000000004
84,CCOCC(=O)N1CCC(C1)C2=CC=C(F)C(=C2)C3=CC=CC(O)=C3,CCOCC(=O)N1CCC(c2ccc(F)c(-c3cccc(O)c3)c2)C1,-8.1,3.5507000000000026,0.9031488820594052,2.6808754338565652,343.398,1,3,5,49.769999999999996,3,25,0.19947754,0.0867062,True,0.0550322961037973,docking_results_3_5.csv,0.04876388,0.027740223,0.109463714,0.078639336,0.14527634,0.047660764,0.038555205,0.19947754,0.03554514,0.06049296,0.1778353,0.07102407,True,3.5507000000000026,3.550700000000002
199,CC1=CC=CC(=C1)C2=CC(=CN=C2[NH1])C(=O)NCC3CCNCC3,Cc1cccc(-c2cc(C(=O)NCC3CCNCC3)cnc2[NH])c1,-8.1,2.70082,0.9078645645284651,2.5714481886054017,323.42000000000013,2,3,4,77.82,3,24,0.20614526,0.0675685,True,0.0778296837058149,docking_results_3_8.csv,0.027057769,0.011623573,0.20614526,0.046402063,0.10996348,0.022552893,0.018430464,0.15106714,0.033248298,0.032692604,0.10323069,0.048407756,True,2.70082,2.70082
16,CC1=CC=C(C=C1CN2C=C(C=N2)C3=CC=CC=C3S(N)=O)OC(F)(F)F,Cc1ccc(OC(F)(F)F)cc1Cn1cc(-c2ccccc2S(N)=O)cn1,-8.1,3.7867200000000016,0.71468165316388,3.1675053404496882,395.4060000000001,1,3,5,70.14,3,27,0.21781372,0.08433812,True,0.0472040571854383,docking_results_3_3.csv,0.02599908,0.012557993,0.19447662,0.09430327,0.1121198,0.0288192,0.02648486,0.16973592,0.027276902,0.045361023,0.21781372,0.05710909,True,3.7867200000000016,3.7867200000000016
199,O=C([O-1])C1=CN=C(C=N1)C2=CC=C3C=CC=CC3=C2,O=C([O-])c1cnc(-c2ccc3ccccc3c2)cn1,-8.1,1.6602999999999994,0.692400443841649,2.3939507617063356,249.24900000000002,0,4,2,65.91,3,19,0.22514763,0.061026603,True,0.0621997205344372,docking_results_3_6.csv,0.043994267,0.018166408,0.22514763,0.027979534,0.13212138,0.021247253,0.018027708,0.104358576,0.031645857,0.0205868,0.056816187,0.032227725,True,1.6602999999999994,1.6602999999999994
224,C[C@H1]1CN(CCOC2=CC=C3C=C(O)C=CC3=C2)C(N)(C1)O,C[C@H]1CN(CCOc2ccc3cc(O)ccc3c2)C(N)(O)C1,-8.1,1.8707999999999996,0.7515041009697399,3.426251546103808,302.3740000000001,3,5,4,78.95,3,22,0.24541283,0.11350057,True,0.0688274195448963,docking_results_3_12.csv,0.06558477,0.037891462,0.21725051,0.09428706,0.18649842,0.054158032,0.03532837,0.24541283,0.064588636,0.052253004,0.1842742,0.12447956,True,1.8707999999999996,1.8708
166,O=C(CCS(=O)(=O)CC)C1=CC=C2C=CC3=C(CCNC3=O)C2=C1,CCS(=O)(=O)CCC(=O)c1ccc2ccc3c(c2c1)CCNC3=O,-8.1,2.1332000000000004,0.8420311399698197,2.5711402666765846,345.42000000000013,1,4,5,80.31,3,24,0.24609272,0.09865177,True,0.0752864188787593,docking_results_3_19.csv,0.06751459,0.05087981,0.11369433,0.06813771,0.15532443,0.058637995,0.049531933,0.24609272,0.05820969,0.06359918,0.14807846,0.10412022,True,2.1332000000000004,2.1332000000000004
101,CC(=O)NCCC(NC1=CC(=C(C#N)C=C1C2=CN=N[NH1]2)C(=O)NCC(F)(F)F)C,CC(=O)NCCC(C)Nc1cc(C(=O)NCC(F)(F)F)c(C#N)cc1-c1cnn[nH]1,-8.1,1.9620799999999996,0.5125902244636353,3.759753839117212,423.39900000000006,4,6,8,135.59,2,30,0.24938826,0.09157303,True,,docking_results_3_0_add_B.csv,0.030485913,0.020920949,0.21385074,0.069320336,0.09553909,0.03136784,0.031379394,0.24938826,0.058442954,0.055287052,0.13627443,0.106619336,True,1.9620799999999996,
127,C1C=CC=C(CNC2=NC(=CS2)C(=O)N3CCC(CC3)NC(=O)OC(C)(O)C)C1,CC(C)(O)OC(=O)NC1CCN(C(=O)c2csc(NCC3=CC=CCC3)n2)CC1,-8.1,2.890600000000001,0.6115972320560175,3.0792146400953353,420.53500000000025,3,7,6,103.79000000000002,3,29,0.25505778,0.07077727,True,0.0748133161643673,docking_results_3_6.csv,0.02830926,0.022755126,0.072382785,0.046637625,0.0725235,0.030514387,0.03468405,0.25505778,0.040797252,0.06534092,0.09000527,0.090319194,True,2.890600000000001,2.890600000000001
65,C=C1CNC(=O)C2=C(O1)N=CC(=C2)C3=CN=C(O3)C4=CC=CC=C4,C=C1CNC(=O)c2cc(-c3cnc(-c4ccccc4)o3)cnc2O1,-8.1,3.039500000000001,0.7853432649667027,2.9205156611328764,319.32,1,5,2,77.25,4,24,0.26498312,0.068845324,True,0.0713173349360215,docking_results_3_6.csv,0.050161026,0.024734994,0.26498312,0.03091381,0.09640234,0.020041853,0.022921639,0.14018969,0.04490629,0.025996652,0.047203217,0.05768919,True,3.039500000000001,3.039500000000001
192,C1C2=C(C=CN=C2N1C3=CC=C(Cl)C=C3C(=O)O)C=C4C(=O)NCC4,O=C1NCCC1=Cc1ccnc2c1CN2c1ccc(Cl)cc1C(=O)O,-8.1,2.988200000000001,0.826969980975355,2.933495006490835,355.7810000000001,2,4,3,82.53,4,25,0.27290657,0.086394824,True,0.0726197272534506,docking_results_3_14.csv,0.043809276,0.031919956,0.15829544,0.050928064,0.075834915,0.028549897,0.0334755,0.27290657,0.043209348,0.046395767,0.13011222,0.121300995,True,2.988200000000001,2.988200000000001
79,CSC[C@@H1](C)NC1=NC2=CC=C(C=C2[NH1]1)C(=O)N3CCCC3CN4C(=O)C5=CC=CC=C5C4,CSC[C@@H](C)Nc1nc2ccc(C(=O)N3CCCC3CN3Cc4ccccc4C3=O)cc2[nH]1,-8.1,3.986900000000003,0.5538458932996492,3.52069055598162,463.6070000000003,2,5,7,81.33000000000001,5,33,0.27366188,0.1163012,True,0.0412298039957106,docking_results_3_6.csv,0.03914048,0.025714036,0.2447762,0.11475838,0.11818198,0.042925444,0.042321198,0.27366188,0.062983885,0.07153313,0.22742952,0.13218832,True,3.986900000000003,3.986900000000003
114,CN(C)S(=O)(=O)NC1CC=C2C=C(NC(=O)C3=CC=C4C=CC=CC4=C3)C=C12,CN(C)S(=O)(=O)NC1CC=C2C=C(NC(=O)c3ccc4ccccc4c3)C=C21,-8.1,2.4882,0.8164792284711543,3.387892504579101,395.4840000000001,2,3,5,78.51,4,28,0.28329873,0.08820177,True,0.0789515724248929,docking_results_3_1.csv,0.025919853,0.019629946,0.113486536,0.06771855,0.091901,0.033656638,0.032694314,0.28329873,0.033485096,0.06384053,0.19665065,0.096139416,True,2.4882,2.4882
57,CCO[C@H1](CNC1=CC=C(C=N1)C2=CC=CC=C2)C(=O)NC(N)=NC,CCO[C@H](CNc1ccc(-c2ccccc2)cn1)C(=O)NC(N)=NC,-8.1,1.6262999999999996,0.5246729052922285,3.091503602870649,341.4150000000001,3,5,7,101.63,2,25,0.28876224,0.07929153,True,0.0610617194140279,docking_results_3_21.csv,0.038061682,0.01681304,0.28876224,0.04555659,0.13386677,0.028400183,0.024111312,0.15162535,0.05027347,0.04034756,0.08366194,0.050018128,True,1.6262999999999996,1.6262999999999996
41,CC(=O)N[C@H1](C#C)C1=CC=C2C=CC=CC2=C1,C#C[C@@H](NC(C)=O)c1ccc2ccccc2c1,-8.1,2.6502000000000008,0.779043107392982,2.6712273450676083,223.275,1,1,2,29.1,2,17,0.29602492,0.1326652,True,0.0783229162509638,docking_results_3_6.csv,0.045103624,0.034231402,0.19617859,0.10711921,0.2292872,0.08939801,0.06713167,0.2594965,0.06761763,0.11454334,0.29602492,0.085850365,True,2.6502000000000008,2.6502000000000008
40,O=C(CC1=CC=C(O)C=C12)NN=CC3=CC=C(CCC(=O)O)C=C32,O=C(O)CCc1ccc2c(c1)-c1cc(O)ccc1CC(=O)NN=C2,-8.1,2.0826000000000002,0.8046993296303219,3.2107523907464808,324.336,3,4,3,98.99,3,24,0.2960646,0.11899992,True,0.07425059696852,docking_results_3_11.csv,0.07892694,0.05962424,0.18841888,0.05869608,0.17806059,0.06573695,0.046830215,0.2960646,0.06917292,0.059125777,0.1977284,0.12961349,True,2.0826000000000002,2.0826
45,CCC1=CC=C(NC(=O)[C@@H1]2CCC3=NC(NC(=O)C4CC4)=NC=C3C2)C=C1,CCc1ccc(NC(=O)[C@@H]2CCc3nc(NC(=O)C4CC4)ncc3C2)cc1,-8.1,3.1311000000000018,0.8536520368736508,2.743455406383754,364.4490000000001,2,4,5,83.98,4,27,0.2970019,0.12808721,True,0.0687720558673161,docking_results_3_1.csv,0.050504934,0.036702022,0.1889896,0.11704985,0.1543696,0.06334118,0.053332303,0.2970019,0.066765964,0.08435387,0.28412902,0.14050625,True,3.1311000000000018,3.1311000000000018
141,CC(C)[C@@](C1)N=C(N)N=C(C2CC2)N1C3=CC=CC4=CC=CN=C34,CC(C)[C]1CN(c2cccc3cccnc23)C(C2CC2)=NC(N)=N1,-8.1,3.3659900000000027,0.9426179050707035,3.1978929849854936,320.42,1,5,3,66.87,4,24,0.2972645,0.09804524,True,0.061320807828911,docking_results_3_6.csv,0.03399035,0.017001178,0.2972645,0.08966868,0.12164826,0.03019843,0.026944466,0.20804489,0.054856192,0.045804307,0.15761596,0.0935056,True,3.3659900000000027,3.3659900000000027
252,C1OC=CC=C1C=2N=CN(N=2)C3=CC=C(C=C3)C4=CC=C(C=C4)S(N)(=O)C=C,C=C[SH](N)(=O)c1ccc(-c2ccc(-n3cnc(C4=CC=COC4)n3)cc2)cc1,-8.1,3.2544000000000004,0.6531247771458264,3.8757562626113806,392.4840000000001,2,4,5,83.03,4,28,0.2978158,0.12546039,True,0.0649885785206861,docking_results_3_8.csv,0.060218953,0.046049587,0.28862002,0.084112406,0.14723288,0.052573677,0.050231524,0.2978158,0.08484748,0.07065782,0.18091983,0.14224455,True,3.2544000000000004,3.2544000000000004
104,C1C=CC=C1NC2=NC(N3CCCNCC3)=NC=C2C4=CC=CC(=C4)C(=O)NC=C,C=CNC(=O)c1cccc(-c2cnc(N3CCCNCC3)nc2NC2=CC=CC2)c1,-8.1,3.072300000000001,0.6889571313357018,3.1408338229479806,402.5020000000001,3,6,6,82.18,4,30,0.30742076,0.098670356,True,0.0704363497819604,docking_results_3_5.csv,0.03133859,0.025165288,0.25404826,0.05589021,0.06900436,0.027212653,0.03610736,0.30742076,0.063002706,0.06500976,0.11478975,0.13505463,True,3.072300000000001,3.072300000000001
97,CNC(=O)NC1=CC=C(C)C(=C1)C2=CC=C(NS(C)(=O)=O)C(Cl)=C2,CNC(=O)Nc1ccc(C)c(-c2ccc(NS(C)(=O)=O)c(Cl)c2)c1,-8.1,3.438220000000002,0.7730784444380456,2.1010687803213806,367.85800000000006,3,3,4,87.30000000000001,2,24,0.3169612,0.13110332,True,0.0588756344797359,docking_results_3_1.csv,0.03476739,0.023256684,0.2946688,0.09126302,0.1715631,0.053653724,0.04018846,0.29944327,0.063043885,0.07345267,0.3169612,0.110977665,True,3.438220000000002,3.438220000000002
235,CC[C@H1]S=1/C(=N\NC=1C(=O)O)\C=C/C2=CC=C3C=CC=CC3=C2,CC[CH]S1=C(C(=O)O)NN=C1/C=C\c1ccc2ccccc2c1,-8.1,3.8248900000000017,0.821479458050825,3.936489697040045,325.41300000000007,2,3,5,61.69,3,23,0.32043448,0.11266219,True,0.0460057804303387,docking_results_3_14.csv,0.023175644,0.019474614,0.20848283,0.06984092,0.10531927,0.041453943,0.047317807,0.32043448,0.05104728,0.093367025,0.26521206,0.10682035,True,3.8248900000000017,3.8248900000000017
185,C1C=CC=C(NC2=CC=C3C=C(OC)C(=O)N(C)C3=C2C)C1C,COc1cc2ccc(NC3=CC=CCC3C)c(C)c2n(C)c1=O,-8.1,3.747320000000003,0.9387322189002759,3.583461353508577,310.39700000000005,1,3,3,43.26,3,23,0.32771927,0.11491818,True,0.0484655935576866,docking_results_3_1.csv,0.019631326,0.012201854,0.32771927,0.105889514,0.07192369,0.027293302,0.03123451,0.28150645,0.039989516,0.07888485,0.27615348,0.10659037,True,3.747320000000003,3.747320000000003
39,COC1=CC=C(C=C1)C2=NC(C(=O)NCC3=CC=CC(F)=C3)=C(N)N2C(C)C,COc1ccc(-c2nc(C(=O)NCc3cccc(F)c3)c(N)n2C(C)C)cc1,-8.1,3.7909000000000015,0.6795115038379643,2.263641272473313,382.4390000000001,2,4,6,82.16999999999999,3,28,0.33168104,0.090911426,True,0.0470716441459284,docking_results_3_3.csv,0.01928545,0.008237266,0.33168104,0.07351095,0.10848304,0.023289494,0.018816119,0.1709512,0.028732691,0.039545134,0.21894395,0.049460903,True,3.7909000000000015,3.7909000000000015
92,CC[NH2+1][C@H1](CC1=CC=CC=C1)C(=O)NC2=CC=C(F)C(=C2Cl)C(F)(F)F,CC[NH2+][C@H](Cc1ccccc1)C(=O)Nc1ccc(F)c(C(F)(F)F)c1Cl,-8.1,3.631000000000001,0.7280502855270039,3.5435602960276578,389.80000000000007,2,1,6,45.71,2,26,0.33957514,0.08696658,True,0.0523087887664483,docking_results_3_1.csv,0.016636612,0.009827953,0.06924717,0.11498802,0.086595945,0.031352244,0.030185936,0.2061078,0.014899259,0.064917766,0.33957514,0.059265126,True,3.631000000000001,3.631000000000001
96,O=C(N1C=NC(=C1C2=CC=C(C=C2)C3=CC=CC=C3)C#N)CCCO,N#Cc1ncn(C(=O)CCCO)c1-c1ccc(-c2ccccc2)cc1,-8.1,3.501480000000002,0.7758325215078258,2.4702896977151045,331.37500000000017,1,4,5,78.91,3,25,0.3403137,0.14618571,True,0.0567144675433682,docking_results_3_12.csv,0.053575907,0.03912577,0.3403137,0.11176444,0.2217179,0.071686484,0.05362848,0.2856324,0.09604267,0.076603755,0.27236652,0.13177045,True,3.501480000000002,3.501480000000002
228,CCS[C@H1]1CC[C@@H1](CC1)N2N=CC3=CC(=CC=C23)CN=CC(=C)C(N)=O,C=C(C=NCc1ccc2c(cnn2[C@H]2CC[C@H](SCC)CC2)c1)C(N)=O,-8.1,3.8854000000000024,0.5935222598330452,3.4172263709605417,370.5220000000002,1,4,7,73.27000000000001,3,26,0.3616264,0.13354811,True,0.0441598426105706,docking_results_3_2.csv,0.061906192,0.061430868,0.15543392,0.10826029,0.12251185,0.06847663,0.071250945,0.3616264,0.096561454,0.11554946,0.18449588,0.19507344,True,3.8854000000000024,3.8854000000000015
114,CCOC(=O)C1=CC(=CC=C1NS(C)(=O)=O)C2=CC3=CC(F)=CC=C3[NH1]2,CCOC(=O)c1cc(-c2cc3cc(F)ccc3[nH]2)ccc1NS(C)(=O)=O,-8.1,3.5222000000000016,0.6670459003956536,2.2751487202328917,376.40900000000005,2,4,5,88.25999999999999,3,26,0.37952688,0.15451239,True,0.0560058353821632,docking_results_3_3.csv,0.046626113,0.032937773,0.37952688,0.12243301,0.19615577,0.06517472,0.048823234,0.3122208,0.08382377,0.077044204,0.3464744,0.14290799,True,3.5222000000000016,3.5222000000000016
66,CCCC1=NOC(C)=C1C2=CC=C(C)C(=N2)C(=O)NC3=CC=C(C=C3)C(N)=O,CCCc1noc(C)c1-c1ccc(C)c(C(=O)Nc2ccc(C(N)=O)cc2)n1,-8.1,3.657140000000001,0.6798581879662086,2.4277235209940233,378.4320000000001,2,5,6,111.10999999999999,3,28,0.38312864,0.090714775,True,0.0514322554565596,docking_results_3_1.csv,0.029074492,0.014480371,0.38312864,0.052423604,0.09436737,0.022557154,0.022050042,0.1848803,0.044632137,0.037736084,0.13556126,0.06768578,True,3.657140000000001,3.657140000000001
233,C[C@H1](NC=C1C=CN(CCC(N)=O)C1=C)C2=CC=CC3=CC=CC(O)=C23,C=c1c(=CN[C@@H](C)c2cccc3cccc(O)c23)ccn1CCC(N)=O,-8.1,1.7213999999999996,0.6338626075340942,3.6246933612260115,349.434,3,3,6,80.28,3,26,0.38701224,0.1589084,True,0.0642087888677042,docking_results_3_9.csv,0.043310057,0.033266883,0.38701224,0.110269375,0.20042199,0.07452561,0.058799088,0.32728413,0.097271286,0.10208228,0.33625805,0.1363997,True,1.7213999999999996,1.7213999999999996
246,C1C(C)(C)C(=O)N1C2=CC=C(C=N2)C=CC3=CCC(=O)NC3=CNC,CNC=C1NC(=O)CC=C1C=Cc1ccc(N2CC(C)(C)C2=O)nc1,-8.1,1.9747,0.8234138999409819,3.5709793680447737,338.411,2,4,4,74.33,3,25,0.39217642,0.11174908,True,0.0716873509246716,docking_results_3_23.csv,0.02861168,0.031129692,0.1526367,0.06652364,0.069293,0.039988916,0.053867046,0.39217642,0.075050406,0.10478037,0.15640141,0.17052972,True,1.9747,1.9747
45,O=C(OC1=CC=CC2=CC=C(O)C=C12)N3CCCCC3,O=C(Oc1cccc2ccc(O)cc12)N1CCCCC1,-8.1,3.530100000000002,0.8628069884156814,1.9909696415452824,271.316,1,3,1,49.77,3,20,0.39642975,0.18874109,True,0.0557357895026359,docking_results_3_13.csv,0.07073955,0.061717607,0.30496886,0.14376988,0.26552385,0.117665716,0.07506798,0.39642975,0.12854628,0.11441899,0.38794002,0.19810459,True,3.530100000000002,3.530100000000002
162,CC=C1SC(NC(=O)NC2CCCC3=CC(OC(F)F)=CC=C32)=N1,CC=C1N=C(NC(=O)NC2CCCc3cc(OC(F)F)ccc32)S1,-8.1,3.9287000000000027,0.8654469813567627,3.393496609696977,353.39399999999995,2,4,3,62.72,3,24,0.40803027,0.15754165,True,0.0428830766804948,docking_results_3_1.csv,0.029997908,0.027144616,0.27001965,0.13945824,0.10126925,0.05355596,0.062254213,0.40803027,0.06834162,0.13207965,0.40062875,0.19771983,True,3.9287000000000027,3.9287000000000023
86,C1C(C)C2NC3=CC(=CN=C3N21)C4=CC=CC=C4,CC1CN2c3ncc(-c4ccccc4)cc3NC12,-8.1,2.9563000000000015,0.8261520590478308,3.3460082808577463,237.30599999999998,1,3,1,28.160000000000004,4,18,0.4221456,0.15586284,True,0.0733795943989856,docking_results_3_7.csv,0.039104074,0.023852287,0.4221456,0.16507708,0.18271263,0.053418893,0.043264907,0.30217028,0.08961335,0.07324805,0.32270053,0.15304647,True,2.9563000000000015,2.956300000000001
52,CCC[C@H1](C)N=C(N)N1N=C(N=C1)C2=CC=CC3=CC=CC=C23,CCC[C@H](C)N=C(N)n1cnc(-c2cccc3ccccc23)n1,-8.1,3.449700000000001,0.5926401058326302,3.228552634102982,307.40100000000007,1,3,4,69.09,3,23,0.4645564,0.12397709,True,0.0584842050545726,docking_results_3_13.csv,0.031967588,0.016243739,0.4645564,0.09985405,0.17271654,0.03943588,0.028794399,0.21104781,0.071038604,0.052383624,0.21700658,0.082679726,True,3.449700000000001,3.449700000000001
199,CC1=CC(NC(=O)C2=CC=C(C=C2)C=C3C=CC=4NC(=O)COC3=4)=NO1,Cc1cc(NC(=O)c2ccc(C=C3C=CC4=C3OCC(=O)N4)cc2)no1,-8.1,2.54652,0.8881377675448215,2.891195643309814,349.3460000000002,2,5,3,93.46000000000001,4,26,0.46558413,0.1634572,True,0.0788945072021831,docking_results_3_15.csv,0.04163314,0.044962157,0.35300744,0.08612199,0.115993306,0.0583496,0.053724505,0.46558413,0.09048758,0.10692653,0.32895485,0.21574111,True,2.54652,2.54652
179,COC1=NC(NC2=CC=C3N=CC=CC3=C2)=NC=C1C4=CC(=O)NC4C(O)=O,COc1nc(Nc2ccc3ncccc3c2)ncc1C1=CC(=O)NC1C(=O)O,-8.1,1.7433999999999994,0.6137426148212528,3.3509627309666365,377.3600000000001,3,7,5,126.33000000000001,4,28,0.46701983,0.15350986,True,0.064918114418106,docking_results_3_24.csv,0.052238528,0.042145766,0.46701983,0.083989896,0.1377346,0.04948864,0.05118195,0.3544506,0.12504101,0.07203224,0.20213601,0.20465913,True,1.7433999999999994,1.7433999999999994
125,COC[C@H1](NC(=O)C1=CC=CC=C1)C(=O)NC2=CC=C3C=CC=C(O)C3=C2,COC[C@H](NC(=O)c1ccccc1)C(=O)Nc1ccc2cccc(O)c2c1,-8.1,2.9289000000000005,0.6275359963670071,2.4233557060840543,364.4010000000001,3,4,6,87.66,3,27,0.46739307,0.20665844,True,0.0739996636789118,docking_results_3_12.csv,0.055470813,0.046455473,0.43008167,0.14507484,0.31481367,0.12413203,0.071513556,0.39032185,0.14132906,0.118315466,0.46739307,0.17499983,True,2.9289000000000005,2.9289000000000005
78,CC1=CN=C(C2=C1C=C3C=CC4=C(CCNC4=O)C=CC3=C2C)C=O,Cc1cnc(C=O)c2c(C)c3c(cc12)C=CC1=C(C=C3)CCNC1=O,-8.1,3.520640000000002,0.8139868454226086,3.7695413770217128,330.38700000000006,1,3,1,59.06,4,25,0.4787669,0.16543888,True,0.0560591730171511,docking_results_3_28.csv,0.054766018,0.058005635,0.28262886,0.12080327,0.100075066,0.060063288,0.056093417,0.4787669,0.080632776,0.11255894,0.32054764,0.2603248,True,3.520640000000002,3.520640000000002
26,C[C@H1](SC1=NC=CC=N1)C(=O)NC2=CC=C(C=C2)C(=O)NC3=CC=CCC3=C,C=C1CC=CC=C1NC(=O)c1ccc(NC(=O)[C@H](C)Sc2ncccn2)cc1,-8.1,3.7257000000000025,0.5780969065552846,3.1672796540435595,392.48400000000015,2,5,6,83.98,3,28,0.48342633,0.18709521,True,0.049167511647396,docking_results_3_12.csv,0.05145819,0.06329964,0.3185181,0.11656025,0.15578185,0.09319771,0.088410266,0.48342633,0.14172852,0.1668407,0.32750022,0.23842083,True,3.7257000000000025,3.7257000000000025
101,C[NH2+1]C[C@H1](C)C(=O)N1CCCC2=CC(=CC=C12)S(=O)(=O)C3=CC=CC=C3,C[NH2+]C[C@H](C)C(=O)N1CCCc2cc(S(=O)(=O)c3ccccc3)ccc21,-8.0,1.6279,0.8658874564278284,3.305854372817161,373.49800000000005,1,3,5,71.06,3,26,0.062813975,0.019382644,True,0.0487463594396454,docking_results_3_4.csv,0.023258105,0.0072126184,0.007372481,0.012796036,0.062813975,0.009418932,0.008116133,0.04800092,0.0027959463,0.009688966,0.032758906,0.008358714,True,1.6279,1.6279
171,O=C(N1C=CC=CC=C(N=C1[NH1]2)C=O)CC=CC=CC=CC=C2CC(=O)NC,CNC(=O)CC1=CC=CC=CC=CCC(=O)n2cccccc(C=O)nc2N1,-8.0,2.9644000000000013,0.789034414939059,3.9557436925050986,378.43200000000013,2,5,3,93.09,2,28,0.06352275,0.01719557,True,0.0583774306371856,docking_results_3_22.csv,0.021819506,0.009419078,0.022363286,0.00501719,0.0329559,0.005806607,0.008605477,0.06352275,0.0072879046,0.012567302,0.006011181,0.0109706335,True,2.9644000000000013,2.9644000000000013
55,COC1=CC=C(F)C=C1[C@H1](C)NS(=O)(=O)C2=CC=C3[NH1]C(=O)C=NC3=C2,COc1ccc(F)cc1[C@H](C)NS(=O)(=O)c1ccc2[nH]c(=O)cnc2c1,-8.0,2.1102999999999996,0.709166506836616,2.7828998680753276,377.3970000000001,2,5,5,101.14999999999999,3,26,0.06490046,0.025263539,True,,docking_results_3_0_add_B.csv,0.027682684,0.007814011,0.05287531,0.018989496,0.06490046,0.008845068,0.008973132,0.052063894,0.0072471173,0.011164831,0.029637454,0.012968995,True,2.1102999999999996,
175,CC(=O)C1=CC=C(CN2C=C(C=N2)C(=O)NCC3=CC=C(F)C=C3)C=C1,CC(=O)c1ccc(Cn2cc(C(=O)NCc3ccc(F)cc3)cn2)cc1,-8.0,3.203100000000002,0.6938062870240995,1.9258908200249891,351.38100000000003,1,3,6,63.99,3,26,0.084494025,0.032095533,True,0.0531246843776344,docking_results_3_3.csv,0.028127057,0.008613308,0.07275458,0.020315496,0.084494025,0.013081232,0.012513854,0.063200235,0.010752185,0.017071838,0.040954184,0.013268411,True,3.203100000000002,3.203100000000002
252,COC1=CC(CCCC2=CC=CC=C2)=CC=C1C(=O)NC3CC[C@H1](CC3)N4C=NCC(N)=N4,COc1cc(CCCc2ccccc2)ccc1C(=O)NC1CCC(N2C=NCC(N)=N2)CC1,-8.0,3.5276000000000014,0.6475461226377099,2.8766900838596587,447.5830000000003,2,6,8,92.31,4,33,0.097646385,0.040457908,True,0.0445235752867062,docking_results_3_17.csv,0.02589786,0.009199572,0.0754301,0.033615742,0.07662639,0.01588374,0.015971685,0.097646385,0.012993292,0.02727875,0.070639566,0.024311854,True,3.5276000000000014,3.5276000000000014
26,O=C(NCCN1CCNCC1)C2=CC=C(C=C2)C3=CC=CC=C3,O=C(NCCN1CCNCC1)c1ccc(-c2ccccc2)cc1,-8.0,1.9886000000000004,0.887640126531432,1.7690110399421606,309.413,2,3,5,44.370000000000005,3,23,0.10421769,0.03299429,True,0.0574619016762286,docking_results_3_3.csv,0.034509208,0.012307144,0.04746096,0.01777636,0.10421769,0.014583101,0.0116026765,0.079754606,0.014905677,0.01586085,0.0234717,0.019481488,True,1.9886000000000004,1.9886000000000004
90,O=C(N1CCC(CC1)C2=CC=CC=C2)C3=CC=CC=C3,O=C(c1ccccc1)N1CCC(c2ccccc2)CC1,-8.0,3.706400000000003,0.8103369150306274,1.5287017145570179,265.35600000000005,0,1,2,20.310000000000002,3,20,0.11166727,0.02566878,True,0.0397204995251283,docking_results_3_11.csv,0.027785035,0.007171577,0.017600844,0.017203907,0.11166727,0.014425246,0.010151659,0.042629838,0.0049493806,0.013992043,0.034080833,0.0063677393,True,3.706400000000003,3.706400000000003
216,C1CC(C(=O)N2CCNC(=O)C2C3=CC=CC=C3C(F)(F)F)=NN1C4=CC=CC=C4,O=C1NCCN(C(=O)C2=NN(c3ccccc3)CC2)C1c1ccccc1C(F)(F)F,-8.0,2.9712000000000023,0.8369151363246937,3.2219597280919388,416.4030000000001,1,4,3,65.01,4,30,0.11290429,0.03497906,True,0.0582491704341165,docking_results_3_21.csv,0.025296764,0.011153707,0.040360376,0.031100271,0.052489802,0.011984224,0.016170463,0.11290429,0.01090938,0.022282207,0.051635854,0.03346137,True,2.9712000000000023,2.9712000000000023
247,CC1=CC=CN=C1C(=O)NCCCN2CCN(CC2)C3=NSC4=CC=CC=C34,Cc1cccnc1C(=O)NCCCN1CCN(c2nsc3ccccc23)CC1,-8.0,2.9418200000000017,0.6504734692781803,2.355833623461912,395.5320000000001,1,6,6,61.36000000000001,4,28,0.11671052,0.040710315,True,0.0587927331174467,docking_results_3_1.csv,0.02438309,0.01069458,0.11400241,0.031851776,0.051297035,0.010763192,0.014451484,0.11671052,0.020807322,0.024149109,0.030407408,0.03900589,True,2.9418200000000017,2.9418200000000017
225,C[C@H1]C1CN(C=2N=C(C3=CC=CC=C3)N(CC4=CC=CC=C4)N=2)C1,C[CH]C1CN(c2nc(-c3ccccc3)n(Cc3ccccc3)n2)C1,-8.0,3.6537900000000025,0.7200704803338359,2.517084232561446,317.41600000000005,0,3,5,33.95,4,24,0.11685409,0.04982831,True,0.0411121981416943,docking_results_3_5.csv,0.029623117,0.010208163,0.11622063,0.047517367,0.11685409,0.019203631,0.016350163,0.097934775,0.020255499,0.024788164,0.071746685,0.027237436,True,3.6537900000000025,3.6537900000000025
136,O=C(CS(=O)(=O)C1=CC=CC=C1SC2=CC=CC=C2)N3C=CC=CC3=O,O=C(CS(=O)(=O)c1ccccc1Sc1ccccc1)n1ccccc1=O,-8.0,3.1136000000000017,0.6746937958052556,2.4876423792765507,385.4660000000001,0,5,5,73.21000000000001,3,26,0.1175817,0.037874717,True,0.0552569229770311,docking_results_3_9.csv,0.03132248,0.013530067,0.028773358,0.022817638,0.1175817,0.023101928,0.023214893,0.078852564,0.010801586,0.027329957,0.062251236,0.014919162,True,3.1136000000000017,3.1136000000000017
110,C[C@H1]([NH2+1]C(C)(C)C)CC1=CC=C(C=C1)C2=CC=C(C=C2)C(O)=O,C[C@@H](Cc1ccc(-c2ccc(C(=O)O)cc2)cc1)[NH2+]C(C)(C)C,-8.0,3.3447000000000013,0.889391319860639,3.0013241625745106,312.43300000000005,2,1,5,53.910000000000004,2,23,0.119018085,0.028513385,True,0.0494782554771009,docking_results_3_2.csv,0.013178608,0.0031947342,0.020817015,0.01798604,0.119018085,0.014064303,0.005810187,0.046076816,0.0031851924,0.012188769,0.08160284,0.0050380346,True,3.3447000000000013,3.3447000000000013
155,CNC(=O)[C@H1](C1CNC1)C2=CC=C3C=CC=CC3=C2,CNC(=O)[C@@H](c1ccc2ccccc2c1)C1CNC1,-8.0,1.8887999999999994,0.8779248347448058,2.7598443221361855,254.33300000000003,2,2,3,41.13,3,19,0.11968048,0.044639695,True,0.0553117321867375,docking_results_3_6.csv,0.036457494,0.013290049,0.07163859,0.034667283,0.11968048,0.020762073,0.016204674,0.096366435,0.017350338,0.024054231,0.058408096,0.026796577,True,1.8887999999999994,1.8887999999999996
76,O=C(CN1C=CC(=CC1=O)C2=CC=CC=C2)N3CCCCC3,O=C(Cn1ccc(-c2ccccc2)cc1=O)N1CCCCC1,-8.0,2.527800000000001,0.8731993669448703,1.9427065302636777,296.37000000000006,0,2,3,42.31,3,22,0.1229578,0.051580086,True,0.0629583165645965,docking_results_3_2.csv,0.048275758,0.022551741,0.064122975,0.036283653,0.1229578,0.027695497,0.02624586,0.120612346,0.026178457,0.03352304,0.05446907,0.036044814,True,2.527800000000001,2.527800000000001
240,C[C@@H1](NS(=O)(=O)C1=CC=CC=C1C=O)C2=CC=C3C=CC=CC3=C2,C[C@@H](NS(=O)(=O)c1ccccc1C=O)c1ccc2ccccc2c1,-8.0,3.6918000000000024,0.7211386660355,2.5094263726469332,339.41600000000005,1,3,5,63.24,3,24,0.12784588,0.033542354,True,0.0401042279795565,docking_results_3_15.csv,0.026866427,0.007431903,0.04140997,0.023294456,0.12784588,0.016792795,0.012266907,0.053001072,0.007182256,0.0156048685,0.061524887,0.009286789,True,3.6918000000000024,3.6918000000000015
219,COC1=CC=C(C=C1)C=CC2=CC=C(C(=O)[NH1]2)C3=CC=C(C=C3)S(N)(=O)=O,COc1ccc(C=Cc2ccc(-c3ccc(S(N)(=O)=O)cc3)c(=O)[nH]2)cc1,-8.0,2.8682999999999996,0.708149338407587,2.2998429658866044,382.4410000000001,2,4,5,102.25,3,27,0.13202527,0.04515302,True,0.0600260204761268,docking_results_3_12.csv,0.04094182,0.015022281,0.08184852,0.022595339,0.13202527,0.021520905,0.0146034295,0.086955965,0.013861196,0.017129986,0.07513951,0.020192022,True,2.8682999999999996,2.8683
53,COC=CC=CC1=CC=C(C=N1)C(=O)NC2CCCNC(=O)C3=CC=CC=C3C2,COC=CC=Cc1ccc(C(=O)NC2CCCNC(=O)c3ccccc3C2)cn1,-8.0,3.119600000000001,0.6062246710013944,3.659821063359942,391.4710000000002,2,4,5,80.32,3,29,0.13553824,0.050674524,True,0.0551193162759548,docking_results_3_22.csv,0.03541117,0.017597677,0.10364041,0.028275125,0.084785655,0.021919336,0.023708448,0.13553824,0.026464613,0.037977487,0.05614387,0.03663224,True,3.119600000000001,3.119600000000001
137,CCC=NOC(C=CC1=CC=C(N=C1)N2CCNC(=O)C2)CC=CC3=CC=CC=C3,CCC=NOC(C=Cc1ccc(N2CCNC(=O)C2)nc1)CC=Cc1ccccc1,-8.0,3.9155000000000024,0.5082047832021447,3.5986764043568513,404.5140000000002,1,5,9,66.82000000000001,3,30,0.14318648,0.04513541,True,0.0345111517585451,docking_results_3_23.csv,0.030921638,0.017559428,0.065132014,0.0244899,0.07376517,0.01998115,0.02507233,0.14318648,0.025179839,0.04082274,0.03857488,0.036939308,True,3.9155000000000024,3.9155000000000015
241,ClC1=CC=CC(CC(=O)NC2=CC=C(OCC(=O)N=C(N)N)C=C2)=C1,NC(N)=NC(=O)COc1ccc(NC(=O)Cc2cccc(Cl)c2)cc1,-8.0,1.6999999999999993,0.5346154100913597,2.0972046427700484,360.8010000000001,3,3,6,119.79999999999998,2,25,0.14524272,0.052175608,True,,docking_results_3_0_add_B.csv,0.040622957,0.019776681,0.14524272,0.018309148,0.09665006,0.021211445,0.022732927,0.12297571,0.03081513,0.03119685,0.04353487,0.033038814,True,1.6999999999999993,
10,CC1=CC=C2[NH1]C=C(C=CC3NCCNC3=O)C2=C1,Cc1ccc2[nH]cc(C=CC3NCCNC3=O)c2c1,-8.0,1.5775199999999996,0.7627870106116521,3.4611556508075116,255.321,3,2,2,56.92,3,19,0.15167268,0.05884279,True,0.0473870964188639,docking_results_3_21.csv,0.03798342,0.017238189,0.15167268,0.038685136,0.094240285,0.019797884,0.020404298,0.15082426,0.033284795,0.031259496,0.05539374,0.05532924,True,1.5775199999999996,1.5775199999999996
204,O=C(N[C@@H1](CO)C1=CC=C(F)C=C1)C2=CC=C3C=CC=CC3=C2,O=C(N[C@@H](CO)c1ccc(F)cc1)c1ccc2ccccc2c1,-8.0,3.442300000000002,0.7753835980969612,2.21070508165543,309.34000000000003,2,2,4,49.33,3,23,0.15518697,0.064851515,True,0.046848883829606,docking_results_3_12.csv,0.029999448,0.011667204,0.13485028,0.051152285,0.15518697,0.030439598,0.022479922,0.112291045,0.019785136,0.034105375,0.1487458,0.027515044,True,3.442300000000002,3.442300000000002
78,CC=CC=CCOC1=CC=C(C=N1)C2=NOC(=N2)[C@@H1]3C[C@H1](O)CN3C(=O)OCC,CC=CC=CCOc1ccc(-c2noc([C@@H]3C[C@H](O)CN3C(=O)OCC)n2)cn1,-8.0,2.9069000000000003,0.7064613370027298,3.721938466054289,400.43500000000023,1,8,7,110.81000000000002,3,29,0.15967834,0.047890957,True,0.0594018311639507,docking_results_3_13.csv,0.038533427,0.024375314,0.07118835,0.026501099,0.06039325,0.017851857,0.022687055,0.15967834,0.029947294,0.031827353,0.030143715,0.06156439,True,2.9069000000000003,2.9069000000000003
133,CC1=CC(Cl)=CC=C1OC2=CC=C(C=N2)C(=O)N3CC4C(CC3)CN(C4)C=O,Cc1cc(Cl)ccc1Oc1ccc(C(=O)N2CCC3CN(C=O)CC3C2)cn1,-8.0,3.386020000000002,0.7391701120025591,3.3279262050437346,399.87800000000027,0,4,4,62.74,4,28,0.17021559,0.060651124,True,0.0483723391916744,docking_results_3_14.csv,0.039618507,0.021870228,0.07838322,0.04914652,0.09635371,0.027522117,0.028150307,0.17021559,0.030647336,0.040885616,0.08315531,0.061864942,True,3.386020000000002,3.386020000000002
237,C1OC=CC=C(NC=NC2=CC=CN=C2O[C@H1](CC3=CC=CC=C3)C(O)=O)C1,O=C(O)[C@@H](Cc1ccccc1)Oc1ncccc1N=CNC1=CC=COCC1,-8.0,3.223600000000001,0.5403423366778304,3.7597991709291136,379.4160000000001,2,5,8,93.03999999999999,3,28,0.17422481,0.060751926,True,0.0526146690973014,docking_results_3_1.csv,0.034157053,0.020842437,0.10540909,0.03415452,0.088755906,0.027192887,0.033109836,0.17422481,0.03343672,0.049689054,0.07711941,0.050931413,True,3.223600000000001,3.223600000000001
159,C/C=C/C1=CC=C(C=C1)[C@@H1]2C[C@@H1]2COC3=NC(C)=CC(CN)=N3,C/C=C/c1ccc([C@@H]2C[C@@H]2COc2nc(C)cc(CN)n2)cc1,-8.0,3.459320000000001,0.8874242589885618,3.4444314403479126,309.413,1,4,6,61.03,3,23,0.18498732,0.08724216,True,,docking_results_3_0_add_B.csv,0.13175024,0.07182925,0.061995838,0.074013084,0.18498732,0.061510045,0.02491823,0.1791829,0.023232676,0.038215395,0.12901902,0.066252,True,3.459320000000001,
201,C1C=CC=CC1NCC2=CN(N=N2)C3=CC=C(Cl)C(CN4C=CN=C4)=C3,Clc1ccc(-n2cc(CNC3C=CC=CC3)nn2)cc1Cn1ccnc1,-8.0,3.139800000000002,0.7276766477954516,3.5178774155278747,366.8560000000001,1,4,6,60.56,4,26,0.19204217,0.07180638,True,0.0546500632328655,docking_results_3_4.csv,0.03134247,0.0173515,0.18703082,0.07163374,0.067914456,0.020352665,0.026747756,0.19204217,0.039293587,0.048763223,0.07964217,0.07956196,True,3.139800000000002,3.139800000000002
174,CC1C=CC=C(CN(C)C(=O)[C@@H1]2CCCC[C@H1]2NC(=O)C3=CC=CN=C3NCC=C)C1,C=CCNc1ncccc1C(=O)N[C@@H]1CCCC[C@H]1C(=O)N(C)CC1=CC=CC(C)C1,-8.0,3.9489000000000027,0.6223292424275899,3.9466196356509062,422.5730000000002,2,4,8,74.33,3,31,0.19231465,0.061560977,True,0.0337396015662046,docking_results_3_1.csv,0.034997597,0.022443429,0.05802925,0.047832847,0.08392062,0.030235818,0.031376153,0.19231465,0.029821375,0.055611704,0.087477624,0.0646706,True,3.9489000000000027,3.9489000000000023
36,C[C@@H1]1CCC[C@@H1]CN1C2=CC=C(C=N2)C=CC=C3CNCCC3,C[C@@H]1CCC[CH]CN1c1ccc(C=CC=C2CCCNC2)cn1,-8.0,3.9876900000000033,0.9148038063291232,3.8325835678750924,310.46500000000015,1,3,3,28.160000000000004,3,23,0.19267136,0.06091542,True,0.0328678164692675,docking_results_3_12.csv,0.03424379,0.02118231,0.06112921,0.056745075,0.077543065,0.027788684,0.03019807,0.19267136,0.030000567,0.057696115,0.07574357,0.066043235,True,3.9876900000000033,3.9876900000000033
74,CC=1C=C(OC2=CC=CC=C2C3=CC=CC(F)=C3)N(CCO)N=1,Cc1cc(Oc2ccccc2-c2cccc(F)c2)n(CCO)n1,-8.0,3.782220000000003,0.7796440080977485,2.287912500246561,312.34400000000005,1,3,5,47.28,3,23,0.19440766,0.054631528,True,0.0377643790116618,docking_results_3_2.csv,0.024789663,0.008899822,0.19440766,0.04839147,0.07894194,0.015076337,0.017446915,0.105937175,0.019059362,0.028573593,0.08213136,0.03192302,True,3.782220000000003,3.782220000000003
33,CCCN1C(CC2=C(C)[NH1]C3=CC=CC=C23)=C(O)C(=O)N(CC(C)C)C1=O,CCCn1c(Cc2c(C)[nH]c3ccccc23)c(O)c(=O)n(CC(C)C)c1=O,-8.0,3.1621200000000016,0.7003257446872583,2.7209392674513264,369.46500000000015,2,3,6,80.02000000000001,3,27,0.20296691,0.080823414,True,0.0541213084661844,docking_results_3_3.csv,0.021089481,0.010313726,0.1849582,0.08905309,0.09082811,0.025648246,0.024306243,0.1835771,0.02669009,0.050018746,0.20296691,0.060431007,True,3.1621200000000016,3.1621200000000016
81,COCC1=NC(N)=NC(N)=C1C2=CC=CC3=C(CCNC3=O)C=CC=C2,COCc1nc(N)nc(N)c1-c1ccccc2c(ccc1)C(=O)NCC2,-8.0,1.8646999999999996,0.7771515909465366,2.8984431632936225,351.41,3,6,3,116.15,3,26,0.20726624,0.040313296,True,0.0547553822772972,docking_results_3_17.csv,0.024127139,0.007112237,0.20726624,0.019604424,0.059222028,0.007833324,0.008356612,0.07239661,0.015556539,0.012344341,0.028860962,0.02107908,True,1.8646999999999996,1.8647
229,O=C(C1=CC=C(F)C=C1F)C2=CC=CC=3C(=O)NCCNC2=3,O=C1NCCNc2c1cccc2C(=O)c1ccc(F)cc1F,-8.0,2.3510999999999997,0.837302137488814,2.4983868807599574,302.2800000000001,2,3,2,58.2,3,22,0.21790953,0.07146144,True,0.0624797894115158,docking_results_3_4.csv,0.028702445,0.013536568,0.21790953,0.051437538,0.07415894,0.01844015,0.021533152,0.16949457,0.025357068,0.032806113,0.1411643,0.062996864,True,2.3510999999999997,2.3511
213,CNS(=O)(=O)C1=CC=CC=C1C2=CC=C3C=CC=C(NC(=O)NC)C3=C2,CNC(=O)Nc1cccc2ccc(-c3ccccc3S(=O)(=O)NC)cc12,-8.0,3.166200000000001,0.6600559619749855,2.1307694262392154,369.4460000000001,3,3,4,87.30000000000001,3,26,0.22425479,0.08620737,True,0.0540235416326513,docking_results_3_3.csv,0.040539887,0.018609967,0.22425479,0.053229067,0.18200573,0.036454394,0.023563342,0.16593494,0.037695497,0.033920113,0.16646561,0.051815204,True,3.166200000000001,3.166200000000001
35,COCC1=CC=CC=C1C=NC=CC=C2C=C(OC)N=C(OC)N=CN2,COCc1ccccc1C=NC=CC=C1C=C(OC)N=C(OC)N=CN1,-8.0,2.7712000000000003,0.7971310920079411,3.9768171817713522,354.41,1,7,6,76.8,2,26,0.22530621,0.07349963,True,0.0613515187811827,docking_results_3_12.csv,0.019087773,0.012826255,0.20823379,0.036894664,0.06204718,0.021540841,0.029434694,0.22530621,0.04025357,0.064540386,0.100662895,0.061167236,True,2.7712000000000003,2.7712000000000003
203,C[C@H1](OC1=CC=C(C=C1)C2=CC=C(C=C2)C#N)C(N)=O,C[C@H](Oc1ccc(-c2ccc(C#N)cc2)cc1)C(N)=O,-8.0,2.47788,0.9231271084146472,2.2700012838932135,266.29999999999995,1,3,4,76.10999999999999,2,20,0.22702165,0.083393574,True,0.0629646918674254,docking_results_3_7.csv,0.08918711,0.047441922,0.13416302,0.041769985,0.22702165,0.056762565,0.036026277,0.14244992,0.04873388,0.039790545,0.089439616,0.04793629,True,2.47788,2.47788
105,CCC(CC)CCC1=CC=2C(=N[NH1]C=2C=N1)C3=NN=CC(=N3)N(C)C(N)=O,CCC(CC)CCc1cc2c(-c3nncc(N(C)C(N)=O)n3)n[nH]c2cn1,-8.0,2.6936,0.6599462419958319,3.4117036946315435,368.44500000000016,2,6,7,126.57,3,27,0.23746745,0.0623724,True,0.0621405491043894,docking_results_3_6.csv,0.021336518,0.010552207,0.23746745,0.042470127,0.06443008,0.014177004,0.015567001,0.15847608,0.03681394,0.02891119,0.05874272,0.059524514,True,2.6936,2.6936
197,CC(C)SC1=CC=C(OC2=CC=C(C=N2)C(=O)N3CCC(CC3)C(=O)N)S1,CC(C)Sc1ccc(Oc2ccc(C(=O)N3CCC(C(N)=O)CC3)cn2)s1,-8.0,3.7734000000000023,0.7395042539803408,2.802307135927091,405.54500000000024,1,6,6,85.52,3,27,0.24273024,0.09253944,True,0.0379884678433986,docking_results_3_12.csv,0.046490327,0.03351254,0.14239283,0.062339332,0.13668841,0.04862591,0.04181101,0.24273024,0.0654147,0.066215456,0.12759848,0.09665403,True,3.7734000000000023,3.7734000000000014
35,CC(=O)C1=CC=C(C)C=C1NC2=CC=CC(=N2)C(=O)N3CCCC3,CC(=O)c1ccc(C)cc1Nc1cccc(C(=O)N2CCCC2)n1,-8.0,3.5722200000000015,0.8737922360427408,2.1211386863429613,323.39600000000013,1,4,4,62.300000000000004,3,24,0.24795215,0.08075077,True,0.0433093635938053,docking_results_3_9.csv,0.027405458,0.01340463,0.24795215,0.059083905,0.1014505,0.025403539,0.024944566,0.17999962,0.036407627,0.043362603,0.15060474,0.05898988,True,3.5722200000000015,3.572220000000001
244,COC1=CC(C(N)=O)=C(Br)C=C1NC(=O)C2=CC=CN=C2N(C3)CCCCC3,COc1cc(C(N)=O)c(Br)cc1NC(=O)c1cccnc1N1CCCCCC1,-8.0,3.5843000000000025,0.730462401816404,2.2569795018194316,447.33300000000037,2,5,5,97.54999999999998,3,28,0.26422822,0.079253785,True,0.0429817473398878,docking_results_3_5.csv,0.027688988,0.014926565,0.26422822,0.049331028,0.07727392,0.020831307,0.023226224,0.19754733,0.040302638,0.039896186,0.120144136,0.07564888,True,3.5843000000000025,3.5843000000000025
213,CCC1CC2=C(C=CC=C2C1N3CCC4=CC=CC=C4C3=O)NC(=O)C=O,CCC1Cc2c(NC(=O)C=O)cccc2C1N1CCc2ccccc2C1=O,-8.0,3.1459,0.6711259395311617,3.437782963877435,362.4290000000001,1,3,4,66.48,4,27,0.27476355,0.10838949,True,0.0545065984680131,docking_results_3_23.csv,0.037334453,0.026090972,0.15591246,0.09467422,0.13023606,0.04963209,0.047737837,0.27476355,0.051163167,0.081095345,0.24555294,0.106480695,True,3.1459,3.1459
12,CC1=CC=C(C=C1C2=CC=C(C=N2)C=CN=C3CSCC(=O)NC3)OC(N)=O,Cc1ccc(OC(N)=O)cc1-c1ccc(C=CN=C2CNC(=O)CSC2)cn1,-8.0,2.789220000000001,0.8264049472522751,3.311563506201125,396.4720000000002,2,6,4,106.66999999999999,3,28,0.27788088,0.1045397,True,0.0611331370540255,docking_results_3_10.csv,0.055624187,0.044148166,0.23785213,0.0483882,0.119508795,0.044297893,0.04832275,0.27788088,0.08810076,0.07032078,0.09806654,0.12196542,True,2.789220000000001,2.789220000000001
19,O=C(NC=1C=C(CN2C=CN=C2)ON=1)C3COC4=CC=CC=C4C3,O=C(Nc1cc(Cn2ccnc2)on1)C1COc2ccccc2C1,-8.0,2.1092000000000004,0.7946192432047243,2.990248117596268,324.3400000000001,1,5,4,82.18,4,24,0.28780118,0.1031662,True,0.0596685925791831,docking_results_3_1.csv,0.050800335,0.02944165,0.28780118,0.0871502,0.12737852,0.03916345,0.041913897,0.21339042,0.07263205,0.05999048,0.12876645,0.09956584,True,2.1092000000000004,2.1092000000000004
132,CCCNC(=O)C1=CC=C(C=C1)C(=O)C=2C(C)=NN(C3=CC=C(F)C=C3F)C=2C#N,CCCNC(=O)c1ccc(C(=O)c2c(C)nn(-c3ccc(F)cc3F)c2C#N)cc1,-8.0,3.7014000000000022,0.6302155290317052,2.4364660623952794,408.4080000000001,1,4,6,87.78,3,30,0.29476,0.10796959,True,0.0398516823037204,docking_results_3_7.csv,0.033387817,0.020828577,0.29476,0.085197344,0.10576283,0.03368395,0.03354048,0.24788167,0.049053326,0.05561747,0.22932395,0.10659774,True,3.7014000000000022,3.701400000000002
217,C[C@H1]C(=O)N(C)C1=CN=C(NS(=O)(=O)C2=CC=C(NC3=CC=CC=C3)C=C2)C=C1,C[CH]C(=O)N(C)c1ccc(NS(=O)(=O)c2ccc(Nc3ccccc3)cc2)nc1,-8.0,3.812990000000002,0.6190996618434752,2.446126272365504,409.4910000000001,2,5,7,91.4,3,29,0.29583216,0.11402459,True,0.0369905152949058,docking_results_3_2.csv,0.032665893,0.017513666,0.27681556,0.0769678,0.2053678,0.05044294,0.03197692,0.21592654,0.04739413,0.053819552,0.29583216,0.06357204,True,3.812990000000002,3.812990000000002
177,N#CC1=C(N)N=CN=C1N2CCC(CCO)(CC2)N3C=C4C=CC(F)=CC4=N3,N#Cc1c(N)ncnc1N1CCC(CCO)(n2cc3ccc(F)cc3n2)CC1,-8.0,1.7973799999999998,0.7074880612556056,3.280174275431893,381.415,2,7,4,116.88000000000001,4,28,0.29825032,0.11207231,True,0.0531365388330998,docking_results_3_1.csv,0.03921217,0.02994284,0.25505418,0.10908539,0.08038143,0.031473998,0.040600847,0.29825032,0.07512975,0.062197458,0.14007378,0.18346561,True,1.7973799999999998,1.7973799999999998
230,C1OC=CC(CNC2=CC=C(C=N2)C(=O)NC3=CC=CC=C3C(=O)NC=O)C=C1O,O=CNC(=O)c1ccccc1NC(=O)c1ccc(NCC2C=COCC(O)=C2)nc1,-8.0,2.2339999999999995,0.5170552399592319,3.6249753147487844,408.41400000000016,4,7,7,129.64999999999998,3,30,0.30606613,0.11040486,True,0.0614121207256805,docking_results_3_27.csv,0.03763402,0.030863572,0.26687962,0.04635061,0.11462805,0.042964112,0.046913713,0.30606613,0.08211685,0.07435638,0.15574345,0.120341815,True,2.2339999999999995,2.2339999999999995
248,CC/[NH1+1]=C(/N=C(\O)C1=CC=CC=C1)C2=CC=C3C=CC=CC3=C2,CC/[NH+]=C(/N=C(\O)c1ccccc1)c1ccc2ccccc2c1,-8.0,2.6917000000000018,0.5670136833070795,2.835215547945131,303.38500000000005,2,0,3,46.56,3,23,0.31108525,0.10160149,True,0.062156711589928,docking_results_3_23.csv,0.014280497,0.0077135097,0.2873323,0.06463914,0.1371953,0.033693787,0.025735004,0.2075024,0.028052673,0.05859646,0.31108525,0.04339164,True,2.6917000000000018,2.6917000000000018
47,C1[C@H1](OC(=O)C2=CC=C(O)N=C2)C=CC3=CC=C4C=C(OCC(N)=O)C=CC4=C3N=C1,NC(=O)COc1ccc2c3c(ccc2c1)C=C[C@@H](OC(=O)c1ccc(O)nc1)CC=N3,-8.0,3.149300000000001,0.6147309185705397,3.6741998600878762,417.4210000000002,2,7,5,124.10000000000001,4,31,0.31241658,0.13603629,True,0.0544262899350021,docking_results_3_20.csv,0.09247457,0.073463865,0.31241658,0.0646328,0.18455525,0.06854757,0.052773543,0.3041592,0.10527418,0.06585655,0.15576999,0.15251131,True,3.149300000000001,3.149300000000001
103,O=C([O-1])C1=CC=C(Cl)C(=C1)C2=CN=C3C=CN=CC3=C2,O=C([O-])c1ccc(Cl)c(-c2cnc3ccncc3c2)c1,-8.0,2.3137,0.7237492810103371,2.6078121516667405,283.694,0,4,2,65.91,3,20,0.3162283,0.082771234,True,0.0622018080257953,docking_results_3_2.csv,0.040653296,0.020009967,0.3162283,0.049847417,0.118377894,0.025925325,0.02503351,0.15324754,0.04434121,0.03228289,0.108810306,0.058497056,True,2.3137,2.3137
21,COC1=CC=C(C=C1C2=CC=C(C=N2)C(=O)N3CCCCC4=CC=CN=C4C(=O)N3)OC,COc1ccc(OC)c(-c2ccc(C(=O)N3CCCCc4cccnc4C(=O)N3)cn2)c1,-8.0,3.284300000000001,0.6800841356402815,3.1486253484323523,432.4800000000002,1,6,4,93.65,4,32,0.32659605,0.08007786,True,0.0510659282810954,docking_results_3_14.csv,0.03539351,0.014794921,0.32659605,0.05353437,0.0990236,0.021279192,0.02000452,0.15301818,0.03692053,0.03152504,0.11190614,0.056938313,True,3.284300000000001,3.284300000000001
254,C12OC=CC(CC(C(=O)NC3=CC=C(C)C=C3)C(O)=O)=CC=C1C=CC2,Cc1ccc(NC(=O)C(CC2=CC=C3C=CCC3OC=C2)C(=O)O)cc1,-8.0,3.749620000000002,0.7923845313717984,3.9143364658530473,351.4020000000001,2,3,5,75.63,3,26,0.33671635,0.08633598,True,0.0385973921725938,docking_results_3_9.csv,0.035240516,0.042515982,0.030348448,0.038162228,0.07956796,0.052397095,0.063032664,0.33671635,0.04056767,0.10918978,0.112774454,0.095518485,True,3.749620000000002,3.749620000000002
249,[NH3+1][C@H1]1CCC[C@@H1]1NC2=NC3=CC=CN=C3N2CCOC4=CC=C(F)C=C4,[NH3+][C@H]1CCC[C@@H]1Nc1nc2cccnc2n1CCOc1ccc(F)cc1,-8.0,2.2242999999999986,0.7097612055238526,3.533999607334609,356.42500000000007,2,4,6,79.61,4,26,0.33745506,0.13523732,True,0.0612981979216108,docking_results_3_1.csv,0.03618717,0.021870054,0.33745506,0.16662577,0.12622198,0.04302015,0.040800456,0.27176446,0.061982013,0.07458782,0.30002037,0.14231254,True,2.2242999999999986,2.2242999999999986
141,C[NH2+1][C@@H1](C1CCCCC1)C2=CC=CC3=CC=CC=C23,C[NH2+][C@H](c1cccc2ccccc12)C1CCCCC1,-8.0,3.6544000000000025,0.860690958040638,3.1592734430153033,254.39700000000005,1,0,3,16.61,3,19,0.3385873,0.08928054,True,0.0410959280406306,docking_results_3_3.csv,0.02005446,0.008791259,0.0735779,0.1214417,0.17929481,0.04860368,0.02537541,0.14694804,0.014412907,0.062606506,0.3385873,0.031672526,True,3.6544000000000025,3.6544000000000025
15,S=C(NC1CCCCC1)NC=2C=NN3C(=CC(=O)[NH1]C=23)C4CCNCC4,O=c1cc(C2CCNCC2)n2ncc(NC(=S)NC3CCCCC3)c2[nH]1,-8.0,2.1087,0.615879534744478,3.03042017772277,374.5140000000002,4,4,3,86.25,4,26,0.34028864,0.117872946,True,0.0596604447664363,docking_results_3_4.csv,0.02589652,0.020925442,0.24060391,0.10562557,0.07499905,0.03296366,0.041897062,0.34028864,0.07007453,0.08679536,0.19972008,0.17468557,True,2.1087,2.1087
95,COC1=CC2=C(N=C(N)N=C2C=C3C=COCC(=O)NCCC=C3)C=C1O,COc1cc2c(C=C3C=CCCNC(=O)COC=C3)nc(N)nc2cc1O,-8.0,1.916,0.7405399741152641,3.9378677939961406,368.39300000000014,3,7,2,119.59000000000002,3,27,0.3569654,0.11240422,True,0.0559232937373031,docking_results_3_10.csv,0.044591814,0.04076113,0.26594537,0.048188724,0.08154103,0.035366822,0.041871592,0.3569654,0.0840151,0.0683684,0.11105842,0.17017666,True,1.916,1.916
210,C[C@H1](NC1=CC(=CC=N1)C(F)(F)F)C2=CC=C(N=C2)C3=CN=C(N)N=C3,C[C@H](Nc1cc(C(F)(F)F)ccn1)c1ccc(-c2cnc(N)nc2)nc1,-8.0,3.7077000000000018,0.7372246509771911,3.0180440461575184,360.343,2,6,4,89.61,3,26,0.3601108,0.100120574,True,0.0396864323164654,docking_results_3_0.csv,0.03202107,0.01601808,0.3601108,0.09646021,0.10680951,0.027409833,0.025941387,0.18982175,0.049580663,0.04377657,0.17102006,0.08247683,True,3.7077000000000018,3.7077000000000018
165,CCC1=NOC(CN(C)C(=O)NC2=CC=CC3=CC=CC(O)=C23)=N1,CCc1noc(CN(C)C(=O)Nc2cccc3cccc(O)c23)n1,-8.0,3.1547000000000023,0.7682092202022531,2.4218751116823256,326.35600000000005,2,5,4,91.49000000000001,3,24,0.38278887,0.1021289,True,0.054298241353356,docking_results_3_1.csv,0.036788166,0.020969419,0.38278887,0.059773695,0.120217726,0.03025754,0.02820271,0.21934272,0.06887161,0.044129044,0.12137205,0.09283329,True,3.1547000000000023,3.1547000000000023
176,C[C@]1(CO)COC(=O)N1C2=CC=NC(=N2)NC(CC#N)(C3=CC=CC=C3)C4=CC=CC=C4,C[C@]1(CO)COC(=O)N1c1ccnc(NC(CC#N)(c2ccccc2)c2ccccc2)n1,-8.0,3.4535800000000023,0.591560312393178,3.6895388935828537,429.48000000000013,2,7,7,111.37,4,32,0.38303536,0.15322681,True,0.0465419790480847,docking_results_3_6.csv,0.038571455,0.03468276,0.18974896,0.15921837,0.17919499,0.07991888,0.07102476,0.34721693,0.080159545,0.11063439,0.38303536,0.16531527,True,3.4535800000000023,3.4535800000000023
137,NS(=O)(=O)CC1=CC=C(NC2=NC=NC3=CC=C(C=C23)CCC=C)C1,C=CCCc1ccc2ncnc(NC3=CC=C(CS(N)(=O)=O)C3)c2c1,-8.0,2.6628000000000007,0.7433460027086616,3.1792193835222538,356.45100000000025,2,5,7,97.97,3,25,0.39961958,0.14409478,True,0.0623835214442718,docking_results_3_1.csv,0.04993994,0.053157084,0.22459012,0.099035285,0.12622696,0.064785615,0.0701938,0.39961958,0.11135245,0.11279241,0.2086568,0.2087874,True,2.6628000000000007,2.6628000000000007
245,CC1=CC(C)=NC(=N1)N=C(C)NC2=CC=CC(=C2)C3=NN=N[NH1]3,CC(=Nc1nc(C)cc(C)n1)Nc1cccc(-c2nnn[nH]2)c1,-8.0,2.4355399999999996,0.568528406081506,2.9155292834633446,308.34900000000005,2,6,3,104.63,3,23,0.40882275,0.072125256,True,0.0628823389140512,docking_results_3_7.csv,0.020448234,0.007968212,0.40882275,0.0463506,0.05952953,0.010936982,0.012269352,0.1348696,0.035034277,0.024767464,0.05694513,0.04756096,True,2.4355399999999996,2.43554
52,COC1=CC=CC(=C1)C=C2C=CC3=C(CCNC3=O)C=CC2=C,C=C1C=CC2=C(C=CC1=Cc1cccc(OC)c1)C(=O)NCC2,-8.0,3.577300000000002,0.9067534894112376,3.215451661085723,305.377,1,2,2,38.33,3,23,0.43517956,0.10859365,True,0.0431715187464847,docking_results_3_28.csv,0.048170418,0.062082093,0.069874346,0.047979284,0.08353204,0.05925066,0.04762109,0.43517956,0.04103353,0.116438195,0.1668742,0.12508842,True,3.577300000000002,3.577300000000002
114,CC1C=2N=CSC=2C(=O)N1C3CCN(CC3)C4=NC5=CC=CC=C5S4,CC1c2ncsc2C(=O)N1C1CCN(c2nc3ccccc3s2)CC1,-8.0,3.9386000000000037,0.6855571914503131,3.3227433481918913,370.503,0,6,2,49.330000000000005,5,25,0.439756,0.1539958,True,0.033975512265356,docking_results_3_4.csv,0.037501335,0.027712863,0.439756,0.16370633,0.08926972,0.03794457,0.05575235,0.3419384,0.09871044,0.09913786,0.24495524,0.21156453,True,3.9386000000000037,3.938600000000004
61,CC1=CC=2SC(N)=C(C)C=2C=C1CCC=NN=CCN3C(=O)C=CN=C3,Cc1cc2sc(N)c(C)c2cc1CCC=NN=CCn1cnccc1=O,-8.0,3.346440000000001,0.535384217586072,3.477253190087362,367.4780000000001,1,6,6,85.63,3,26,0.44753364,0.14696203,True,0.049431965622328,docking_results_3_21.csv,0.035951965,0.026833124,0.44753364,0.117821075,0.10593833,0.0434685,0.053869996,0.33072954,0.0953821,0.10405061,0.23815814,0.16380726,True,3.346440000000001,3.346440000000001
59,CNC(C1=CC2=CC=CC=C2OC1=O)=C(C(N)=O)C3=CC=CC=C3,CNC(=C(C(N)=O)c1ccccc1)c1cc2ccccc2oc1=O,-8.0,2.3660000000000005,0.5706895572813253,2.491114025709475,320.34799999999996,2,4,4,85.33000000000001,3,24,0.46663874,0.15838061,True,0.06257364874811,docking_results_3_6.csv,0.032630164,0.025211422,0.46663874,0.0924961,0.19078417,0.06179776,0.050273616,0.32871714,0.093554296,0.09093317,0.34497067,0.122559965,True,2.3660000000000005,2.3660000000000005
162,CC1OC=CC=C2N=C(NC(=O)CCCN3C(=O)C4=CC=CC=C4C3=O)SC2=C1,CC1C=c2sc(NC(=O)CCCN3C(=O)c4ccccc4C3=O)nc2=CC=CO1,-8.0,1.6513999999999998,0.7589704157537531,3.6309696606518926,409.4670000000001,1,6,5,88.6,4,29,0.4759921,0.19232403,True,0.0493744648436608,docking_results_3_5.csv,0.04388437,0.04970313,0.35115227,0.13371286,0.1439988,0.08004958,0.08809808,0.4759921,0.1395984,0.14870031,0.3852395,0.26775894,True,1.6513999999999998,1.6513999999999998
35,CC1=CC=C(C=C1C2=CC=C(C=N2)C(=O)NC3=CC=C(C=C3)C#N)C=O,Cc1ccc(C=O)cc1-c1ccc(C(=O)Nc2ccc(C#N)cc2)cn1,-8.0,3.9935000000000027,0.7273023845412265,2.127271901106072,341.37000000000006,1,4,4,82.85,3,26,0.48761576,0.18873334,True,0.032739551942533,docking_results_3_11.csv,0.05634846,0.044261985,0.48761576,0.1286444,0.2690654,0.09959055,0.06040815,0.34745404,0.1260414,0.09877255,0.39499715,0.15160008,True,3.9935000000000027,3.9935000000000023
199,CC[C@H1]1CN(CC2=CC=C3N=CC=CC3=C2)CCN1C(N)=O,CC[C@H]1CN(Cc2ccc3ncccc3c2)CCN1C(N)=O,-7.9,2.2097,0.9447052350001892,2.6956659885456755,298.39000000000004,1,3,3,62.46,3,22,0.06112088,0.023002742,True,0.0484838782289476,docking_results_3_7.csv,0.030136488,0.010015268,0.03864976,0.0121668335,0.06112088,0.00786187,0.0078007495,0.060704216,0.010932108,0.010471902,0.009671993,0.01650087,True,2.2097,2.2097
75,C[C@]1(CNCCN1C2=CC=C(F)C(Cl)=C2)C3=CC=CC=C3,C[C@@]1(c2ccccc2)CNCCN1c1ccc(F)c(Cl)c1,-7.9,3.804100000000002,0.9075439047741044,2.935968229813067,304.796,1,2,2,15.27,3,21,0.064036645,0.029557884,True,0.0295194968127677,docking_results_3_3.csv,0.019231655,0.0053085173,0.046435434,0.037909493,0.06282634,0.010404189,0.010825008,0.064036645,0.006355294,0.019149335,0.05767282,0.014539877,True,3.804100000000002,3.804100000000002
76,COC1=CC=CC=C1C2=CC=CC(=N2)C(=O)N3CCCCN(CC(O)=O)CC3,COc1ccccc1-c1cccc(C(=O)N2CCCCN(CC(=O)O)CC2)n1,-7.9,2.3798000000000004,0.8536039190656861,2.0755744677395853,383.4480000000002,1,5,5,82.97,3,28,0.06652341,0.020407561,True,0.0496993711267369,docking_results_3_16.csv,0.025594791,0.009602402,0.026023025,0.0077826343,0.05156312,0.007056134,0.0077983034,0.06652341,0.008979736,0.009717278,0.008853076,0.015396812,True,2.3798000000000004,2.3798000000000004
184,CC=1C=CC(=O)N(N=1)C2=CC=C3C=C(CCNC3=O)C=CC=C2,Cc1ccc(=O)n(-c2ccccc3cc(cc2)C(=O)NCC3)n1,-7.9,1.95122,0.8756121834221419,3.504026119658879,307.353,1,3,1,63.99,3,23,0.06812828,0.021092407,True,0.0449680577751951,docking_results_3_17.csv,0.027417826,0.006264498,0.06812828,0.0108793,0.055643402,0.0058013108,0.006022648,0.037616298,0.0066482606,0.0076947184,0.012686087,0.008306252,True,1.95122,1.95122
108,O=C(N1CCC(CC1)N2CCCC2)C3=CC4=CC=CC=C4[NH1]3,O=C(c1cc2ccccc2[nH]1)N1CCC(N2CCCC2)CC1,-7.9,2.8683000000000005,0.9255585904319967,2.0845323512695977,297.402,1,2,2,39.34,4,22,0.07006124,0.022323072,True,0.0476163524673403,docking_results_3_4.csv,0.01929594,0.006446405,0.0419529,0.017586578,0.04267023,0.006314903,0.0076356493,0.07006124,0.00799902,0.012259265,0.01726303,0.01839171,True,2.8683000000000005,2.8683000000000005
192,CC=C1C=C(CNC(=O)C2(C)CCN2S(=O)(=O)C3=CC=CC=C3C)C1,CC=C1C=C(CNC(=O)C2(C)CCN2S(=O)(=O)c2ccccc2C)C1,-7.9,2.540720000000001,0.8774321612304667,3.52161177315935,360.4790000000001,1,3,5,66.48,3,25,0.07027339,0.020317404,True,0.0499266460036122,docking_results_3_4.csv,0.019164406,0.007814199,0.007906038,0.013190546,0.04971952,0.009691501,0.010286476,0.07027339,0.004467277,0.015588775,0.023549786,0.0121569475,True,2.540720000000001,2.540720000000001
173,CC1=CC(C)=NC(=N1)N2CCCN(CC2)C=CC=CC=CC=CCNC(O)C,Cc1cc(C)nc(N2CCCN(C=CC=CC=CC=CCNC(C)O)CC2)n1,-7.9,2.7157400000000003,0.5315740171287695,3.766579269428176,383.5400000000001,2,6,8,64.52000000000001,2,28,0.08076649,0.015787018,True,0.0491353946000321,docking_results_3_16.csv,0.01182807,0.006224979,0.011263742,0.0068090796,0.01841845,0.0045073037,0.007998634,0.08076649,0.005924475,0.018382015,0.004698428,0.012622565,True,2.7157400000000003,2.7157400000000003
123,NC(=O)[C@H1]1CC2=CC=CC=C2CN1C(=O)C3=CC=CC=C3,NC(=O)[C@H]1Cc2ccccc2CN1C(=O)c1ccccc1,-7.9,1.7389999999999999,0.9103734062709177,2.3094505375053753,280.327,1,2,2,63.400000000000006,3,21,0.085222885,0.01915734,True,0.040985240245361,docking_results_3_7.csv,0.03452353,0.008374147,0.018575463,0.0072114365,0.085222885,0.008027975,0.0068416293,0.032479424,0.0049997764,0.0069698263,0.010871616,0.0057903803,True,1.7389999999999999,1.739
256,CN(CC[C@H1](N)C(N)=O)C[C@H1]1CC2=CC=CC=C2CN1C(=O)OCC3=CC=CC=C3,CN(CC[C@H](N)C(N)=O)C[C@H]1Cc2ccccc2CN1C(=O)OCc1ccccc1,-7.9,1.8846000000000014,0.691899046738678,3.1952473537527455,410.5180000000002,2,5,8,101.89,3,30,0.08909839,0.023134798,True,0.0438005310844128,docking_results_3_4.csv,0.03204908,0.0101197595,0.019124324,0.011517852,0.08909839,0.0110689085,0.009115027,0.051460974,0.008271378,0.011632873,0.013605521,0.010553466,True,1.8846000000000014,1.8846000000000012
79,O=C1C[C@@H1](C(=O)N2CCC[C@@H1]2C3=NC=CC=N3)C4=CC=CC=C4N1,O=C1C[C@@H](C(=O)N2CCC[C@@H]2c2ncccn2)c2ccccc2N1,-7.9,2.2661,0.9200959786030356,3.2492468489864743,322.36800000000005,1,4,2,75.19,4,24,0.09672392,0.040379476,True,0.0489933518089271,docking_results_3_16.csv,0.048800938,0.020575238,0.06173092,0.02917368,0.08467343,0.016641146,0.017793352,0.09672392,0.019453099,0.020445451,0.032899346,0.035643198,True,2.2661,2.2661
8,CCN1N=CN=C1[C@H1]C2=CC=C(C=C2C=CN)CC3=CC=C(C=C3)S(C)(=O)=O,CCn1ncnc1[CH]c1ccc(Cc2ccc(S(C)(=O)=O)cc2)cc1C=CN,-7.9,2.8223900000000013,0.6642053759100038,3.121517573873958,395.5080000000001,1,5,7,90.87,3,28,0.09862192,0.039571334,True,,docking_results_3_0_add_B.csv,0.024270914,0.009746012,0.06824819,0.03284639,0.072603166,0.015215821,0.016370183,0.09862192,0.0113113,0.024609288,0.076919705,0.024093159,True,2.8223900000000013,
197,CC(C)[C@H1](NC(=O)C1=CC=C(Cl)C(Cl)=C1)C(=O)N[C@@H1](C(N)=O)C2=CC=CC(Cl)=C2,CC(C)[C@H](NC(=O)c1ccc(Cl)c(Cl)c1)C(=O)N[C@@H](C(N)=O)c1cccc(Cl)c1,-7.9,3.7440000000000015,0.5912342203657737,2.8520529310147236,456.7570000000002,3,3,7,101.28999999999999,2,29,0.10236038,0.04270521,True,,docking_results_3_0_add_B.csv,0.025152035,0.0097267255,0.068425186,0.031976197,0.08727235,0.018275896,0.017916925,0.10236038,0.014326934,0.027668428,0.08369108,0.025670368,True,3.7440000000000015,
153,C[C@H1]1OCC[C@@H1]1NS(=O)(=O)C2=CC=CC(NC(=O)C3=CC=CC=C3F)=C2,C[C@H]1OCC[C@@H]1NS(=O)(=O)c1cccc(NC(=O)c2ccccc2F)c1,-7.9,2.5337000000000005,0.8374071716207147,2.9346174016887776,378.42500000000007,2,4,5,84.5,3,26,0.10370729,0.0410104,True,0.0499359604051871,docking_results_3_0.csv,0.03215833,0.010865854,0.055168506,0.0342138,0.10370729,0.01814839,0.014775735,0.08386371,0.010676262,0.019595169,0.08633351,0.022618217,True,2.5337000000000005,2.5337000000000005
162,CC[NH2+1][C@@H1](CC1=CC(F)=CC(F)=C1)C(=O)N(C)C(=O)N(C=O)C2=CC=CC(C)=C2,CC[NH2+][C@@H](Cc1cc(F)cc(F)c1)C(=O)N(C)C(=O)N(C=O)c1cccc(C)c1,-7.9,2.00902,0.7177604156281623,3.984668868779435,404.4370000000001,1,3,7,74.30000000000001,2,29,0.10685072,0.038721267,True,0.0459044071301831,docking_results_3_2.csv,0.018914467,0.0077172304,0.049864005,0.0361213,0.06327309,0.015322743,0.017684262,0.10685072,0.010654361,0.03277229,0.081594765,0.023885967,True,2.00902,2.00902
170,C[NH1+1](CCCCN1CCC(CC1)C2=CC=C3C=CC=C(O)C3=C2)C(N)=O,C[NH+](CCCCN1CCC(c2ccc3cccc(O)c3c2)CC1)C(N)=O,-7.9,2.0984,0.6943350680453195,3.4837107308611897,356.4900000000001,3,3,6,71.0,3,26,0.10959661,0.035493277,True,0.0471916600068308,docking_results_3_20.csv,0.025382971,0.010931908,0.035019204,0.026641777,0.079122186,0.016267316,0.013982376,0.10959661,0.012703328,0.02364348,0.04556229,0.027065882,True,2.0984,2.0984
139,CC[C@H1](C1)C(=O)NC2=CC=CN=C2N(C[C@H1](N)C3=CC=CC=C3)C1=O,CC[C@@H]1CC(=O)N(C[C@H](N)c2ccccc2)c2ncccc2NC1=O,-7.9,2.4830000000000005,0.8962528800723171,3.297828444770065,338.41100000000006,2,4,4,88.32,3,25,0.10972911,0.048011884,True,0.0499510612506338,docking_results_3_5.csv,0.040622063,0.016368356,0.0878261,0.037070014,0.10173234,0.0198301,0.018845491,0.10972911,0.022266915,0.024146356,0.059788883,0.037916858,True,2.4830000000000005,2.4830000000000005
87,CC1=CC=C(Cl)C=C1C(=O)NCCCCN2CCN(CC2)C3=NC4=CC=CC=C4[NH1]3,Cc1ccc(Cl)cc1C(=O)NCCCCN1CCN(c2nc3ccccc3[nH]2)CC1,-7.9,3.8569200000000023,0.5640579747259877,2.2109928656294375,425.96400000000017,2,4,7,64.26,4,30,0.11462047,0.04057667,True,0.0284848084442014,docking_results_3_4.csv,0.02220465,0.0094473185,0.09720851,0.034976814,0.059552696,0.012308621,0.015027003,0.11462047,0.018760657,0.025931628,0.042595617,0.034286015,True,3.8569200000000023,3.8569200000000015
120,CC1=NOC(CCC2=NC3=CC(F)=CC=C3N2C4CCCC4)=N1,Cc1noc(CCc2nc3cc(F)ccc3n2C2CCCC2)n1,-7.9,3.767120000000002,0.7353749979336718,2.442995341286119,314.3640000000002,0,4,4,56.74,4,23,0.11469431,0.04218376,True,0.0302618402316695,docking_results_3_7.csv,0.026274964,0.011135835,0.11469431,0.048462864,0.041354924,0.010002218,0.014936523,0.111728296,0.016442122,0.02478765,0.04129693,0.04508849,True,3.767120000000002,3.767120000000002
125,C[NH1+1](CCN1CCCCC1)C2=CC=C3C=CC=CC3=C2,C[NH+](CCN1CCCCC1)c1ccc2ccccc2c1,-7.9,2.4718999999999998,0.8957719677842124,3.4631096094659455,269.41200000000003,1,1,4,7.680000000000001,3,20,0.11702082,0.04585904,True,0.0499421320223564,docking_results_3_5.csv,0.016706677,0.0064893328,0.06250106,0.054898456,0.09074619,0.01838353,0.015238937,0.11702082,0.0141021265,0.03345822,0.09438335,0.02637978,True,2.4718999999999998,2.4719
100,O=C(CCN1C(=O)CCCC1=O)C2=CC=C3C=CC=CC3=C2,O=C(CCN1C(=O)CCCC1=O)c1ccc2ccccc2c1,-7.9,2.9517000000000015,0.6434377001820013,1.9822969835603814,295.338,0,3,4,54.45,3,22,0.12547727,0.04888508,True,0.0464954894831711,docking_results_3_7.csv,0.052585598,0.027884996,0.05812653,0.026917642,0.100448385,0.025171438,0.027548002,0.12547727,0.024153035,0.031517882,0.047155555,0.039634664,True,2.9517000000000015,2.951700000000001
117,COC1=CC(OC)=CC(=O)N(CC(=O)NCC2=CC=CC=C2Cl)C(=O)CC=C1,COC1=CC(=O)N(CC(=O)NCc2ccccc2Cl)C(=O)CC=CC(OC)=C1,-7.9,2.3319,0.7354039142313511,3.3152023315583534,404.8500000000001,1,5,6,84.94,2,28,0.13411114,0.0350551,True,0.0494556036150337,docking_results_3_5.csv,0.02722442,0.016682224,0.03439956,0.013544484,0.051250964,0.015088393,0.021594983,0.13411114,0.017941551,0.0334138,0.025043122,0.030366553,True,2.3319,2.3319
128,C[C@@H1](OC1=CC=C(OC2=CC=CC=C2)C=C1)S(=O)(=O)C3=C(C)C=NN3C,Cc1cnn(C)c1S(=O)(=O)[C@@H](C)Oc1ccc(Oc2ccccc2)cc1,-7.9,3.719520000000002,0.659463442165906,2.9567681768213756,372.44600000000014,0,5,6,70.42000000000002,3,26,0.14341944,0.057153445,True,0.031236641001563,docking_results_3_0.csv,0.035221726,0.014137466,0.09238314,0.051810633,0.14341944,0.029273583,0.02143515,0.10783206,0.018154314,0.03249545,0.11305444,0.026623921,True,3.719520000000002,3.719520000000002
49,CC(C)(C)C(=O)NCC1=CC=C(C2=C1)C=CC=CCNC(=O)C2=C,C=C1C(=O)NCC=CC=Cc2ccc(CNC(=O)C(C)(C)C)cc21,-7.9,3.061300000000001,0.8215485921228955,3.4999708399443428,324.4240000000001,2,2,2,58.2,2,24,0.14751324,0.039823387,True,0.0447554955618805,docking_results_3_23.csv,0.022561306,0.013029066,0.04035757,0.022598052,0.06211987,0.01793777,0.018999377,0.14751324,0.015954688,0.035180904,0.049628276,0.03200055,True,3.061300000000001,3.061300000000001
188,O=C(NCCN1CCN(CC1)C2=NSC3=CC=CC=C23)C4CCCCC4,O=C(NCCN1CCN(c2nsc3ccccc23)CC1)C1CCCCC1,-7.9,3.1148000000000016,0.8760820412668084,2.230362955997128,372.53800000000024,1,5,5,48.470000000000006,4,26,0.15785587,0.04493633,True,0.0438114304505588,docking_results_3_2.csv,0.025586884,0.014480178,0.05425641,0.037981942,0.061040204,0.016169,0.019713553,0.15785587,0.024140041,0.03386959,0.039383687,0.05475863,True,3.1148000000000016,3.1148000000000016
80,COC(=O)CC1=CC=CC(=C1)NC(=O)C2CCC2NC(=O)C3=CC=C(Cl)C=N3,COC(=O)Cc1cccc(NC(=O)C2CCC2NC(=O)c2ccc(Cl)cn2)c1,-7.9,2.5976,0.7249241135889518,2.9688099051411054,401.8500000000001,2,5,6,97.39,3,28,0.16456386,0.06853268,True,0.0497866672614784,docking_results_3_1.csv,0.034660894,0.01828606,0.1520902,0.043830656,0.10870958,0.02978118,0.030158203,0.16456386,0.037942696,0.048333965,0.10219716,0.051837802,True,2.5976,2.5976
185,CCC([NH3+1])(C)C=CN=CC1=CC=C2C=C(OCC(O)=O)C=CC2=C1,CCC(C)([NH3+])C=CN=Cc1ccc2cc(OCC(=O)O)ccc2c1,-7.9,2.6464,0.766507536257091,3.6203916728427865,327.404,2,3,7,86.53,2,24,0.16747922,0.06986808,True,0.0495758624582415,docking_results_3_12.csv,0.039537713,0.021914542,0.123298794,0.03689528,0.14923006,0.03919293,0.029496413,0.16747922,0.038733773,0.04810354,0.10042648,0.04410822,True,2.6464,2.6464
4,O=C1/C(=C/C2=CC=CC=C2OCC3=CC=CC=C3)S(=O)(=O)N1,O=C1NS(=O)(=O)/C1=C\c1ccccc1OCc1ccccc1,-7.9,2.0660999999999996,0.8767260404751834,2.4053826978460986,315.35,1,4,4,72.47,3,22,0.17082588,0.057042662,True,0.0467504638886082,docking_results_3_5.csv,0.027017314,0.01785434,0.037397027,0.03481179,0.09704044,0.030691577,0.03515826,0.17082588,0.01718014,0.047928,0.12913442,0.039472755,True,2.0660999999999996,2.0661
221,O=C([C@@H1]1CCCN1C(=O)C2=CC=C(Cl)C=C23)NC=CC4=CC=CC=C34,O=C1NC=Cc2ccccc2-c2cc(Cl)ccc2C(=O)N2CCC[C@@H]12,-7.9,3.712100000000002,0.7853338819173595,3.3595881472461286,352.8210000000001,1,2,0,49.410000000000004,4,25,0.17537329,0.07415119,True,0.0313903657777759,docking_results_3_10.csv,0.041690692,0.020771988,0.16440618,0.059207663,0.102410235,0.026191965,0.029541377,0.17537329,0.034205332,0.03877357,0.12607339,0.07116852,True,3.712100000000002,3.712100000000002
115,CC1=CC=C(CN(C)C(=O)C2=CC([N+1](=O)[O-1])=CC=C2N3N=CC=N3)C=C1,Cc1ccc(CN(C)C(=O)c2cc([N+](=O)[O-])ccc2-n2nccn2)cc1,-7.9,2.756120000000001,0.5202591200952591,2.355033493678624,351.36600000000004,0,5,5,94.16,3,26,0.17555834,0.0614323,True,0.0488048446797455,docking_results_3_3.csv,0.017985689,0.007818049,0.17555834,0.04373887,0.09290176,0.017779991,0.014592174,0.1475882,0.022166744,0.026093239,0.13424195,0.036722604,True,2.756120000000001,2.756120000000001
26,CCOCCNC1=NC=C(C=N1)C2=CC=C(F)C(=C2)C(=O)N3CCCCCC3,CCOCCNc1ncc(-c2ccc(F)c(C(=O)N3CCCCCC3)c2)cn1,-7.9,3.7473000000000027,0.7343531522564776,2.299922074577193,386.4710000000003,1,5,7,67.35,3,28,0.18026516,0.07364511,True,0.0306652486566912,docking_results_3_7.csv,0.036435336,0.018605174,0.16696662,0.06719252,0.0976097,0.027377967,0.02622537,0.18026516,0.038525846,0.04514961,0.10887508,0.07051286,True,3.7473000000000027,3.7473000000000023
59,C1CCN(CCC(=O)NC2=CC=C3C=CC=C(C(=N)N)C3=C2C)C1,Cc1c(NC(=O)CCN2CCCC2)ccc2cccc(C(=N)N)c12,-7.9,2.8566900000000004,0.5840669276466203,2.26747420670495,324.42800000000017,3,3,5,82.21000000000001,3,24,0.18076017,0.060997177,True,0.0477569750384867,docking_results_3_27.csv,0.024902984,0.013419212,0.17200257,0.037102647,0.06504788,0.016955607,0.019033803,0.18076017,0.029439183,0.034343455,0.07653447,0.062424112,True,2.8566900000000004,2.8566900000000004
243,O=C(NCCC1=CC=C(C=C1)C2=CC=CC=C2)[C@@H1]3CCC[C@H1](O)C3,O=C(NCCc1ccc(-c2ccccc2)cc1)[C@@H]1CCC[C@H](O)C1,-7.9,3.5634000000000023,0.8836675408542696,2.545741574261198,323.43600000000015,2,2,5,49.33,3,24,0.1905245,0.07404522,True,0.0345456979616401,docking_results_3_6.csv,0.052459814,0.025458558,0.04992382,0.06653413,0.1905245,0.052168563,0.033493493,0.13868725,0.020909235,0.046370223,0.16985697,0.04215617,True,3.5634000000000023,3.5634000000000023
60,CCC(C)(C)C(=O)N(C1CC1)C2=CC=C(C=C2)C(=O)NC3CCNCC3,CCC(C)(C)C(=O)N(c1ccc(C(=O)NC2CCNCC2)cc1)C1CC1,-7.9,3.1000000000000014,0.8223188758038399,2.5332910279252,357.4980000000001,2,3,6,61.440000000000005,3,26,0.19469716,0.06828175,True,0.0440781620182429,docking_results_3_15.csv,0.018815203,0.010657256,0.057238292,0.07238232,0.09412731,0.031226823,0.023307154,0.19469716,0.01813902,0.056706488,0.19211404,0.049969885,True,3.1000000000000014,3.1000000000000014
175,O=C(C1=CC=C(C=C1)OC2CC2)N3CCCCCC3,O=C(c1ccc(OC2CC2)cc1)N1CCCCCC1,-7.9,3.2440000000000024,0.8336360702979265,1.7163250274406021,259.34899999999993,0,2,3,29.54,3,19,0.19717489,0.083669364,True,0.0413291489941439,docking_results_3_1.csv,0.047804512,0.02758316,0.05585039,0.080568925,0.15482487,0.05460921,0.036797453,0.19717489,0.028994413,0.060469914,0.19475502,0.06459962,True,3.2440000000000024,3.2440000000000024
30,CCCS(=O)(=O)N(C)C1=CC=C(Cl)C(=C1)C2=CC=C(C=C2)C(=O)NCCNCC,CCCS(=O)(=O)N(C)c1ccc(Cl)c(-c2ccc(C(=O)NCCNCC)cc2)c1,-7.9,3.5223000000000013,0.5572083282000653,2.361163190751993,437.9930000000002,2,4,10,78.51,2,29,0.20536438,0.082523614,True,0.0354334900040786,docking_results_3_6.csv,0.030407334,0.017619785,0.13067153,0.0723207,0.12540077,0.03893076,0.033082515,0.20536438,0.035934515,0.06366755,0.17345728,0.063426286,True,3.5223000000000013,3.5223000000000013
19,CC1=CC=C(C2=C1C=CC=CC3=C(CCNC3=O)C=N2)C(=O)C(=O)NC4=NC=NCO4,Cc1ccc(C(=O)C(=O)NC2=NC=NCO2)c2ncc3c(ccccc12)C(=O)NCC3,-7.9,1.624419999999999,0.568023297441211,3.760414726120719,417.4250000000001,2,7,2,122.11,4,31,0.21933712,0.07974504,True,0.0385945547087306,docking_results_3_29.csv,0.039082985,0.024001546,0.21933712,0.042896353,0.08816349,0.025033388,0.02929858,0.21619803,0.048032053,0.040780816,0.095542625,0.0885735,True,1.624419999999999,1.624419999999999
172,C1C=C(C2=NOC(=N2)C3=CC=CC=C3F)C(=O)N(C4CC4)C1,O=C1C(c2noc(-c3ccccc3F)n2)=CCCN1C1CC1,-7.9,2.6538000000000004,0.8739459180505539,2.6727497308131323,299.3050000000001,0,4,3,59.230000000000004,4,22,0.22153947,0.0712454,True,0.0495366721535097,docking_results_3_8.csv,0.03381543,0.022053394,0.12313245,0.0630245,0.06211161,0.021528011,0.03040474,0.22153947,0.034610417,0.04556413,0.09571839,0.10144236,True,2.6538000000000004,2.6538000000000004
244,CN(C[C@H1]1CCCN1)C2=CC=C3C=CC=CC3=C2,CN(C[C@H]1CCCN1)c1ccc2ccccc2c1,-7.9,3.0280000000000014,0.8868413148882976,2.6223158844294154,240.35000000000005,1,2,3,15.27,3,18,0.23116829,0.084450446,True,0.0453133920916713,docking_results_3_8.csv,0.031075474,0.012389314,0.23116829,0.0870467,0.1586558,0.032641742,0.02258336,0.15094088,0.035831705,0.04405081,0.15828122,0.048740007,True,3.0280000000000014,3.0280000000000014
62,O=C(NC12CC3CC(CC(C3)C1)C2)C4=CC=CC=C4,O=C(NC12CC3CC(CC(C3)C1)C2)c1ccccc1,-7.9,3.385200000000002,0.8620318071507701,3.1688950484293343,255.361,1,1,2,29.1,5,19,0.23971827,0.06476944,True,0.0383894384676465,docking_results_3_3.csv,0.0182129,0.00801611,0.033782292,0.07716352,0.12379307,0.034284938,0.022953924,0.12956837,0.010425794,0.051899076,0.23971827,0.027415061,True,3.385200000000002,3.385200000000002
168,CC1[C@@H1](C)CC(=O)N=C1NC(=O)NC=2SC(C3=CC=CC=C3)=CC=2C(=O)O,CC1C(NC(=O)Nc2sc(-c3ccccc3)cc2C(=O)O)=NC(=O)C[C@@H]1C,-7.9,3.8358000000000017,0.7458803837197697,3.485563391449862,385.4450000000001,3,4,3,107.86,3,27,0.2668602,0.101969756,True,0.028894717429556,docking_results_3_1.csv,0.031283833,0.021823537,0.2162807,0.052878857,0.123804346,0.038913473,0.037195455,0.2668602,0.05338011,0.058153763,0.22327983,0.099782966,True,3.8358000000000017,3.8358000000000017
113,CN1C=C(N=C1CCN(C=O)C2=CC=C(C=C2)C3=CC=NC=C3)C(=O)NCC4CC4,Cn1cc(C(=O)NCC2CC2)nc1CCN(C=O)c1ccc(-c2ccncc2)cc1,-7.9,2.827400000000001,0.5573457082244618,2.82568548175429,403.4860000000002,1,4,9,80.12,4,30,0.27559105,0.11949259,True,0.0480941181383645,docking_results_3_2.csv,0.039536707,0.026888289,0.26472244,0.10685542,0.13589552,0.04920173,0.04641866,0.27559105,0.06979881,0.08218157,0.22043268,0.11638818,True,2.827400000000001,2.827400000000001
115,O=C(C[C@@H1]1NCCN1C2=CC=CC=C2)C3=NC4=CC=CC=C4S3,O=C(C[C@@H]1NCCN1c1ccccc1)c1nc2ccccc2s1,-7.9,3.3050000000000015,0.7483614394639773,3.058671124436178,323.42100000000005,1,5,4,45.230000000000004,4,23,0.283307,0.10209494,True,0.0400806295023566,docking_results_3_5.csv,0.05098925,0.028353006,0.283307,0.088974215,0.13650236,0.037909597,0.040921994,0.20806165,0.06672947,0.058662027,0.12799984,0.09672892,True,3.3050000000000015,3.305000000000001
234,O=[S@](CCN1C=CN=C1)C2=CC=C3C=CC=CC3=C2,O=[S@](CCn1ccnc1)c1ccc2ccccc2c1,-7.9,2.844100000000001,0.7304023339276434,2.89598882763069,270.357,0,2,4,34.89,3,19,0.29717812,0.14466782,True,0.0479050140832062,docking_results_3_7.csv,0.0625708,0.04250645,0.24754193,0.14580135,0.26857278,0.095705055,0.06255528,0.24820045,0.07538847,0.09601377,0.29717812,0.0939794,True,2.844100000000001,2.844100000000001
35,COC(=O)N1CCCC(C1)OC2=CC=NC=3N(C=NC2=3)C4=CC=C(Br)C=N4,COC(=O)N1CCCC(Oc2ccnc3c2ncn3-c2ccc(Br)cn2)C1,-7.9,3.1876000000000015,0.6325390244621218,3.1494586185561957,432.2780000000001,0,6,3,82.36999999999999,4,27,0.30286214,0.10419372,True,0.0424437757425574,docking_results_3_4.csv,0.045161564,0.029773412,0.30286214,0.08064459,0.10264029,0.031820625,0.03686001,0.24794221,0.08077536,0.052185744,0.10308659,0.13657203,True,3.1876000000000015,3.187600000000001
91,OC1=CC=C(Cl)C=C1NCN(O2)C=CC=CC=3[NH1]C(=O)OC2=3,O=c1[nH]c2ccccn(CNc3cc(Cl)ccc3O)oc2o1,-7.9,3.068600000000001,0.6441620532717329,3.2256464341098336,321.7200000000001,3,5,3,96.33,3,22,0.30890703,0.07842904,True,0.044630041352854,docking_results_3_5.csv,0.033741288,0.01514893,0.30890703,0.048614275,0.10551157,0.022382455,0.022080002,0.15152073,0.04042395,0.031451855,0.10620697,0.05515954,True,3.068600000000001,3.068600000000001
183,C[C@H1](CNC(=O)NC=CC1=CC=C(C=C1)C2=CN=CC=N2)NC3=CC=CC=C3,C[C@H](CNC(=O)NC=Cc1ccc(-c2cnccn2)cc1)Nc1ccccc1,-7.9,3.914100000000003,0.5865697240114153,2.962642322899095,373.46000000000004,3,4,7,78.94,3,28,0.32958344,0.11364318,True,0.0274023597711518,docking_results_3_19.csv,0.04561752,0.02621644,0.32958344,0.07532664,0.18412647,0.051786114,0.04234405,0.2222951,0.077362105,0.0735284,0.16040541,0.0751264,True,3.914100000000003,3.914100000000003
99,C1[C@H1](OC2=CC=CC(=C2)C3=CC=CC(O)=C3)C(=O)NC1=O,O=C1C[C@H](Oc2cccc(-c3cccc(O)c3)c2)C(=O)N1,-7.9,1.8530999999999997,0.8429395235751085,2.7246182298130677,283.283,2,4,3,75.63,3,21,0.33621293,0.17003994,True,0.0432192887187615,docking_results_3_27.csv,0.100663446,0.08140501,0.2623736,0.10072737,0.28858778,0.11621367,0.07316481,0.33621293,0.11032256,0.08803079,0.31976837,0.16300902,True,1.8530999999999997,1.8531
214,C1OC=CC=C1COC2=CC=C(C=C2)C(=O)NC3=CC=C(C=C3)S(=O)(=O)C=C,C=CS(=O)(=O)c1ccc(NC(=O)c2ccc(OCC3=CC=COC3)cc2)cc1,-7.9,3.7052000000000023,0.7703139143437813,2.7412888908165094,397.45200000000017,1,5,7,81.69999999999999,3,28,0.3610114,0.13950454,True,0.0315337144181986,docking_results_3_13.csv,0.06906912,0.072891265,0.10890215,0.0735874,0.21982953,0.10950054,0.07494151,0.3610114,0.079296686,0.10513018,0.27017352,0.1297211,True,3.7052000000000023,3.7052000000000014
158,COC=CC1=C(CNC2=NC=C(C=N2)C(=O)NC3=CC=CC(=C3)C(O)=O)C=C1,COC=CC1=C(CNc2ncc(C(=O)Nc3cccc(C(=O)O)c3)cn2)C=C1,-7.9,2.865500000000001,0.6053440854491624,2.954832929278048,378.3880000000001,3,6,8,113.44,3,28,0.3655,0.111681074,True,0.0476506241507003,docking_results_3_5.csv,0.034340974,0.03605556,0.21058838,0.0431802,0.09825899,0.0458946,0.04782535,0.3655,0.08039604,0.08585434,0.16132723,0.13095132,True,2.865500000000001,2.865500000000001
133,CC(C)(CO)C1=CC=C(C=C1)C2=CC=CC3=C(C=NN23)C4=CC=C(C=C4)S(N)=O,CC(C)(CO)c1ccc(-c2cccc3c(-c4ccc(S(N)=O)cc4)cnn23)cc1,-7.9,3.919500000000002,0.5280449123410943,3.294038724147901,405.52300000000014,2,3,5,80.62,4,29,0.37102637,0.1318594,True,0.0273022955529782,docking_results_3_9.csv,0.030059548,0.01772185,0.2912851,0.12641819,0.21330656,0.05702575,0.03251333,0.24749653,0.050526217,0.05958777,0.37102637,0.08534574,True,3.919500000000002,3.919500000000002
171,CC=1C=NN(C)C=1C2=CC=C(C=N2)C3=CC=CC=C3,Cc1cnn(C)c1-c1ccc(-c2ccccc2)cn1,-7.9,3.4575200000000015,0.6960371101415447,2.1142936987692718,249.31700000000004,0,2,2,30.71,3,19,0.3880996,0.08370546,True,0.036834874940125,docking_results_3_7.csv,0.031969443,0.011402649,0.3880996,0.0689374,0.12992883,0.022219542,0.017912412,0.12264724,0.036900777,0.0319383,0.103749424,0.03875996,True,3.4575200000000015,3.457520000000001
166,COC1=CC=C(C2=CC(=CC=N2)C=3C(C)=NN([C@@H1](C)C(=O)NC)C=3Cl)C=C1,CNC(=O)[C@H](C)n1nc(C)c(-c2ccnc(-c3ccc(OC)cc3)c2)c1Cl,-7.9,3.889520000000002,0.7241162605779078,2.9327151866035344,384.8670000000001,1,4,5,69.04,3,27,0.3951029,0.09524014,True,0.027862628447361,docking_results_3_1.csv,0.037083663,0.016925415,0.3951029,0.07373673,0.10268073,0.024933355,0.024448963,0.17623332,0.04870441,0.042264618,0.12672623,0.074041195,True,3.889520000000002,3.889520000000002
160,O=C(NN1C=CC=CC1)C2=CC3=CC=CC=C3C(Cl)=N2,O=C(NN1C=CC=CC1)c1cc2ccccc2c(Cl)n1,-7.9,2.9185000000000016,0.8631057543264874,2.9140688457893162,285.734,1,3,2,45.230000000000004,3,20,0.40489584,0.12841903,True,0.0469643288098836,docking_results_3_6.csv,0.024909284,0.019036813,0.40489584,0.08306385,0.078977115,0.029284008,0.044054028,0.3313993,0.06699172,0.085976325,0.23002724,0.14241289,True,2.9185000000000016,2.9185000000000016
28,O=C(NC1=CC=CC(Cl)=C1)C2=CC=C(C=C2)C(=O)NO,O=C(NO)c1ccc(C(=O)Nc2cccc(Cl)c2)cc1,-7.9,2.7113000000000005,0.600573643345926,1.6133726635233074,290.70599999999996,3,3,3,78.43,2,20,0.4059494,0.14363623,True,,docking_results_3_0_add_B.csv,0.035181925,0.021529462,0.4059494,0.07483771,0.24560209,0.06577291,0.038170867,0.2620757,0.07113767,0.06514759,0.35815972,0.08006976,True,2.7113000000000005,
242,CCCC1(O)C=CC=C2N=C(C)C3=C(C)N=C(C4=CC=CC=C4Cl)N3C2=C1,CCCC1(O)C=CC=c2nc(C)c3c(C)nc(-c4ccccc4Cl)n3c2=C1,-7.9,3.328540000000002,0.7589946662402007,3.9054517048221573,379.89099999999996,1,3,3,50.42,4,27,0.40766963,0.16161974,True,0.0395891758646866,docking_results_3_3.csv,0.026601724,0.020754008,0.38169086,0.18029356,0.104153626,0.044201832,0.046138156,0.37287655,0.06638081,0.10022349,0.40766963,0.18845251,True,3.328540000000002,3.328540000000002
30,CC1=C(Cl)C=CC=C1NC=C(CNC(=O)C=C(C=C)C(C)(C)C)C(N)=O,C=CC(=CC(=O)NCC(=CNc1cccc(Cl)c1C)C(N)=O)C(C)(C)C,-7.9,3.704220000000001,0.5014266415883921,3.246056914212825,375.9000000000002,3,3,7,84.22,1,26,0.41752067,0.1184038,True,0.0315541044825254,docking_results_3_2.csv,0.015842788,0.023103928,0.0859787,0.06474008,0.09109835,0.06235092,0.07104429,0.41752067,0.0690558,0.17839168,0.22572711,0.11599139,True,3.704220000000001,3.704220000000001
122,CNC(=O)C1=CC=C(C=C1)C2=CC=C(C=N2)C(=O)NC3=CC=C(C=C3)C(=O)N(C)C,CNC(=O)c1ccc(-c2ccc(C(=O)Nc3ccc(C(=O)N(C)C)cc3)cn2)cc1,-7.9,3.0623000000000014,0.686185742684426,1.9640784283425852,402.4540000000002,2,4,5,91.39999999999999,3,30,0.43611023,0.13520263,True,0.0447383754204724,docking_results_3_5.csv,0.044627786,0.025539165,0.43611023,0.07056195,0.23370741,0.059426326,0.032187007,0.24388772,0.08231511,0.053975604,0.25714445,0.08294878,True,3.0623000000000014,3.0623000000000014
192,CC=CC1=C(COC=NC2=CC(C(N)=O)=CC=C2C3=CN(C4CCC4)N=N3)C=C1,CC=CC1=C(COC=Nc2cc(C(N)=O)ccc2-c2cn(C3CCC3)nn2)C=C1,-7.9,3.887900000000003,0.5472053352095182,3.639235820501762,389.4590000000001,1,5,8,95.39000000000001,4,29,0.44184166,0.14110842,True,0.027893235127348,docking_results_3_1.csv,0.035054676,0.04180079,0.22771275,0.09186535,0.08833918,0.053512786,0.059563514,0.44184166,0.08880622,0.12254229,0.23935127,0.20291059,True,3.887900000000003,3.887900000000003
240,CCC(=O)NC1=CC=CC=C1C=CC=C2C=CC=C(C2=CC)CN=O,CC=c1c(CN=O)cccc1=CC=Cc1ccccc1NC(=O)CC,-7.9,3.5958000000000023,0.8207337070943901,3.1571162415937613,334.4190000000001,1,3,6,58.53,2,25,0.45181915,0.18263316,True,0.033848844301713,docking_results_3_8.csv,0.032110907,0.031082954,0.337569,0.13825807,0.2005016,0.094939336,0.0781296,0.40532655,0.099794276,0.17033185,0.45181915,0.15173447,True,3.5958000000000023,3.5958000000000023
62,CCOC1=CC=C(NC=2N=C3C=CC=CN3C(=O)C=2C=CNC(C)C)NC(C)=C1,CCOC1=CC=C(Nc2nc3ccccn3c(=O)c2C=CNC(C)C)NC(C)=C1,-7.9,3.3439000000000014,0.6695511412031965,3.61780638493586,393.49100000000004,3,6,7,79.69,3,29,0.46187657,0.15299398,True,0.0392660883110465,docking_results_3_5.csv,0.019114813,0.01440562,0.46187657,0.11122406,0.0932421,0.036864895,0.041934688,0.37277198,0.073618524,0.10982252,0.3512968,0.14975522,True,3.3439000000000014,3.343900000000001
128,OC=1C=C(CN2C=CN=C2)N(C=1C3=CC=C(C=C3)[C@H1]4COCCN4C#N)N,N#CN1CCOC[C@@H]1c1ccc(-c2c(O)cc(Cn3ccnc3)n2N)cc1,-7.9,1.6736799999999996,0.5389120024136331,3.756914239857972,364.4090000000002,2,6,4,105.25999999999999,4,27,0.4622492,0.19209273,True,0.039635721371593,docking_results_3_7.csv,0.052408703,0.043813653,0.4622492,0.18830058,0.15655723,0.06766215,0.06107983,0.4085129,0.13297419,0.096695796,0.36349022,0.27136838,True,1.6736799999999996,1.6736799999999996
47,CC1=CC(Cl)=CN=C1C(=O)NCC2=CC=CC3=CC=C(N)N=C23,Cc1cc(Cl)cnc1C(=O)NCc1cccc2ccc(N)nc12,-7.9,3.1038200000000007,0.7745953915819628,2.3507082936838923,326.7870000000001,2,4,3,80.9,3,23,0.4662011,0.10059303,True,0.0440097103190727,docking_results_3_2.csv,0.031620964,0.014570468,0.4662011,0.06695803,0.10229311,0.023533246,0.02404738,0.18133774,0.05342707,0.04194939,0.13178867,0.06938911,True,3.1038200000000007,3.1038200000000007
188,O=C(CC1=CC=CC(O)=C12)NC=NC3=CC=CC=C23,O=C1Cc2cccc(O)c2-c2ccccc2N=CN1,-7.9,2.3913,0.755858068058696,3.102001524933387,252.273,2,3,0,61.69,3,19,0.48239988,0.1657758,True,0.0497460288592343,docking_results_3_10.csv,0.05169973,0.035292547,0.48239988,0.11311309,0.19797508,0.06465523,0.05342842,0.31948045,0.10179496,0.078588925,0.3366822,0.15419912,True,2.3913,2.3913
179,O=C(CSC1=CC=CC2=CC=C(O)C=C12)N3CCC[C@@H1]3C#N,N#C[C@H]1CCCN1C(=O)CSc1cccc2ccc(O)cc12,-7.9,3.1520800000000015,0.8843078001340396,2.8640154390951267,312.39400000000006,1,4,3,64.33,3,22,0.4847876,0.23082608,True,0.0431220673596759,docking_results_3_11.csv,0.08343051,0.097419344,0.272462,0.20983064,0.23684563,0.1544858,0.123760216,0.4847876,0.16717997,0.19284038,0.44318682,0.30368415,True,3.1520800000000015,3.152080000000001
226,C[C@@H1]1CCN(CC2=CC=C(C=C2)S(N)(=O)=O)C[C@@H1]1C3=CC=CC=C3,C[C@@H]1CCN(Cc2ccc(S(N)(=O)=O)cc2)C[C@@H]1c1ccccc1,-7.8,2.959600000000002,0.9273254394706475,2.7308773919729,344.48,1,3,4,63.4,3,24,0.058523796,0.010351837,True,0.0366195916006058,docking_results_3_10.csv,0.021614319,0.003601352,0.0021962402,0.004477342,0.058523796,0.0038532289,0.002518501,0.014713703,0.0007614833,0.002578281,0.007460611,0.0019231791,True,2.959600000000002,2.959600000000002
120,O[C@@H1](C1=CC=C(Cl)C=C1)C2=CC=C(C=N2)C(=O)N3CCNCC3,O=C(c1ccc([C@@H](O)c2ccc(Cl)cc2)nc1)N1CCNCC1,-7.8,1.8620999999999996,0.9007635779344166,2.671664522214872,331.80300000000017,2,4,3,65.46000000000001,3,23,0.061117552,0.023246704,True,0.0342567672081595,docking_results_3_4.csv,0.027716838,0.0085081775,0.033204213,0.015355504,0.06111691,0.008431515,0.008432985,0.061117552,0.0075237337,0.010872026,0.021267371,0.015413613,True,1.8620999999999996,1.8621
36,C[C@H1](NS(=O)(=O)C1=CC=C(C)C=C1)C(=O)N[C@H1](C2=CC(F)=CC=C2F)C(=O)NCC(F)=C,C=C(F)CNC(=O)[C@H](NC(=O)[C@H](C)NS(=O)(=O)c1ccc(C)cc1)c1cc(F)ccc1F,-7.8,2.3969200000000006,0.5246658325205632,3.3217464492886357,469.4850000000002,3,4,9,104.37,2,32,0.06653759,0.02103208,True,,docking_results_3_0_add_B.csv,0.028087664,0.009548957,0.012575412,0.011341919,0.06653759,0.010104967,0.010214698,0.056044973,0.005601632,0.012148184,0.019188032,0.0109909335,True,2.3969200000000006,
233,CCC1CNC(CC2CCCN(CCN3CCOCC3)C2)=NC(N)=C1C,CCC1CNC(CC2CCCN(CCN3CCOCC3)C2)=NC(N)=C1C,-7.8,1.638800000000002,0.7509625824794351,3.849347534460117,363.5500000000001,2,6,6,66.11999999999999,3,26,0.07221281,0.01585353,True,0.0307140422382674,docking_results_3_1.csv,0.014166865,0.0053475355,0.010579375,0.009116497,0.031015936,0.004578121,0.004991047,0.07221281,0.005702851,0.009587286,0.006571754,0.016372288,True,1.638800000000002,1.638800000000002
62,CC1=CN(CC2=CC=C(C=C2)C(F)(F)F)C(=O)[NH1]C1=O,Cc1cn(Cc2ccc(C(F)(F)F)cc2)c(=O)[nH]c1=O,-7.8,1.9121199999999996,0.9155509833910733,2.069220923596566,284.237,1,2,2,54.86,2,20,0.07845794,0.031742726,True,,docking_results_3_0_add_B.csv,0.02843829,0.010974918,0.02890716,0.030776853,0.06889386,0.014184976,0.015624981,0.07845794,0.00835212,0.019499255,0.056497056,0.020305298,True,1.9121199999999996,
108,CC1=CC=CC(NCC2=CC=C(C=C2)[C@@H1]3COCCN3C=O)=N1,Cc1cccc(NCc2ccc([C@@H]3COCCN3C=O)cc2)n1,-7.8,2.5318200000000006,0.8622550449174562,3.0131326257531237,311.385,1,4,5,54.46,3,23,0.08536395,0.033472493,True,0.0394292014668175,docking_results_3_3.csv,0.030788334,0.009909656,0.065931626,0.025282446,0.08536395,0.013516741,0.012551395,0.073407404,0.0134002175,0.018619563,0.034542385,0.018356191,True,2.5318200000000006,2.5318200000000006
196,COC1=CC=CC(=C1)C2=CC(=O)C=C(C3=CC=C(C=C3)S(N)(=O)=O)N2C,COc1cccc(-c2cc(=O)cc(-c3ccc(S(N)(=O)=O)cc3)n2C)c1,-7.8,2.3753,0.7631912632042922,2.3052621817713526,370.43000000000006,1,4,4,91.39000000000001,3,26,0.09474827,0.037401307,True,0.0392252570947694,docking_results_3_3.csv,0.03070313,0.0096539,0.094660416,0.022387968,0.09474827,0.0135415085,0.011190002,0.07116076,0.011128176,0.013480332,0.058468856,0.017692348,True,2.3753,2.3753
84,CNC[C@@H1](CC1=CC=CC(=C1)C2=CC=CC(Cl)=C2)C(=O)O,CNC[C@@H](Cc1cccc(-c2cccc(Cl)c2)c1)C(=O)O,-7.8,3.4697000000000013,0.8588641528035615,2.4614940186005505,303.78900000000004,2,2,6,49.33,2,21,0.10424586,0.035956036,True,0.0288755118277477,docking_results_3_8.csv,0.026614271,0.009830715,0.040195204,0.024756119,0.10424586,0.018316006,0.016060214,0.082726665,0.0109789865,0.02329866,0.05709081,0.017358884,True,3.4697000000000013,3.4697000000000013
32,CCCO[C@@H1]CC[C@H1](O)C1=CC=C2C=CC3=C(CCNC3=O)C2=C1,CCCO[CH]CC[C@H](O)c1ccc2ccc3c(c2c1)CCNC3=O,-7.8,3.5276900000000024,0.7653800942251424,3.487374670895999,326.41600000000005,2,3,7,58.56,3,24,0.107990175,0.04946812,True,0.0278848390194617,docking_results_3_26.csv,0.038347412,0.0147536695,0.08779713,0.048009746,0.086981334,0.020565372,0.018939802,0.107990175,0.015478698,0.028946446,0.08947077,0.036336895,True,3.5276900000000024,3.5276900000000024
120,COC1=CC=CC=C1N2CCN(CC#CC3=CC=CC(=C3)C(C)(C)OC)CC2,COc1ccccc1N1CCN(CC#Cc2cccc(C(C)(C)OC)c2)CC1,-7.8,3.7504000000000026,0.7400720537274736,2.458193890816508,378.5160000000002,0,4,5,24.94,3,28,0.11553117,0.046624456,True,,docking_results_3_0_add_B.csv,0.020110602,0.008432703,0.070530705,0.052309293,0.08267666,0.019887332,0.01861451,0.11553117,0.015996758,0.0387676,0.089092925,0.027543232,True,3.7504000000000026,
193,C[C@H1]1CCCN(CC=2N=CSC=2C(=O)NCC3=C(F)C=CC=C3F)C1,C[C@H]1CCCN(Cc2ncsc2C(=O)NCc2c(F)cccc2F)C1,-7.8,3.5832000000000024,0.8808446994739915,2.980806528114419,365.44900000000007,1,4,5,45.230000000000004,3,25,0.13181774,0.043194633,True,0.0269393545313465,docking_results_3_9.csv,0.02167407,0.0098858,0.06915028,0.04592801,0.054390766,0.013965123,0.016872378,0.13181774,0.0154625885,0.031114772,0.066582076,0.04149196,True,3.5832000000000024,3.5832000000000024
170,C=12CN=C(C(NCC#N)C3=CC=CC=C3)NCCC=1C=C2NC(=O)C4=CC=CC=C4CO,N#CCNC(C1=NCC2=C(C=C2NC(=O)c2ccccc2CO)CCN1)c1ccccc1,-7.8,2.349080000000001,0.507340444374484,3.7821437215038802,427.50800000000015,4,6,7,109.54,4,32,0.13662706,0.046014715,True,0.0391244248716131,docking_results_3_9.csv,0.030239759,0.01425807,0.07771569,0.030579131,0.07172021,0.017534612,0.018851206,0.13662706,0.017860036,0.029374957,0.06798399,0.039431863,True,2.349080000000001,2.349080000000001
245,COC1=CC=CC=C1O[C@H1]C2=C(C(=O)O)O[C@@H1](CO)[C@@H1]2NC(=O)C=CC3=CC=CC=C3,COc1ccccc1O[CH]C1=C(C(=O)O)O[C@@H](CO)[C@@H]1NC(=O)C=Cc1ccccc1,-7.8,2.1637899999999997,0.5287073812158076,3.732749916431022,424.42900000000003,3,6,9,114.32000000000002,3,31,0.14109182,0.047275558,True,0.0378952748895644,docking_results_3_13.csv,0.03324317,0.018764507,0.059497952,0.022376534,0.08996563,0.023116797,0.025310723,0.14109182,0.022935757,0.03477169,0.05919527,0.037036877,True,2.1637899999999997,2.16379
240,NC(=O)[C@](O)(C1CCCCC1)C2=CN=C3C=CC=CC3=C2,NC(=O)[C@@](O)(c1cnc2ccccc2c1)C1CCCCC1,-7.8,2.4879999999999995,0.9087737734055484,2.827760537505373,284.359,2,3,3,76.21000000000001,3,21,0.15433007,0.07381516,True,0.0394414326211167,docking_results_3_3.csv,0.044551734,0.021636784,0.097626306,0.074571416,0.14640535,0.03939405,0.027984418,0.15433007,0.029072352,0.042314522,0.15115054,0.056744363,True,2.4879999999999995,2.4879999999999995
205,C1CC[C@](C)(C(O)(CO)C2=CC=CC=C2C(=O)NCC3=CC=CC=C3)C1,CC1(C(O)(CO)c2ccccc2C(=O)NCc2ccccc2)CCCC1,-7.8,3.376800000000002,0.7456002379835338,2.9383911882416474,353.46200000000016,3,3,6,69.56,3,26,0.15825143,0.048859786,True,0.0304522237312476,docking_results_3_14.csv,0.017884124,0.0073492522,0.031659715,0.048196625,0.11595881,0.026157416,0.017160583,0.10237033,0.008170058,0.034267742,0.15825143,0.018891362,True,3.376800000000002,3.376800000000002
165,CCOC[C@@H1](C)N1CCC(CC1)C2=C[NH1]N=C2C3=CC=C(C=C3)C#C,C#Cc1ccc(-c2n[nH]cc2C2CCN([C@H](C)COCC)CC2)cc1,-7.8,3.6624000000000025,0.8179780670496459,3.3735216147883094,337.46700000000004,1,3,6,41.15,3,25,0.16133134,0.06879557,True,0.0256060664945428,docking_results_3_5.csv,0.04040649,0.02058942,0.105271846,0.08094011,0.10470035,0.031254884,0.026961109,0.16133134,0.029325848,0.049154464,0.11287799,0.06273297,True,3.6624000000000025,3.6624000000000025
144,O=CC1=CN(C2=CC=C(F)C=C2)C(=C1C3)CC=CC=C3,O=Cc1cn(-c2ccc(F)cc2)c2c1CC=CC=CC2,-7.8,3.6399000000000026,0.7613487896122503,3.0011492171421006,267.30299999999994,0,1,2,22.0,3,20,0.17767863,0.06284573,True,,docking_results_3_0_add_B.csv,0.03922966,0.022621708,0.10786762,0.05204298,0.07093758,0.023793569,0.031166375,0.17767863,0.023896644,0.048309274,0.09675729,0.059847463,True,3.6399000000000026,
199,CC=CC1=C[NH1]C2=C(C=NC2=C1)C(=O)N[C@@H1](CC3=CC=CC=C3)CN4CCCC4,CC=Cc1c[nH]c2c(C(=O)N[C@@H](Cc3ccccc3)CN3CCCC3)cnc-2c1,-7.8,3.9845000000000033,0.6434572919913837,3.186167630449634,388.5150000000002,2,3,7,61.02,4,29,0.19045031,0.07824131,True,0.0206303150239462,docking_results_3_11.csv,0.030242907,0.015886132,0.18665324,0.071839325,0.0991889,0.02749444,0.027783442,0.19045031,0.03681543,0.05008864,0.13425942,0.06819362,True,3.9845000000000033,3.9845000000000033
60,CN1C(SC2=CC=CC=C2NC(=O)C3=CC=CC=C3)=NN=C1C(N)=O,Cn1c(Sc2ccccc2NC(=O)c2ccccc2)nnc1C(N)=O,-7.8,2.3174999999999994,0.7325908410874015,2.2377257757216054,353.4070000000001,2,5,5,102.9,3,25,0.19749415,0.05311573,True,0.0389781626672679,docking_results_3_22.csv,0.025645701,0.011251625,0.19749415,0.025724318,0.07884365,0.01454125,0.01714274,0.121947974,0.025120731,0.024074314,0.060977995,0.034624342,True,2.3174999999999994,2.3174999999999994
58,C=1N2C=C(C=C2C=1C=CC3=CC=CC=C3)C(=O)NCC4CNCCN(C)C4,CN1CCNCC(CNC(=O)c2cc3n(c2)C=C3C=Cc2ccccc2)C1,-7.8,2.394,0.8587267136070762,3.535948409583086,362.47700000000015,2,3,5,49.300000000000004,4,27,0.19761308,0.053992655,True,0.0392856238742739,docking_results_3_26.csv,0.025058025,0.015325852,0.07409772,0.034478396,0.072051495,0.01937611,0.019305693,0.19761308,0.024914535,0.035353884,0.06999505,0.060342036,True,2.394,2.394
143,CC1=CC=C2C(CN(C)C(=O)C3=CC(C)=NC(Cl)=C3F)=NOC2=C1,Cc1ccc2c(CN(C)C(=O)c3cc(C)nc(Cl)c3F)noc2c1,-7.8,3.904340000000003,0.6740122319247726,2.701398538255752,347.77700000000004,0,4,3,59.230000000000004,3,24,0.20404789,0.050442427,True,,docking_results_3_0_add_B.csv,0.020009818,0.007660552,0.20404789,0.044594165,0.04698223,0.010310309,0.014254971,0.113368444,0.018960662,0.02605202,0.061914694,0.03715343,True,3.904340000000003,
174,CN(C)C1=CC=C(C=C1)S(=O)(=O)NCC2=CC=CC(=C2)C3=CC=C(C=C3C)N,Cc1cc(N)ccc1-c1cccc(CNS(=O)(=O)c2ccc(N(C)C)cc2)c1,-7.8,3.7887200000000014,0.6228693947384454,2.0957513316449106,395.52800000000013,2,4,6,75.43,3,28,0.21061471,0.07934795,True,0.0235498612015409,docking_results_3_5.csv,0.023821035,0.009002047,0.2034003,0.06374312,0.17148277,0.03173981,0.017754344,0.13337019,0.023280993,0.03397382,0.21061471,0.029992417,True,3.7887200000000014,3.7887200000000014
188,O=C(/C=C/C1=CC=CN=C1)N2CCC3=CC=CC=C3C2,O=C(/C=C/c1cccnc1)N1CCc2ccccc2C1,-7.8,2.6797000000000013,0.7813015905122744,2.088008885352325,264.32800000000003,0,2,2,33.2,3,20,0.2144268,0.08063368,True,0.038992216708314,docking_results_3_3.csv,0.049450587,0.03453295,0.0894095,0.05996502,0.12789871,0.047125593,0.04963959,0.2144268,0.048740648,0.07401908,0.10423414,0.068161525,True,2.6797000000000013,2.6797000000000013
78,CC1=NN=C(C2=CC=C(C=C2)C#CC3=CC=CC=C3)O1,Cc1nnc(-c2ccc(C#Cc3ccccc3)cc2)o1,-7.8,3.4448200000000018,0.6289977198119682,2.079363253018556,260.296,0,3,1,38.92,3,20,0.22324486,0.11303381,True,0.0292998594462493,docking_results_3_8.csv,0.058685996,0.04160885,0.21102917,0.09309285,0.20314763,0.06823306,0.051700573,0.22324486,0.069217645,0.075593635,0.17691782,0.08393365,True,3.4448200000000018,3.4448200000000018
43,CC(C)NC(=O)C1=CC=C(C=C1)C2=CC=CC=C2,CC(C)NC(=O)c1ccc(-c2ccccc2)cc1,-7.8,3.4918000000000022,0.8723729495194558,1.3631918965801493,239.318,1,1,3,29.1,2,18,0.22770046,0.06341606,True,0.0284980161189949,docking_results_3_12.csv,0.025809778,0.0076593338,0.13981046,0.03795705,0.22770046,0.03296073,0.013911763,0.08097419,0.015783902,0.027264858,0.13838048,0.012779722,True,3.4918000000000022,3.4918000000000022
240,COC1=CC=C(NC2=NC=CCCN(CC3CC3)COC(=O)C2=CC)C=C1NC(C)=O,CC=C1C(=O)OCN(CC2CC2)CCC=CN=C1Nc1ccc(OC)c(NC(C)=O)c1,-7.8,3.5404000000000018,0.5527140803429597,3.6342083660336932,426.5170000000002,2,7,5,92.25999999999999,3,31,0.23586302,0.072497465,True,0.0276678979172555,docking_results_3_2.csv,0.023355462,0.014522675,0.16133034,0.044518266,0.06703238,0.02153576,0.024117192,0.23586302,0.03708643,0.04959473,0.10874355,0.08226975,True,3.5404000000000018,3.5404000000000018
36,O=C(COC1=CC=C2OCCOC2=C1Cl)CC3=CC4=CN=CN4C(=O)C3,O=C(COc1ccc2c(c1Cl)OCCO2)CC1=Cc2cncn2C(=O)C1,-7.8,2.773200000000001,0.80023771529243,3.3581248740790457,374.78000000000003,0,6,5,79.65,4,26,0.24240525,0.085250996,True,0.0384114132206433,docking_results_3_27.csv,0.050758265,0.03836834,0.18755582,0.052977648,0.07093799,0.02832332,0.040713545,0.24240525,0.058436602,0.05568081,0.07575438,0.121099934,True,2.773200000000001,2.773200000000001
219,C1=CCN(C1)C2=CC=C(C=C2C(=O)NC3=CC=C4C(=C3)CNCC(O)C4C)C=O,CC1c2ccc(NC(=O)c3cc(C=O)ccc3N3CC=CC3)cc2CNCC1O,-7.8,2.6952000000000007,0.5515222780743501,3.6592103844972925,391.4710000000001,3,5,4,81.67000000000002,4,29,0.25022045,0.10021758,True,0.0389117861243088,docking_results_3_9.csv,0.038553037,0.023110978,0.19642408,0.07693599,0.12823945,0.040261786,0.034042604,0.25022045,0.052466236,0.05729723,0.20128691,0.10377214,True,2.6952000000000007,2.6952000000000007
133,CCN(C1=CC=CC=C1F)C2=NN(C3=CC=C(F)C=C3)C=C2C(N)=O,CCN(c1ccccc1F)c1nn(-c2ccc(F)cc2)cc1C(N)=O,-7.8,3.4074000000000018,0.7727415575703775,2.420814972440379,342.34900000000005,1,3,5,64.15,3,25,0.2629807,0.07203438,True,0.0299356532141146,docking_results_3_6.csv,0.020563446,0.009183379,0.2629807,0.055602796,0.07656516,0.016620496,0.019010045,0.15521066,0.024701692,0.032941047,0.14130804,0.049725097,True,3.4074000000000018,3.4074000000000018
9,COC1=CC=C2C=CC3=C(CCNC3=O)C2=C1,COc1ccc2ccc3c(c2c1)CCNC3=O,-7.8,2.1342999999999996,0.8101295234801164,2.152536911510886,227.26299999999995,1,2,1,38.33,3,17,0.30554965,0.07799349,True,0.0376211288246051,docking_results_3_23.csv,0.043583233,0.017906742,0.30554965,0.051457983,0.10126924,0.021885693,0.020063268,0.14662364,0.032567527,0.02884873,0.10966613,0.05650015,True,2.1342999999999996,2.1343
82,CC(C)[C@@H1]1CN(CCN1C2=NC=CC(=N2)C(F)(F)F)C3=CC=C(N)C(N)=C3C#N,CC(C)[C@@H]1CN(c2ccc(N)c(N)c2C#N)CCN1c1nccc(C(F)(F)F)n1,-7.8,2.8826799999999997,0.75607801173423,3.460399151155288,405.4280000000002,2,7,3,108.09,3,29,0.31586918,0.123746105,True,0.0374542284291207,docking_results_3_11.csv,0.027641306,0.018408759,0.31586918,0.13897161,0.07761791,0.028519487,0.031982142,0.3038742,0.058668755,0.060239945,0.24966544,0.1734947,True,2.8826799999999997,2.88268
57,CC1=CC(C)=C(CN2C(=O)C=CC3=CC=NC(N[C@H1](C4CC4)C(O)=O)=C3C2)C1,CC1=CC(C)=C(CN2Cc3c(ccnc3N[C@@H](C(=O)O)C3CC3)C=CC2=O)C1,-7.8,3.3786000000000014,0.791769395742102,3.9481668285997724,379.46000000000026,2,4,6,82.53,4,28,0.32103387,0.09637786,True,,docking_results_3_0_add_B.csv,0.045253504,0.042429004,0.0672051,0.067841895,0.08731048,0.04673183,0.054556504,0.32103387,0.054246027,0.08464519,0.13816015,0.1471208,True,3.3786000000000014,
211,C[C@H1](NC(=O)C1=COC(CN2C=CN=C2C3=CC=CO3)=N1)C4=CC=C(C=N4)C#N,C[C@H](NC(=O)c1coc(Cn2ccnc2-c2ccco2)n1)c1ccc(C#N)cn1,-7.8,2.937080000000001,0.5385063210634414,3.2828130473856394,388.3870000000001,1,7,6,122.77000000000001,4,29,0.34107137,0.09342451,True,0.036876837624387,docking_results_3_1.csv,0.047764935,0.025396688,0.34107137,0.07148771,0.10217962,0.0285359,0.033010475,0.18100558,0.06415099,0.046019655,0.09388464,0.086586624,True,2.937080000000001,2.937080000000001
207,CC[C@@H1](CO)NC(=O)C1=CC=C(C=C1)C2=CN=C3C=CC=CN23,CC[C@@H](CO)NC(=O)c1ccc(-c2cnc3ccccn23)cc1,-7.8,2.5020000000000007,0.7607783649919665,2.612984102634451,309.369,2,3,5,66.63,3,23,0.3512759,0.11555424,True,0.0394434047212015,docking_results_3_5.csv,0.049477115,0.025581183,0.3512759,0.088884786,0.19870177,0.04894508,0.033565253,0.20185037,0.073928125,0.051559832,0.17717692,0.08570461,True,2.5020000000000007,2.5020000000000007
13,CCOC(=O)C1=CC=C(N=C1)N2N=CC(=C2C)C3=CC=C(C=C3)C#N,CCOC(=O)c1ccc(-n2ncc(-c3ccc(C#N)cc3)c2C)nc1,-7.8,3.291100000000002,0.6848423765960431,2.2555756132080607,332.36300000000006,0,5,4,80.8,3,25,0.39086196,0.11073332,True,0.0318733791529045,docking_results_3_0.csv,0.05262669,0.02928835,0.39086196,0.0798943,0.14090247,0.03918303,0.03415641,0.20423798,0.07290866,0.049566958,0.14136909,0.093803905,True,3.291100000000002,3.291100000000002
60,COC1=CC(CSC(=O)C2=CC=C3NC(=O)CC3=C2)=CC=C1N4CCCOC4,COc1cc(CSC(=O)c2ccc3c(c2)CC(=O)N3)ccc1N1CCCOC1,-7.8,3.4476000000000013,0.8321524493197324,2.829872501927621,398.48400000000026,1,6,5,67.87,4,28,0.39936328,0.1655396,True,0.0292524937212803,docking_results_3_2.csv,0.053206205,0.048628084,0.31598213,0.13591383,0.13485259,0.06724513,0.067799635,0.39936328,0.101848885,0.113708265,0.324444,0.22348334,True,3.4476000000000013,3.4476000000000013
62,CC(=O)N1C=CC2=CN(C)C(=O)C=3SC=CC=3C2=C1,CC(=O)N1C=CC2=CN(C)C(=O)c3sccc3C2=C1,-7.8,2.4343000000000004,0.7275152481507717,3.8123914689236464,272.329,0,3,0,40.620000000000005,3,19,0.40156314,0.11294398,True,0.0393827204586301,docking_results_3_4.csv,0.033656385,0.035168767,0.1956608,0.056591257,0.060671315,0.033953942,0.04347688,0.40156314,0.059403427,0.085466154,0.17932239,0.17039321,True,2.4343000000000004,2.4343000000000004
243,CCC(=O)NC1=CC=C2C=CN(C3=CN=C(C=N3)CS(N)(=O)=O)C2=C1,CCC(=O)Nc1ccc2ccn(-c3cnc(CS(N)(=O)=O)cn3)c2c1,-7.8,1.5574999999999999,0.7160821472932946,2.712500027385433,359.41100000000006,2,5,5,119.97,3,25,0.4113725,0.14439471,True,0.0293393762626172,docking_results_3_9.csv,0.066602334,0.049530413,0.4113725,0.086348295,0.18284762,0.058376957,0.04873049,0.3038122,0.12514709,0.06383708,0.16580297,0.17032851,True,1.5574999999999999,1.5575
184,COC1=CC=CC=C1C2=CC=CC3=C(OCC(N)=O)C=CN=C23,COc1ccccc1-c1cccc2c(OCC(N)=O)ccnc12,-7.8,2.7744999999999997,0.7862067342226098,2.0185565561906174,308.337,1,4,5,74.44,3,23,0.41391516,0.09332184,True,0.0384017523050654,docking_results_3_19.csv,0.044658028,0.021169284,0.41391516,0.047315646,0.13391158,0.028160157,0.02732704,0.15724969,0.060671862,0.037887506,0.08727256,0.060323533,True,2.7744999999999997,2.7745
68,CC(=O)N1CCC(CC1)NC2=NC=CC(=N2)N3N=CC(=C3)C=4C=CSC=4,CC(=O)N1CCC(Nc2nccc(-n3cc(-c4ccsc4)cn3)n2)CC1,-7.8,2.813600000000001,0.7662990749602946,2.6673211898685185,368.4660000000001,1,6,4,75.94,4,26,0.44156036,0.13308957,True,0.0380915902997227,docking_results_3_1.csv,0.046004713,0.029643064,0.44156036,0.1075045,0.12642063,0.039701175,0.04238225,0.28041258,0.10621319,0.067682125,0.1535534,0.15599687,True,2.813600000000001,2.813600000000001
213,C1OC=CC2=C1CC3=CC(=C(N)N=C32)COC(F)(F)F,Nc1nc2c(cc1COC(F)(F)F)CC1=C2C=COC1,-7.8,2.5538000000000007,0.9064118678834175,3.7195853008859423,284.23699999999997,1,4,2,57.370000000000005,3,20,0.44522113,0.16544233,True,0.0394027167264088,docking_results_3_9.csv,0.053157598,0.052259922,0.27869314,0.1665374,0.09033992,0.052851852,0.05936073,0.44522113,0.08650524,0.102902375,0.31037706,0.2871015,True,2.5538000000000007,2.5538000000000007
89,CN(C=1C=CN(N=1)C2=CC=CC=C2)C(=O)CC3=CC=CN=C3N,CN(C(=O)Cc1cccnc1N)c1ccn(-c2ccccc2)n1,-7.8,2.0549999999999997,0.800070782100367,2.494960751994814,307.357,1,4,4,77.04,3,23,0.44634628,0.10121399,True,0.0367875465017417,docking_results_3_12.csv,0.036054283,0.016957913,0.44634628,0.06772298,0.12672524,0.028120063,0.027707962,0.17517547,0.068368874,0.04622709,0.10829944,0.06686239,True,2.0549999999999997,2.055
2,O=CNC1=CC=C(C=C1)C2=CC=CC=CC=C(O)C=C2,O=CNc1ccc(-c2ccccccc(O)cc2)cc1,-7.8,3.751900000000002,0.8302227806012417,2.1248175400508487,265.312,2,2,3,49.33,2,20,0.45799926,0.18500514,True,0.0241378901188477,docking_results_3_17.csv,0.056454133,0.03882524,0.35927904,0.10481249,0.45799926,0.15142931,0.052438878,0.2885212,0.08945699,0.09633252,0.44896248,0.075550415,True,3.751900000000002,3.751900000000002
28,O=C1[NH1]C2SC=CC2=CC(=N1)C=CC3=CC=CC=C3,O=C1N=C(C=Cc2ccccc2)C=C2C=CSC2N1,-7.8,3.3770000000000016,0.8930374705783025,3.9719042122460735,268.341,1,2,2,41.46,3,19,0.4606763,0.14690907,True,0.0304488597707303,docking_results_3_10.csv,0.026915058,0.037114523,0.15596773,0.08175536,0.10078479,0.06674129,0.09401577,0.4606763,0.08514834,0.18490715,0.29570973,0.17317274,True,3.3770000000000016,3.3770000000000016
242,O=C(NC1=CC=CC=C1)C=CC=CCC=2C=NC3C(=O)[NH1]C=NC=23,O=C(C=CC=CCC1=C2N=CNC(=O)C2N=C1)Nc1ccccc1,-7.8,1.9928,0.6422838457038504,3.8968712595247617,320.35200000000003,2,4,5,82.92,3,24,0.4629774,0.14400838,True,0.0360429510813188,docking_results_3_2.csv,0.035120197,0.0472912,0.16797464,0.068245545,0.09955099,0.06587625,0.09401138,0.4629774,0.118649274,0.16602173,0.20493653,0.1974455,True,1.9928,1.9928
250,O=C(NC1=CC=C(Br)C=C1)C2=CC3=CC=CC=C3C(=O)O2,O=C(Nc1ccc(Br)cc1)c1cc2ccccc2c(=O)o1,-7.8,3.807800000000002,0.7691296368441879,1.870647466586016,344.1640000000001,1,3,2,59.31,3,21,0.47562793,0.1557386,True,0.023249404948265,docking_results_3_12.csv,0.04335841,0.027799707,0.47562793,0.096255444,0.23642461,0.066724986,0.048569523,0.27065918,0.09093908,0.072899096,0.33645502,0.10315043,True,3.807800000000002,3.807800000000002
188,CC1=CC(NC(=O)C2=CC=C(N=C2)C3=CC=CC=C3)=NN1C,Cc1cc(NC(=O)c2ccc(-c3ccccc3)nc2)nn1C,-7.8,3.0428200000000007,0.8068376941939411,2.0189695110329104,292.34200000000004,1,3,3,59.81,3,22,0.47988605,0.09999279,True,0.0355839724853588,docking_results_3_6.csv,0.029566266,0.011864559,0.47988605,0.06280676,0.14194652,0.02598843,0.020952588,0.15324464,0.051568132,0.03812896,0.13636433,0.047596198,True,3.0428200000000007,3.0428200000000007
73,CN1CCN(CC2=CC=C(C=C2)S(=O)(=O)C3=CC=C(F)C=C3)CC1,CN1CCN(Cc2ccc(S(=O)(=O)c3ccc(F)cc3)cc2)CC1,-7.7,2.405900000000001,0.7958747566809932,1.8327477361167155,348.4430000000001,0,4,4,40.620000000000005,3,24,0.040141705,0.008233321,True,0.0309216550379685,docking_results_3_20.csv,0.012768068,0.0024323561,0.0024619843,0.0043343143,0.040141705,0.0028145313,0.002213,0.01890622,0.00084764767,0.002724836,0.006860603,0.002294582,True,2.405900000000001,2.405900000000001
75,O=S(=O)(C1=CC=CC2=CC=CC=C12)NC3CCCNC3,O=S(=O)(NC1CCCNC1)c1cccc2ccccc12,-7.7,1.8700999999999999,0.9070652313884349,2.4873361076901066,290.38800000000003,2,3,3,58.2,3,20,0.07656931,0.01867265,True,0.0270324710213949,docking_results_3_24.csv,0.025183056,0.0060510575,0.017901644,0.011738967,0.07656931,0.0071601914,0.0057482566,0.0382525,0.0039697727,0.0072026956,0.01670891,0.007585435,True,1.8700999999999999,1.8701
89,O=C(C1=CC=C(C(=O)O)C=C1)N2CCC(CC2)OC3=CC=CC=C3Cl,O=C(O)c1ccc(C(=O)N2CCC(Oc3ccccc3Cl)CC2)cc1,-7.7,3.7218000000000027,0.9029614355737149,1.8639264257757748,359.80899999999997,1,3,4,66.84,3,25,0.078610115,0.026628876,True,0.02,docking_results_3_2.csv,0.03176413,0.011089157,0.027466977,0.0134033,0.078610115,0.013018763,0.012063777,0.06440537,0.007892697,0.014036856,0.03237645,0.013418939,True,3.7218000000000027,3.721800000000002
38,CC(C)C[C@H1](N)C(=O)N1CCC2=C(C1)N=CN2C3=CC=CC(F)=C3,CC(C)C[C@H](N)C(=O)N1CCc2c(ncn2-c2cccc(F)c2)C1,-7.7,2.2695,0.9351756326528485,3.0343914432216623,330.407,1,3,4,64.15,3,24,0.0854647,0.03257266,True,0.0304386862460254,docking_results_3_1.csv,0.027431551,0.009787526,0.062246256,0.031077161,0.06279102,0.010780697,0.011180361,0.0854647,0.012231368,0.017761456,0.03373229,0.026387526,True,2.2695,2.2695
215,CC=C([C@H1](C)NCC1CCCCO1)C2=CN3C(=CN=C3C(=O)O)C=C2,CC=C(c1ccc2cnc(C(=O)O)n2c1)[C@H](C)NCC1CCCCO1,-7.7,2.9830000000000005,0.843195822990391,3.8863543385945496,343.427,2,4,6,75.86,3,25,0.095095515,0.032297302,True,0.0285801036536171,docking_results_3_2.csv,0.029285101,0.011898462,0.04916915,0.021157676,0.06491101,0.012395805,0.011709519,0.095095515,0.012575134,0.017834308,0.03431105,0.027224887,True,2.9830000000000005,2.9830000000000005
176,C[C@@H1]([NH2+1]C1=CC=CC=C1OC2=CC=CC=C2)N3C=C(C=N3)C(O)=O,C[C@@H]([NH2+]c1ccccc1Oc1ccccc1)n1cc(C(=O)O)cn1,-7.7,2.7872000000000003,0.6832564668378602,3.392233533772253,324.36,2,3,6,80.96000000000001,3,24,0.10115338,0.034947217,True,0.0301243327705829,docking_results_3_12.csv,0.022864338,0.006889269,0.10115338,0.020621454,0.08664801,0.012174109,0.011531388,0.067152,0.011487885,0.01635726,0.048422534,0.014065003,True,2.7872000000000003,2.7872000000000003
151,C[C@H1](NC1=CC=C(C=N1)C(=O)N2CCCC2)C3=CC=CC=C3,C[C@H](Nc1ccc(C(=O)N2CCCC2)cn1)c1ccccc1,-7.7,3.490700000000002,0.9387988289825477,2.2986461396445765,295.3859999999999,1,3,4,45.230000000000004,3,22,0.1150634,0.04945485,True,0.0224264866662773,docking_results_3_4.csv,0.03130186,0.011681201,0.08514784,0.042168226,0.1150634,0.023158664,0.018483318,0.10487009,0.016997695,0.029329685,0.089607164,0.02564902,True,3.490700000000002,3.490700000000002
185,O=C(NCCCC1=CC=CC=C1)[C@H1]2CC(=O)N(C3=CC=CC=C3)C2,O=C(NCCCc1ccccc1)[C@H]1CC(=O)N(c2ccccc2)C1,-7.7,2.788500000000001,0.8315198955539391,2.1870611496346513,322.4080000000001,1,2,6,49.410000000000004,3,24,0.115413554,0.036106914,True,0.0301163780588593,docking_results_3_15.csv,0.035728123,0.0132427085,0.03348498,0.023875646,0.115413554,0.020385649,0.019095572,0.07693281,0.013136909,0.025122175,0.040312,0.01655285,True,2.788500000000001,2.788500000000001
51,COCCN1C[C@H1](C2=CC=CC=C2S(=O)(=O)N(C)CCO)C(=O)C3=CC=C(F)C=C31,COCCN1C[C@H](c2ccccc2S(=O)(=O)N(C)CCO)C(=O)c2ccc(F)cc21,-7.7,1.8714000000000002,0.6799714664740589,3.205699809867003,436.5050000000002,1,6,8,87.15,3,30,0.11580515,0.039265703,True,0.0270473404093169,docking_results_3_0.csv,0.031008266,0.014256319,0.025179029,0.03623503,0.0778693,0.018170686,0.017169474,0.11580515,0.010954564,0.023840748,0.06646248,0.034237392,True,1.8714000000000002,1.8714
97,CN(CC1=CC=C(Br)C=C1F)C2=CN=C(C=N2)C(=O)NC3CCN(CC3)C(=O)CC,CCC(=O)N1CCC(NC(=O)c2cnc(N(C)Cc3ccc(Br)cc3F)cn2)CC1,-7.7,3.1454000000000013,0.6905957208577927,2.58527458218874,478.3660000000003,1,5,6,78.43,3,30,0.12674332,0.042051185,True,0.0268537735076734,docking_results_3_13.csv,0.025382057,0.011641829,0.08404577,0.03257349,0.059448212,0.013977808,0.016943926,0.12674332,0.020053502,0.029033694,0.04592337,0.03884724,True,3.1454000000000013,3.1454000000000013
166,BrC1=CC=CC(N2CCCNCC2)=C1C(=O)NC3CCCCC3,O=C(NC1CCCCC1)c1c(Br)cccc1N1CCCNCC1,-7.7,3.311300000000002,0.845859647069222,2.307220369988759,380.33000000000015,2,3,3,44.370000000000005,3,23,0.12728725,0.039696094,True,0.0248060629682686,docking_results_3_24.csv,0.020562414,0.008836581,0.0538679,0.03954833,0.053181913,0.013315614,0.01552122,0.12728725,0.013722159,0.030695572,0.061811633,0.03800256,True,3.311300000000002,3.311300000000002
8,CC1=NN=CN1C2=CC=CC=C2C(=O)[C@H1](N)C3CCCCC3,Cc1nncn1-c1ccccc1C(=O)[C@H](N)C1CCCCC1,-7.7,2.6660200000000014,0.8806521464166315,3.121226428106116,298.3900000000001,1,4,4,73.8,3,22,0.13392852,0.060436357,True,0.0307162797005124,docking_results_3_5.csv,0.031825192,0.013797227,0.130048,0.06941214,0.09189742,0.0221462,0.02102412,0.13392852,0.025550969,0.03646621,0.09923089,0.04990948,True,2.6660200000000014,2.6660200000000014
159,CC=NOC(C1=CC=C(F)C(=C1)C2=CC=CC=C2N3CCCNC3)=O,CC=NOC(=O)c1ccc(F)c(-c2ccccc2N2CCCNC2)c1,-7.7,3.4124000000000017,0.5259638558233658,2.748620466945873,341.38600000000014,1,5,4,53.93,3,25,0.13519071,0.050288443,True,0.0234756735298754,docking_results_3_7.csv,0.029831547,0.012411692,0.13519071,0.034748003,0.076304056,0.015952975,0.017483834,0.12639058,0.021508673,0.026403263,0.06749644,0.039739616,True,3.4124000000000017,3.4124000000000017
7,C1COC(O1)C2=CC=C3C=CC=C(C(C)(C)C)C3=N2,CC(C)(C)c1cccc2ccc(C3OCCO3)nc12,-7.7,3.5777000000000028,0.7821781045276555,2.602569456345032,257.33299999999997,0,3,1,31.35,3,19,0.14923903,0.056376487,True,0.0212593746780085,docking_results_3_6.csv,0.016956419,0.006092091,0.11871313,0.074645825,0.0916121,0.018757513,0.013860917,0.1137257,0.013393164,0.031640302,0.14923903,0.027881647,True,3.5777000000000028,3.5777000000000028
87,CC[C@](C)(N)[C@H1]1CN(CC2=CC=CC=C2)C3=CC=CC=C31,CC[C@](C)(N)[C@H]1CN(Cc2ccccc2)c2ccccc21,-7.7,3.9178000000000024,0.9195038606343994,3.0931907423517027,280.4150000000001,1,2,4,29.259999999999998,3,21,0.1510733,0.047803644,True,0.02,docking_results_3_8.csv,0.02301906,0.0064917654,0.0630021,0.051666666,0.1510733,0.024076588,0.012850906,0.07265505,0.009738173,0.025902595,0.11956334,0.013604177,True,3.9178000000000024,3.9178000000000015
5,CC=C([C@@H1](N)[C@@H1](C)C(=O)O)C1=CC=C2C=CC=CC2=C1,CC=C(c1ccc2ccccc2c1)[C@@H](N)[C@@H](C)C(=O)O,-7.7,3.291100000000002,0.8948260689071862,3.1846545956326473,269.34400000000005,2,2,4,63.32000000000001,2,20,0.16588539,0.06707334,True,0.0250661931125557,docking_results_3_4.csv,0.04451112,0.021397615,0.0901715,0.046140328,0.16588539,0.039400693,0.027475895,0.14364749,0.027440611,0.040764436,0.11763476,0.04041017,True,3.291100000000002,3.291100000000002
151,C[NH2+1][C@H1](CCCCCO)C1=CC=C2C=CC3=C(CCNC3=O)C2=C1,C[NH2+][C@H](CCCCCO)c1ccc2ccc3c(c2c1)CCNC3=O,-7.7,1.9126999999999996,0.6802628364191275,3.6830368782538585,327.4480000000001,3,2,7,65.94,3,24,0.18159227,0.070283614,True,0.0275097061668073,docking_results_3_17.csv,0.029765932,0.015353407,0.086837694,0.07924754,0.09453528,0.029777426,0.026154272,0.17303087,0.019999852,0.04733081,0.18159227,0.05977801,True,1.9126999999999996,1.9127
110,C1CC2=CC=C3[NH1]C=C(CCNC(C)=O)C3=C2C1,CC(=O)NCCc1c[nH]c2ccc3c(c12)CCC3,-7.7,2.3352000000000004,0.8521819209050902,2.368729923033335,242.32199999999995,2,1,3,44.89,3,18,0.18606587,0.07855078,True,0.0307206901973487,docking_results_3_11.csv,0.045169596,0.023468755,0.17847972,0.07515181,0.090396166,0.02880094,0.029497422,0.18606587,0.031210145,0.051055122,0.1288144,0.07449942,True,2.3352000000000004,2.3352000000000004
143,CC1=NN(C2=NC=C(Cl)C(NC3CCNCC3)=N2)C(C)=C1Cl,Cc1nn(-c2ncc(Cl)c(NC3CCNCC3)n2)c(C)c1Cl,-7.7,2.7498400000000007,0.8985822887100591,2.711561818725219,341.246,2,5,3,67.66,3,22,0.20007813,0.0479749,True,0.0303387007145945,docking_results_3_6.csv,0.0154382745,0.0061634546,0.20007813,0.044055093,0.026771137,0.005998618,0.009998305,0.13444544,0.016641583,0.022031736,0.040528517,0.05354851,True,2.7498400000000007,2.7498400000000007
11,COC(=O)C1=C(N)N(N=C1C2=CC=CC(=C2)C=CC=CCl)C(N)=O,COC(=O)c1c(-c2cccc(C=CC=CCl)c2)nn(C(N)=O)c1N,-7.7,2.6113999999999997,0.6521472021197795,3.049929307486522,346.77400000000017,2,5,4,113.22999999999999,2,24,0.20037554,0.06141861,True,,docking_results_3_0_add_B.csv,0.024115449,0.016608335,0.1944613,0.020963512,0.055049844,0.015723592,0.020357477,0.20037554,0.03476322,0.033351824,0.05832259,0.06293066,True,2.6113999999999997,
184,CCS(=O)(=O)C1=CC=C(Cl)C(=C1)C=C2C=COC(C3CC3)C(=O)N2C,CCS(=O)(=O)c1ccc(Cl)c(C=C2C=COC(C3CC3)C(=O)N2C)c1,-7.7,3.2554000000000016,0.8025947825385605,3.6592954835665887,381.8810000000002,0,4,4,63.68000000000001,3,25,0.20536508,0.066116236,True,0.0255197213000318,docking_results_3_5.csv,0.028696224,0.020349419,0.03765597,0.05228415,0.0851815,0.03414741,0.03776147,0.20536508,0.022081371,0.060082052,0.14752127,0.062268876,True,3.2554000000000016,3.2554000000000016
66,COC1=CC=CC=C1C=CC2=CC=C(C(N)=N2)C(=O)NCC3CNCCO3,COc1ccccc1C=Cc1ccc(C(=O)NCC2CNCCO2)c(N)n1,-7.7,1.5609999999999997,0.7157722982533515,3.050797671810635,368.4370000000001,3,6,6,98.50000000000001,3,27,0.21941969,0.06634768,True,0.0231202437655574,docking_results_3_21.csv,0.033833127,0.016489172,0.21941969,0.03621151,0.08936428,0.02005391,0.02034107,0.16383573,0.03838269,0.032957546,0.065868534,0.059414793,True,1.5609999999999997,1.5609999999999995
197,CC(C)CC1=CN=C(NC(=O)C2=CC=CC(=C2)C(F)(F)F)N=C1,CC(C)Cc1cnc(NC(=O)c2cccc(C(F)(F)F)c2)nc1,-7.7,3.946200000000003,0.9268097687197508,2.138418893852956,323.318,1,3,4,54.88,2,23,0.2215569,0.06982318,True,0.02,docking_results_3_3.csv,0.018923242,0.008901268,0.1154645,0.071955785,0.10723202,0.026604952,0.019671652,0.15085101,0.018187432,0.03847055,0.2215569,0.040058844,True,3.946200000000003,3.946200000000003
115,C1C2=C(N=CN=C2N1CC(O)C3=CC=CO3)C4=CC=CC=C4,OC(CN1Cc2c(-c3ccccc3)ncnc21)c1ccco1,-7.7,2.7902000000000013,0.8011232540427774,3.074584534614992,293.326,1,5,4,62.39,4,22,0.2445031,0.07820872,True,0.0301059260637421,docking_results_3_4.csv,0.03925149,0.01750721,0.2445031,0.07541139,0.10962865,0.02508951,0.027058875,0.15210971,0.038870536,0.03843312,0.10835184,0.062289234,True,2.7902000000000013,2.7902000000000013
63,CC=C1C=CC(C2=CC=C(N)C(=C2)S(=O)(=O)NCCC(O)C)=C1,CC=C1C=CC(c2ccc(N)c(S(=O)(=O)NCCC(C)O)c2)=C1,-7.7,2.2175000000000002,0.6955670886958696,3.438682404332754,334.4410000000001,3,4,6,92.42,2,23,0.25101414,0.07329304,True,0.0301528167684331,docking_results_3_11.csv,0.02511027,0.019121086,0.055394515,0.05425778,0.07676946,0.03265778,0.030313175,0.25101414,0.022247791,0.063721396,0.17362286,0.07528624,True,2.2175000000000002,2.2175
85,O=C(CCOC1=CC=CC=C12)NC=NC3=CC=CC=C23,O=C1CCOc2ccccc2-c2ccccc2N=CN1,-7.7,2.9121000000000006,0.796708343497136,2.9735424647462594,266.3,1,3,0,50.69,3,20,0.25135133,0.067482136,True,0.0292157939319377,docking_results_3_10.csv,0.041160688,0.01661057,0.25135133,0.03852337,0.11844708,0.022248143,0.023048311,0.122052446,0.037638083,0.03087553,0.06697835,0.040851824,True,2.9121000000000006,2.912100000000001
49,COC1=CC=C2C(=C1)C=CC=CC=CC3=C(CCNC3=O)C=C2,COc1ccc2c(c1)C=CC=CC=CC1=C(C=C2)CCNC1=O,-7.7,3.664100000000002,0.8595709361961,3.637703693491356,305.377,1,2,1,38.33,3,23,0.25509623,0.06322291,True,0.0201151142498741,docking_results_3_28.csv,0.041429263,0.03230699,0.06721803,0.03168592,0.05163113,0.025098741,0.02983555,0.25509623,0.023114322,0.059046496,0.07319683,0.069015406,True,3.664100000000002,3.664100000000002
184,CC1CCC(CNC(=O)C2=NC(NC(=O)C3CC3)=CC=C2Br)CC1,CC1CCC(CNC(=O)c2nc(NC(=O)C3CC3)ccc2Br)CC1,-7.7,3.748700000000002,0.7992777122339626,2.3630759727615445,394.3130000000001,2,3,5,71.09,3,24,0.25879875,0.09431448,True,0.02,docking_results_3_4.csv,0.021474384,0.013949504,0.1127582,0.09495987,0.09766939,0.03893659,0.035596028,0.25282738,0.035777666,0.079552285,0.25879875,0.08947366,True,3.748700000000002,3.748700000000002
201,COC(=O)[C@]12CCC3=C([NH1]C4=CC=C(OC)C=C34)[C@@H1]1CCC2=O,COC(=O)[C@]12CCc3c([nH]c4ccc(OC)cc34)[C@@H]1CCC2=O,-7.7,2.728600000000001,0.6835469107814915,3.4867933445975092,313.3530000000001,1,4,2,68.39000000000001,4,23,0.26012895,0.13154061,True,0.0304480985463224,docking_results_3_12.csv,0.21831533,0.1422554,0.10817662,0.09732991,0.23289292,0.09134303,0.029145965,0.26012895,0.04097859,0.039370734,0.18302098,0.13552906,True,2.728600000000001,2.728600000000001
133,O=C(N1CCC2=CN=C(NC3CC3)N=C21)C4CCCCCC4,O=C(C1CCCCCC1)N1CCc2cnc(NC3CC3)nc21,-7.7,2.910400000000001,0.8720516378873475,2.456074318725218,300.4060000000001,1,4,3,58.120000000000005,4,22,0.27445832,0.0984869,True,0.0292300282468819,docking_results_3_4.csv,0.031187518,0.021393027,0.11661001,0.12066742,0.08250809,0.036088288,0.03932572,0.27445832,0.04246845,0.074461095,0.2087871,0.13388772,True,2.910400000000001,2.910400000000001
163,CC(C)NC(=O)C=CC=CC1=CC=C(C2=CC=C(F)C=C2)N=C1,CC(C)NC(=O)C=CC=Cc1ccc(-c2ccc(F)cc2)nc1,-7.7,3.9817000000000027,0.6701877085398488,2.3306313706069695,310.372,1,2,5,41.99,2,23,0.28113666,0.11592677,True,0.02,docking_results_3_4.csv,0.03335809,0.025280528,0.20373857,0.0847565,0.15709537,0.061415453,0.05410165,0.28113666,0.062684335,0.112837926,0.23214424,0.08257188,True,3.9817000000000027,3.9817000000000022
35,CC[C@H1]1CC[C@@H1](O)C[C@@H1]1NC(=O)C2=CC=CC3=CN=CC=C23,CC[C@H]1CC[C@@H](O)C[C@@H]1NC(=O)c1cccc2cnccc12,-7.7,2.9042000000000012,0.9155892520642367,3.2724415869375623,298.386,2,3,3,62.22,3,22,0.30130175,0.117029004,True,0.0292815259798278,docking_results_3_1.csv,0.05176377,0.027207524,0.1916873,0.13217983,0.19706406,0.059708264,0.035755146,0.20738533,0.04514898,0.05810231,0.30130175,0.09704384,True,2.9042000000000012,2.904200000000001
236,COC=CC(C=CC1=CC=C2NC(=O)CC2=C1)C(=O)N3CCCC3,COC=CC(C=Cc1ccc2c(c1)CC(=O)N2)C(=O)N1CCCC1,-7.7,2.5931000000000006,0.8462652407515746,3.4455251725682405,326.3960000000002,1,3,5,58.64,3,24,0.32280383,0.09302181,True,0.0309237198505086,docking_results_3_15.csv,0.046355974,0.047288172,0.06749562,0.050356243,0.08995145,0.04924508,0.059276942,0.32280383,0.061070453,0.09615556,0.10162381,0.12463852,True,2.5931000000000006,2.5931000000000006
136,COC=CC=C(NC(=O)C1=CC=C2C=CC=C(C(=O)O)C2=C1)C=C,C=CC(=CC=COC)NC(=O)c1ccc2cccc(C(=O)O)c2c1,-7.7,3.4978000000000016,0.6300303974519778,2.9163414147822095,323.34800000000007,2,3,6,75.63,2,24,0.3258401,0.097646676,True,0.0223310748552808,docking_results_3_20.csv,0.031263176,0.033435687,0.1612765,0.031330746,0.10492764,0.04768628,0.050190207,0.3258401,0.06564346,0.08878048,0.14086124,0.090524666,True,3.4978000000000016,3.4978000000000016
211,C1C=C2C(OC3=CC=C(Cl)C=C3)=C(C)N=NC2=C1,Cc1nnc2c(c1Oc1ccc(Cl)cc1)=CCC=2,-7.7,2.1954199999999995,0.8283714788883022,3.0356512248084826,258.70799999999997,0,3,2,35.010000000000005,3,18,0.32687443,0.08848917,True,0.0300152741604771,docking_results_3_7.csv,0.031613346,0.01590181,0.32687443,0.07275651,0.07871367,0.02106884,0.025235932,0.19209595,0.037580486,0.04285198,0.13873819,0.07843889,True,2.1954199999999995,2.1954199999999995
233,O=C(OC1=CC=C2C=CC=C(O)C2=N1)N3CCCC3,O=C(Oc1ccc2cccc(O)c2n1)N1CCCC1,-7.7,2.535000000000001,0.8533693053515519,2.18729565681123,258.277,1,4,1,62.660000000000004,3,19,0.333959,0.14801888,True,0.0310059684844199,docking_results_3_15.csv,0.062673084,0.048836134,0.32670337,0.10050998,0.18061593,0.067908645,0.05710455,0.333959,0.11730363,0.078299455,0.22364266,0.17867,True,2.535000000000001,2.535000000000001
216,C1=CC=C(C2=C1C=CC=CC3=C(CCNC3=O)C2=O)C=O,O=Cc1cccc2c1C(=O)C1=C(C=CC=C2)C(=O)NCC1,-7.7,2.0812999999999997,0.8004909279897736,3.604031306736143,279.29499999999996,1,3,1,63.24,3,21,0.34070227,0.09434494,True,0.0291600695653482,docking_results_3_29.csv,0.051308114,0.048249286,0.11497514,0.043744735,0.07620447,0.038555115,0.043884132,0.34070227,0.049170446,0.07018401,0.12425585,0.13090569,True,2.0812999999999997,2.0813
226,CC1=NOC(C2=CC=C(NC(=O)C3=CN=CC(F)=C3)C=C2)=N1,Cc1noc(-c2ccc(NC(=O)c3cncc(F)c3)cc2)n1,-7.7,2.8314200000000005,0.8037842989272976,2.098094785758187,298.277,1,5,3,80.91000000000001,3,22,0.3602814,0.08577386,True,0.0298355028859412,docking_results_3_5.csv,0.041445937,0.020335877,0.3602814,0.051971275,0.10519454,0.02374063,0.023367254,0.16491409,0.053929545,0.033894707,0.08241218,0.067798935,True,2.8314200000000005,2.8314200000000005
229,C[C@@H1]OC1=CC=CC2=C1O[C@@H1](OC2)C#CC3=CC=CC(F)=C3,C[CH]Oc1cccc2c1O[C@H](C#Cc1cccc(F)c1)OC2,-7.7,3.672990000000002,0.7915549535338681,3.7618838800291927,297.30499999999995,0,3,2,27.69,3,22,0.372603,0.14911401,True,0.02,docking_results_3_8.csv,0.05039436,0.037399672,0.23837173,0.16182208,0.19679388,0.08493904,0.06539489,0.2852524,0.06379809,0.115129046,0.372603,0.117470026,True,3.672990000000002,3.672990000000002
20,[S-1]C1=NN=C(C2=CC=C3C=CC=CC3=C2)C1,[S-]C1=NN=C(c2ccc3ccccc3c2)C1,-7.7,2.8930000000000016,0.6848124481931103,2.9432037944972684,225.296,0,3,1,24.72,3,16,0.37368155,0.1260795,True,0.0293728858221786,docking_results_3_7.csv,0.03915972,0.027410408,0.37368155,0.0822607,0.14279546,0.045262754,0.048999116,0.27164942,0.07161257,0.07486512,0.22864185,0.106615245,True,2.8930000000000016,2.8930000000000016
150,CC=CC(F)=COC1=CC2=CC=C(NS(C)(=O)=O)C=C2N=C1,CC=CC(F)=COc1cnc2cc(NS(C)(=O)=O)ccc2c1,-7.7,3.3721000000000005,0.6767224693161917,3.0335836346142475,322.36100000000005,1,4,5,68.28999999999999,2,22,0.3811391,0.1512055,True,0.0240106823993217,docking_results_3_4.csv,0.051658392,0.051814687,0.25363117,0.10198361,0.16081108,0.07717348,0.07593627,0.3811391,0.11429321,0.123325236,0.24725738,0.17544231,True,3.3721000000000005,3.3721000000000005
1,O=C(NCCCN1CCCCC1)C2=CC3=C(NC4=CC=CC=C4)N=CC=C3[NH1]2,O=C(NCCCN1CCCCC1)c1cc2c(Nc3ccccc3)nccc2[nH]1,-7.7,3.912300000000002,0.5459396452199411,2.2176644492039053,377.492,3,4,7,73.05000000000001,4,28,0.3821038,0.11879263,True,0.02,docking_results_3_3.csv,0.027895842,0.016838115,0.3821038,0.0975829,0.11904858,0.034065872,0.032944404,0.26638192,0.06913442,0.06362698,0.20284088,0.11304782,True,3.912300000000002,3.912300000000002
161,FC1=CC=CC=C1C2=CC=CC3=NC=NC(N4CCNC4)=C23,Fc1ccccc1-c1cccc2ncnc(N3CCNC3)c12,-7.7,2.803000000000001,0.7888612534133409,2.470399096831727,294.333,1,4,2,41.050000000000004,4,22,0.39209378,0.12134582,True,0.0300254295718092,docking_results_3_6.csv,0.042044543,0.024746725,0.39209378,0.12002199,0.12168537,0.034102917,0.037291914,0.25084764,0.078011274,0.056846026,0.16407211,0.1343856,True,2.803000000000001,2.803000000000001
206,C[C@@H1](C(=O)NC1=CC=CC=C1O[C@H1](C)C#N)NC2=NC=C(C=N2)C3=CC=CC=C3,C[C@H](C#N)Oc1ccccc1NC(=O)[C@H](C)Nc1ncc(-c2ccccc2)cn1,-7.7,3.8735800000000022,0.6382317263697338,3.020745880326764,387.44300000000004,2,6,7,99.92999999999999,3,29,0.39654547,0.13793308,True,0.02,docking_results_3_13.csv,0.047443476,0.028954487,0.39654547,0.1097528,0.20598261,0.062035535,0.050656497,0.24222897,0.09435055,0.079780504,0.23536922,0.10209677,True,3.8735800000000022,3.873580000000002
191,COCCCN1C(N)=NC=C(C1=O)C=CC2=CC=C(C(N)=N2)C=CC=CC,CC=CC=Cc1ccc(C=Cc2cnc(N)n(CCCOC)c2=O)nc1N,-7.7,2.5989000000000004,0.5481837897841444,3.3147806177084664,367.45300000000015,2,6,8,109.05,2,27,0.40943232,0.13731988,True,0.0309114397073471,docking_results_3_18.csv,0.035148058,0.02967793,0.40943232,0.08135244,0.10346058,0.043051228,0.050807565,0.34542337,0.11029696,0.09775543,0.1799015,0.16153115,True,2.5989000000000004,2.5989000000000004
138,COC1=CC=CC=C1C=CN=C2C=CC=C(C=3N=N[NH1]N=3)C2=C,C=C1C(c2nn[nH]n2)=CC=CC1=NC=Cc1ccccc1OC,-7.7,2.829600000000001,0.9420402929827687,3.3796049853733745,305.34100000000007,1,5,4,76.05000000000001,3,23,0.41544726,0.12339375,True,0.0298481223987529,docking_results_3_6.csv,0.020674316,0.022661896,0.30388188,0.07028339,0.05574625,0.02867796,0.04238263,0.41544726,0.06514522,0.10255064,0.18973424,0.16353929,True,2.829600000000001,2.829600000000001
61,COC1=CC=C(/C=C2/SC(=O)N(CC(=O)NC3=CC=CC=C3)C2=O)C=C1OC,COc1ccc(/C=C2/SC(=O)N(CC(=O)Nc3ccccc3)C2=O)cc1OC,-7.7,3.378800000000002,0.7512038255506192,1.9746353927639273,398.4400000000001,1,6,6,84.94000000000001,3,28,0.42282024,0.16261165,True,0.0239220918928799,docking_results_3_0.csv,0.03584125,0.04090294,0.308243,0.09498206,0.14219478,0.07265195,0.083846234,0.42282024,0.127892,0.15227501,0.28523767,0.18445265,True,3.378800000000002,3.378800000000002
165,COC1=C(C=C(Cl)C=C1C=CC=C2C=C([NH1]C2=C)C#N)C=O,C=c1[nH]c(C#N)cc1=CC=Cc1cc(Cl)cc(C=O)c1OC,-7.7,2.26508,0.8807114924621328,3.568070141549935,312.7560000000001,1,3,4,65.88,2,22,0.42509025,0.17247649,True,0.030416505091501,docking_results_3_10.csv,0.03892025,0.041416645,0.41112494,0.111148104,0.12516397,0.06538066,0.0676471,0.42509025,0.1024265,0.13596742,0.34331965,0.20211238,True,2.26508,2.26508
157,CCC=1SC(NC2=CC=C(F)C=C2F)=C(C#N)C=1C(=O)NC3CCNCC3,CCc1sc(Nc2ccc(F)cc2F)c(C#N)c1C(=O)NC1CCNCC1,-7.7,3.685780000000002,0.7278203920493176,2.7974354760080615,390.4590000000002,3,5,5,76.95,3,27,0.43138495,0.16410947,True,0.02,docking_results_3_20.csv,0.021105593,0.017537748,0.3809658,0.16262716,0.09006173,0.041066416,0.04608634,0.39824307,0.065309204,0.10966766,0.43138495,0.20525806,True,3.685780000000002,3.685780000000002
205,CCC1=CN=CC=C2N=CN=C(NC3CCCCC3)C2=C1,CCC1=CN=CC=c2ncnc(NC3CCCCC3)c2=C1,-7.7,2.1605,0.9240097188674616,3.5492140918961903,282.39099999999996,1,4,3,50.17,3,21,0.45539805,0.19904344,True,0.0297787327903996,docking_results_3_2.csv,0.031925973,0.029492447,0.4087005,0.20736702,0.13238463,0.07184899,0.07159936,0.45102584,0.11960652,0.16426003,0.45539805,0.24491188,True,2.1605,2.1605
197,CC1=C(N=C(N)N=C1NC2=CC=CC=C2OCCC(F)F)F,Cc1c(F)nc(N)nc1Nc1ccccc1OCCC(F)F,-7.7,3.283920000000002,0.8008234458608747,2.6669624492422432,312.295,2,5,6,73.06,2,22,0.4789612,0.1266433,True,0.0251580722512887,docking_results_3_1.csv,0.021830032,0.012781009,0.4789612,0.11130385,0.089923665,0.026711792,0.03125398,0.26268947,0.061503246,0.06559611,0.24254178,0.1146234,True,3.283920000000002,3.283920000000002
152,CCC=1SC(NC(=O)C=2C=C3N(N=2)CCC3)=NC=1C4=CC=CC=C4,CCc1sc(NC(=O)c2cc3n(n2)CCC3)nc1-c1ccccc1,-7.7,3.767500000000002,0.7876285924219539,2.4954545622317763,338.43600000000004,1,4,4,59.81,4,24,0.4832732,0.13947114,True,0.02,docking_results_3_4.csv,0.027466856,0.018777944,0.4832732,0.11404145,0.09776369,0.03203203,0.038691398,0.3090639,0.07256771,0.07390714,0.26156425,0.14450416,True,3.767500000000002,3.767500000000002
37,CC1=CC([N+1](=O)[O-1])=CC=C1NC(=O)C2=CC=C(Cl)C=C2F,Cc1cc([N+](=O)[O-])ccc1NC(=O)c1ccc(Cl)cc1F,-7.7,3.9480200000000014,0.6890144560648261,1.8207351184078782,308.696,1,3,3,72.24000000000001,2,21,0.4908095,0.13155647,True,0.02,docking_results_3_4.csv,0.01617129,0.010586664,0.28985316,0.08893264,0.13735431,0.04050083,0.028102325,0.2986318,0.033681944,0.06121995,0.4908095,0.082833126,True,3.9480200000000014,3.9480200000000014
238,C1OCCN1CC2=CC=CC(=C2)C3=CC=CC(C)=C3C,Cc1cccc(-c2cccc(CN3CCOC3)c2)c1C,-7.6,3.7601400000000034,0.8392654135029572,2.0952574399537713,267.372,0,2,3,12.47,3,20,0.088581145,0.03653642,True,0.02,docking_results_3_7.csv,0.023752099,0.007342288,0.0622666,0.038634222,0.088581145,0.014709444,0.012816055,0.07910799,0.01020957,0.022180788,0.061163753,0.017673109,True,3.7601400000000034,3.7601400000000034
153,C[C@@H1](CCC1=CC=CC=C1)NC(=O)C2CCN(C3=CC=CC=C3C(=O)O)CC2,C[C@@H](CCc1ccccc1)NC(=O)C1CCN(c2ccccc2C(=O)O)CC1,-7.6,3.7387000000000024,0.7677326606223006,2.371285038658945,380.4880000000001,2,3,7,69.64,3,28,0.091318324,0.027623758,True,0.02,docking_results_3_8.csv,0.02421922,0.008008728,0.02217518,0.01735882,0.091318324,0.01478438,0.012583585,0.06388836,0.0075667314,0.018281253,0.03990756,0.011392957,True,3.7387000000000024,3.7387000000000015
20,O=C1N[C@H1](C2=CC=C(Br)C=C2)C(=O)N1CCC3=CC=CC=C3,O=C1N[C@H](c2ccc(Br)cc2)C(=O)N1CCc1ccccc1,-7.6,3.2847000000000017,0.8521528807568678,2.454263790743479,359.2230000000001,1,2,4,49.410000000000004,3,22,0.093464844,0.032031775,True,0.02,docking_results_3_4.csv,0.033742096,0.010641556,0.0308553,0.023664707,0.093464844,0.015561959,0.015446931,0.06766935,0.0084148515,0.018361662,0.051250875,0.015307166,True,3.2847000000000017,3.2847000000000017
202,C[C@@H1]([NH2+1]CCCC(=O)O)C1=CC=C2C=CC=CC2=C1,C[C@@H]([NH2+]CCCC(=O)O)c1ccc2ccccc2c1,-7.6,2.3290000000000006,0.7812980339411781,3.3184032964951573,258.341,2,1,6,53.91,2,19,0.09370672,0.02563408,True,0.0240609753541917,docking_results_3_7.csv,0.022005973,0.0067704213,0.026258511,0.015184599,0.09370672,0.013281273,0.011581615,0.05389729,0.0071090893,0.016857997,0.032073103,0.008882384,True,2.3290000000000006,2.3290000000000006
198,CC(C)CN(C1=CC=C(C=N1)C(N)=O)C2=CC=C(C=C2C(F)F)C(O)=O,CC(C)CN(c1ccc(C(N)=O)cn1)c1ccc(C(=O)O)cc1C(F)F,-7.6,3.610400000000001,0.7832356008866435,2.7445253136394854,363.36400000000003,2,4,7,96.52000000000001,2,26,0.10121755,0.033863857,True,,docking_results_3_0_add_B.csv,0.020697441,0.00901434,0.05089942,0.019141166,0.063614525,0.013165592,0.01250523,0.10121755,0.010792052,0.018312473,0.06329382,0.023712702,True,3.610400000000001,
77,O=C(OCCCOC1=CC=CC(=C1)C(F)(F)F)C2=CC=CN=C2,O=C(OCCCOc1cccc(C(F)(F)F)c1)c1cccnc1,-7.6,3.726300000000003,0.5997277716941662,1.978018826228272,325.286,0,4,6,48.42,2,23,0.10881113,0.050207,True,0.02,docking_results_3_2.csv,0.033178102,0.015260611,0.068563886,0.046343725,0.10395583,0.025733922,0.02542987,0.10881113,0.01797396,0.035916112,0.092060894,0.029255899,True,3.726300000000003,3.726300000000003
9,CN1C(=O)[NH1]CN=C1C2=CC=CC3=CC=CC=C23,CN1C(=O)NCN=C1c1cccc2ccccc12,-7.6,2.1989,0.8142514946785031,2.6212704555777133,239.27800000000002,1,2,1,44.7,3,18,0.10886446,0.035260413,True,0.0235433789142361,docking_results_3_11.csv,0.034464575,0.011039919,0.10886446,0.019103765,0.07680559,0.010495948,0.011199048,0.07486761,0.01466876,0.013518769,0.026624946,0.021471532,True,2.1989,2.1989
98,COC(=O)N1CCC(=C2C1)C=CC3=CC=CN=C23,COC(=O)N1CCc2ccc3cccnc3c2C1,-7.6,2.3593,0.711853765734931,2.3122163135658784,242.27800000000002,0,3,0,42.43,3,18,0.119105056,0.052308727,True,0.0241419850107703,docking_results_3_4.csv,0.054761767,0.02396196,0.119105056,0.032668997,0.10940567,0.021312337,0.0192614,0.1140873,0.03238956,0.023408452,0.034992717,0.042349532,True,2.3593,2.3593
250,C[C@@H1]1CN(CCCC(=O)C2=CC=CC=C2)C3=CC=CC=C3N1,C[C@@H]1CN(CCCC(=O)c2ccccc2)c2ccccc2N1,-7.6,3.970100000000003,0.8468756696346127,2.6126682550291935,294.398,1,3,5,32.34,3,22,0.119409114,0.057473097,True,0.02,docking_results_3_15.csv,0.030178323,0.011839617,0.112484604,0.05552398,0.119409114,0.0265932,0.024632791,0.11123034,0.021524375,0.041297384,0.10602889,0.02893452,True,3.970100000000003,3.970100000000003
93,O=C(COC1=CC=C2CCC(=O)NC2=C1)NCC3=CC=CC=C3,O=C(COc1ccc2c(c1)NC(=O)CC2)NCc1ccccc1,-7.6,2.2664999999999997,0.8899902399436604,1.9411487281977138,310.353,2,3,5,67.43,3,23,0.1200776,0.048190545,True,0.0238460002886663,docking_results_3_2.csv,0.05284546,0.021137191,0.09628255,0.024893206,0.1200776,0.0236427,0.021919996,0.09582296,0.024022577,0.026584072,0.044470076,0.026588148,True,2.2664999999999997,2.2665
23,C1C=NN=C1[C@@H1]2C[C@H1](CO2)C3=CC=C(C=C3)C#N,N#Cc1ccc([C@H]2CO[C@H](C3=NN=CC3)C2)cc1,-7.6,2.26128,0.7943980821470286,3.9827406466052064,239.278,0,4,2,57.74,3,18,0.12190831,0.052360494,True,0.0238251846829457,docking_results_3_6.csv,0.07004036,0.033536315,0.045982644,0.041599996,0.10637183,0.026981978,0.0250269,0.12190831,0.021784164,0.027365794,0.05661765,0.051110044,True,2.26128,2.26128
78,O=C(CN1CCC(CC1)C(=O)NC2=CC=C(F)C=C2)N3CCCC3,O=C(Nc1ccc(F)cc1)C1CCN(CC(=O)N2CCCC2)CC1,-7.6,2.0986000000000002,0.917986131782919,1.8040963491405186,333.40700000000015,1,3,4,52.650000000000006,3,24,0.12430729,0.03299925,True,0.0229688474133642,docking_results_3_6.csv,0.028107809,0.014954796,0.020677235,0.018720724,0.06493276,0.014381566,0.015572687,0.12430729,0.015177599,0.023258861,0.022574212,0.033325456,True,2.0986000000000002,2.0986
93,CCCC1C2=NCC(=O)N=C2C=C1CC3=CC=CC=C3,CCCC1C(Cc2ccccc2)=CC2=NC(=O)CN=C21,-7.6,3.007600000000002,0.8256035824330497,3.6920111740031034,266.344,0,2,4,41.79,3,20,0.12605725,0.04191671,True,0.0222138538269966,docking_results_3_0.csv,0.023951916,0.0115379235,0.0410807,0.032802135,0.06713953,0.018322634,0.02252393,0.12605725,0.0131803695,0.037224628,0.078808956,0.030370485,True,3.007600000000002,3.007600000000002
38,C/C(=C/C1=CC=CC(CN2CCCCC2)=C1)C(=O)NCC3=CC4=CC(=C3)C(=O)NC4,C/C(=C/c1cccc(CN2CCCCC2)c1)C(=O)NCc1cc2cc(c1)C(=O)NC2,-7.6,3.635600000000001,0.7242543853105244,3.376965531315548,403.52600000000007,2,3,6,61.440000000000005,4,30,0.1283016,0.0393634,True,0.02,docking_results_3_6.csv,0.02416873,0.012062185,0.04770141,0.028682243,0.06245116,0.01669249,0.018813463,0.1283016,0.015136719,0.031986766,0.054671142,0.03169289,True,3.635600000000001,3.635600000000001
256,COC1=CC(C(=O)N2C3CC4CC2C[C@@H1](C3)C4C)=CC=C1,COc1cccc(C(=O)N2C3CC4CC2CC(C3)C4C)c1,-7.6,3.3443000000000023,0.8337535983545016,3.567809780282041,285.38699999999994,0,2,2,29.54,5,21,0.13423347,0.044297766,True,0.02,docking_results_3_17.csv,0.018555347,0.005947324,0.046967935,0.052076854,0.09393554,0.019167371,0.012939838,0.08997927,0.008373034,0.029333744,0.13423347,0.020063486,True,3.3443000000000023,3.3443000000000023
250,CC(C)CNC1=NC=C(C(N)=O)C(NCC2=CC=CC=C2Cl)=N1,CC(C)CNc1ncc(C(N)=O)c(NCc2ccccc2Cl)n1,-7.6,2.908900000000001,0.7240812727662216,2.2365957825892195,333.82300000000004,3,5,7,92.92999999999999,2,23,0.13432392,0.035846457,True,,docking_results_3_0_add_B.csv,0.016556982,0.005112031,0.13432392,0.020069987,0.06607424,0.0092935655,0.008534835,0.079373166,0.012322966,0.01547356,0.04594643,0.0170758,True,2.908900000000001,
76,CC(C)CCC=1N=C2NCCN2C(=O)C=1C3=CC=CC(Cl)=C3,CC(C)CCc1nc2n(c(=O)c1-c1cccc(Cl)c1)CCN2,-7.6,3.5778000000000025,0.9372745032934958,2.870904250487005,317.82000000000005,1,3,4,46.92,3,22,0.13597098,0.054834414,True,0.02,docking_results_3_4.csv,0.018685434,0.007429895,0.13597098,0.06102635,0.06770476,0.015253871,0.015900273,0.12972945,0.016708761,0.03130356,0.118594036,0.039705627,True,3.5778000000000025,3.5778000000000025
215,O=C(N1CCN(CC=C)CC1)C2=CC3=CC=CC=C3OC2,C=CCN1CCN(C(=O)C2=Cc3ccccc3OC2)CC1,-7.6,1.7926,0.7934408066113229,2.392396457758778,284.35900000000004,0,3,3,32.78,3,21,0.13857861,0.034454513,True,0.0204687841044316,docking_results_3_7.csv,0.031835772,0.02034903,0.024920225,0.014863747,0.054261573,0.013676059,0.017569615,0.13857861,0.020007484,0.024215823,0.013915348,0.039260875,True,1.7926,1.7926
238,C=C(Br)CNC1=CC=C(C=C1)[C@H1]2CN3CCC2CC3,C=C(Br)CNc1ccc([C@H]2CN3CCC2CC3)cc1,-7.6,3.8163000000000027,0.9069273555930285,3.703251094405367,321.26200000000017,1,2,4,15.27,4,19,0.15195873,0.04942429,True,0.02,docking_results_3_1.csv,0.034022264,0.0179445,0.050131716,0.040776566,0.08651677,0.022332177,0.021409888,0.15195873,0.023434345,0.03498673,0.058527995,0.051049743,True,3.8163000000000027,3.8163000000000022
188,O=C(CC1=CC=C(Cl)CC=2CCCN3C1=2)CCCC3,O=C1CCCCN2CCCC3=C2C(=CC=C(Cl)C3)C1,-7.6,3.9322000000000026,0.6685564883431349,3.7345693571012184,277.79499999999996,0,2,0,20.310000000000002,3,19,0.15885201,0.0362455,True,0.02,docking_results_3_8.csv,0.023700254,0.016270742,0.016778747,0.025925882,0.030776795,0.012781178,0.02194063,0.15885201,0.0118603045,0.03858184,0.03159887,0.045878705,True,3.9322000000000026,3.9322000000000026
119,CC(C)C[C@H1](N)[C@H1](N)C(=O)NCC=C(C1=CC=CC(Cl)=C1)C2=NC=CC=C2,CC(C)C[C@H](N)[C@H](N)C(=O)NCC=C(c1cccc(Cl)c1)c1ccccn1,-7.6,2.983600000000001,0.6495978411141706,3.4243781606806305,386.92700000000013,3,4,8,94.03,2,27,0.1589814,0.067648165,True,0.0223965331503234,docking_results_3_13.csv,0.029042576,0.014132417,0.11518584,0.06221166,0.12258166,0.031380173,0.025847973,0.1589814,0.029641524,0.050443955,0.12532237,0.047006372,True,2.983600000000001,2.983600000000001
28,O=C(N1C=CC=C2CCN(CC12)C3CCCCC3)C4CC4,O=C(C1CC1)N1C=CC=C2CCN(C3CCCCC3)CC21,-7.6,3.085700000000002,0.7785953839665234,3.4343633370009607,286.419,0,2,2,23.550000000000004,4,21,0.1665467,0.037378706,True,0.0215757606787425,docking_results_3_3.csv,0.01723919,0.011258884,0.011018532,0.03242668,0.037499495,0.014223214,0.01875706,0.1665467,0.010317533,0.03906786,0.045131326,0.045057982,True,3.085700000000002,3.085700000000002
124,CCC1=CC=C(C)C=C1NC(=O)NC2=CC=C(C=C2)C(=O)O,CCc1ccc(C)cc1NC(=O)Nc1ccc(C(=O)O)cc1,-7.6,3.8996200000000014,0.8006543568993183,1.7434307972876404,298.34200000000004,3,2,4,78.43,2,22,0.16678265,0.05985558,True,0.02,docking_results_3_7.csv,0.019129612,0.00798322,0.16678265,0.027546853,0.10905909,0.021171503,0.01606351,0.13154773,0.017449131,0.029191755,0.14680742,0.025534535,True,3.8996200000000014,3.8996200000000014
27,CCC1=C(N=C(N)N1C2=CC=C(Cl)C(Cl)=C2C)CC(=O)NCC=3CNCOC=3,CCc1c(CC(=O)NCC2=COCNC2)nc(N)n1-c1ccc(Cl)c(Cl)c1C,-7.6,2.75202,0.6632302021379045,3.491150739928935,424.3320000000003,3,5,6,94.2,3,28,0.17018211,0.048441034,True,0.0237701924743174,docking_results_3_24.csv,0.022174604,0.01222117,0.12099547,0.031696305,0.038071416,0.010936708,0.017375477,0.17018211,0.022381667,0.031264294,0.042576447,0.061416775,True,2.75202,2.75202
197,C1=CCN(CC2=CNC=C(OC3=CC=C(Cl)C=C3OCC(O)=O)N=C2)CCC1,O=C(O)COc1cc(Cl)ccc1OC1=CNC=C(CN2CC=CCCC2)C=N1,-7.6,3.1910000000000016,0.6801292549541481,3.3167237839789028,403.86600000000027,2,6,7,83.39,3,28,0.17153883,0.039705504,True,0.0206247340021345,docking_results_3_4.csv,0.025419198,0.017864913,0.039332323,0.014926446,0.047331844,0.014521516,0.02052787,0.17153883,0.021746164,0.0318808,0.02444409,0.04693203,True,3.1910000000000016,3.1910000000000016
153,COC(=O)[C@H1](NC(=O)C1=NN(C=C1)C2=CC=CC=C2)C3=CC=CC=C3,COC(=O)[C@H](NC(=O)c1ccn(-c2ccccc2)n1)c1ccccc1,-7.6,2.5164,0.7272740942612198,2.4402466147883075,335.36300000000006,1,4,5,73.22,3,25,0.17384383,0.059624698,True,0.0243106991943968,docking_results_3_3.csv,0.038338434,0.0141292,0.17384383,0.03509594,0.15064722,0.0250203,0.020241432,0.10026804,0.029272132,0.0266573,0.075171344,0.026811155,True,2.5164,2.5164
189,CS(=O)(=O)NCC1=CC=C(C=C1)C(=O)C2=CC=C(Cl)C=C2,CS(=O)(=O)NCc1ccc(C(=O)c2ccc(Cl)cc2)cc1,-7.6,2.6202000000000014,0.8602826866204286,1.7442181562411871,323.80100000000004,1,3,5,63.24,2,21,0.18576711,0.052995782,True,0.0241880309304472,docking_results_3_7.csv,0.045267206,0.017153654,0.04801451,0.03344565,0.18576711,0.032673083,0.019018445,0.09757897,0.015327895,0.024419302,0.09584984,0.02143372,True,2.6202000000000014,2.6202000000000014
49,CC1=CC([N+1](=O)[O-1])=CC=C1OC2=CC=C(C=N2)C(=O)N3CCC3,Cc1cc([N+](=O)[O-])ccc1Oc1ccc(C(=O)N2CCC2)cn1,-7.6,2.936420000000001,0.6396315994230649,2.081365253743064,313.31300000000016,0,5,4,85.57000000000001,3,23,0.21736181,0.07908651,True,0.0227355128334206,docking_results_3_14.csv,0.031029716,0.018178567,0.15946369,0.05054836,0.10434235,0.029284539,0.025568837,0.21736181,0.036749087,0.03895567,0.16393399,0.0736216,True,2.936420000000001,2.936420000000001
250,COC1=CC=CC=C1SC2=CC=CC(=C2)C3=NN=C(CCN)N3C,COc1ccccc1Sc1cccc(-c2nnc(CCN)n2C)c1,-7.6,3.1431000000000004,0.7465895807878008,2.359929125060253,340.45200000000017,1,5,6,65.96000000000001,3,24,0.22068979,0.06007572,True,0.0210688312140997,docking_results_3_4.csv,0.025461635,0.010588438,0.22068979,0.051840544,0.07366836,0.015998635,0.019056268,0.12685111,0.025128078,0.03371796,0.07717558,0.040732294,True,3.1431000000000004,3.1431000000000004
108,C[C@H1](CN(C)CC1=CC=CC2=CC(O)=CC=C12)N3C=CN=C3,C[C@H](CN(C)Cc1cccc2cc(O)ccc12)n1ccnc1,-7.6,3.4349000000000016,0.7837380302338183,2.966800054479741,295.386,1,3,5,41.29,3,22,0.23256703,0.10375855,True,0.02,docking_results_3_16.csv,0.03762802,0.018771857,0.22415023,0.11137687,0.18049495,0.049812667,0.0291098,0.19569367,0.042559035,0.05757049,0.23256703,0.065368086,True,3.4349000000000016,3.4349000000000016
92,COC1=CC=C(C(=C1)C(=O)C(CN(C=2)C)=CN3C=CC=CC=23)C=O,COc1ccc(C=O)c(C(=O)C2=CN3C=CC=CC3=CN(C)C2)c1,-7.6,2.746600000000001,0.6300573972478302,3.4490011297818732,322.36400000000003,0,5,4,49.85,3,24,0.24290445,0.058313813,True,0.0237929409166163,docking_results_3_15.csv,0.022102945,0.017663317,0.08402571,0.027940715,0.040594403,0.018198062,0.026945205,0.24290445,0.02546115,0.054119475,0.07395597,0.06585438,True,2.746600000000001,2.746600000000001
149,O=C(CCC(=O)NC1=CC=CC=C1C(=O)O)NC2=CC=C3C=CC=CC3=C2,O=C(CCC(=O)Nc1ccccc1C(=O)O)Nc1ccc2ccccc2c1,-7.6,3.895400000000002,0.6196901177039256,1.7615525352645953,362.3850000000001,3,3,6,95.5,3,27,0.24348918,0.098706506,True,0.02,docking_results_3_10.csv,0.045088697,0.027450308,0.24348918,0.043522082,0.19304597,0.050085198,0.040787563,0.20261832,0.06308738,0.054090265,0.15866019,0.0625529,True,3.895400000000002,3.895400000000002
7,O=C(CC1=CC=CC=C12)NC=NC3=CC=CC=C23,O=C1Cc2ccccc2-c2ccccc2N=CN1,-7.6,2.6857000000000006,0.7503250100423581,2.839538525938849,236.274,1,2,0,41.46,3,18,0.2630103,0.07230554,True,0.0240161645440243,docking_results_3_12.csv,0.03901144,0.015501967,0.2630103,0.04597245,0.124084935,0.023933195,0.025099745,0.12648068,0.035269976,0.033836465,0.09452704,0.040938184,True,2.6857000000000006,2.6857000000000006
51,CSC1=CC=C(C=C1C2=CC=C3NC(=O)N(C)C(=O)C3=C2C=O)N4CCNCC4,CSc1ccc(N2CCNCC2)cc1-c1ccc2[nH]c(=O)n(C)c(=O)c2c1C=O,-7.6,1.8377999999999999,0.5041849873631838,2.916790812703214,410.49900000000025,2,6,4,87.2,4,29,0.2694698,0.10566019,True,0.0208938813776048,docking_results_3_23.csv,0.045211308,0.03018643,0.2694698,0.0823208,0.09870134,0.032557335,0.035429068,0.26729795,0.0674715,0.051858302,0.14205834,0.14536011,True,1.8377999999999999,1.8378
144,CC[C@H1](C)OC1=NC2=CC=C(C=C2S1)C(=O)NC3CCNCC3,CC[C@H](C)Oc1nc2ccc(C(=O)NC3CCNCC3)cc2s1,-7.6,2.955400000000001,0.8829158009502466,2.9550155711659194,333.45700000000016,2,5,5,63.25,3,23,0.2802015,0.1040562,True,0.0226024491134856,docking_results_3_6.csv,0.037929326,0.021287171,0.2802015,0.09085701,0.12165432,0.0365191,0.031912602,0.23031038,0.05837921,0.059033837,0.17658003,0.10400981,True,2.955400000000001,2.955400000000001
84,O=C(NCCCN1CCCCC1)C2=CC=CC=CC3=C(CCNC3=O)C2=C,C=C1C(C(=O)NCCCN2CCCCC2)=CC=CC=CC2=C1CCNC2=O,-7.6,2.4036999999999997,0.7337866634361542,3.5723450090887416,367.4930000000002,2,3,5,61.440000000000005,3,27,0.2856763,0.050006926,True,0.0242326953303441,docking_results_3_19.csv,0.017119817,0.020553833,0.016046988,0.016833484,0.024541682,0.015101056,0.026646972,0.2856763,0.019574197,0.058577813,0.02762416,0.07178679,True,2.4036999999999997,2.4037
255,CCOC1=NN=C(O1)C=CC2=CC3=CC=CC=C3OC2=CC,CC=C1Oc2ccccc2C=C1C=Cc1nnc(OCC)o1,-7.6,3.8613000000000035,0.8570659643193159,3.4042697514175266,296.3260000000001,0,5,4,57.38000000000001,3,22,0.35216916,0.1275694,True,0.02,docking_results_3_10.csv,0.027886631,0.02348383,0.35216916,0.08094737,0.08835082,0.0364322,0.046358757,0.3439762,0.075541586,0.094740085,0.21771808,0.1432282,True,3.8613000000000035,3.861300000000004
91,CC(=O)NCCCC1=CC=NC=C1C2=NC(NC3CCCC3)=C(Cl)C(N)=N2,CC(=O)NCCCc1ccncc1-c1nc(N)c(Cl)c(NC2CCCC2)n1,-7.6,3.197400000000001,0.6287177496748168,2.7242162715283307,388.90300000000025,3,6,7,105.82,3,27,0.36465737,0.12075997,True,0.0205640984090391,docking_results_3_0.csv,0.02654126,0.01688632,0.36465737,0.10916351,0.09273841,0.032361396,0.036162656,0.28242692,0.06911696,0.07604132,0.2125503,0.13047329,True,3.197400000000001,3.197400000000001
124,CN1N=CC(NC(=O)C=2C=C(C(N)=O)SC=2N3CC3)=C1N(C)C(F)(F)F,CN(c1c(NC(=O)c2cc(C(N)=O)sc2N2CC2)cnn1C)C(F)(F)F,-7.6,1.6088000000000005,0.5993241839647044,3.256744539630885,388.3750000000001,2,6,5,96.25999999999999,3,26,0.3650102,0.12411349,True,0.02,docking_results_3_0.csv,0.019782877,0.01663475,0.3650102,0.0868227,0.049923923,0.02116633,0.03338227,0.364244,0.064505585,0.06484984,0.2079384,0.19510089,True,1.6088000000000005,1.6088000000000005
138,COC1=CC=C(NC(=O)[C@@H1](F)CC2=CC(Cl)=CC=C2OC)C=C1C#N,COc1ccc(NC(=O)[C@@H](F)Cc2cc(Cl)ccc2OC)cc1C#N,-7.6,3.7481800000000023,0.8491174642860314,2.724504808768243,362.7880000000001,1,4,6,71.35,2,25,0.3819327,0.14398834,True,0.02,docking_results_3_0.csv,0.031550415,0.021671064,0.32640374,0.13335976,0.15139282,0.05773229,0.048169296,0.29769325,0.06316545,0.0956717,0.3819327,0.11911765,True,3.7481800000000023,3.7481800000000014
7,CC[C@@H1](NC1=NC=NC2=C(C=CN=C12)C(N)=O)C3=CC=C(Cl)C=C3,CC[C@@H](Nc1ncnc2c(C(N)=O)ccnc12)c1ccc(Cl)cc1,-7.6,3.340300000000001,0.741865167650428,2.836407368122046,341.802,2,5,5,93.78999999999999,3,24,0.3846728,0.090146326,True,0.02,docking_results_3_4.csv,0.024171013,0.011288233,0.3846728,0.061426807,0.099988006,0.021138685,0.021400966,0.17026521,0.041976415,0.036235288,0.14788742,0.06130506,True,3.340300000000001,3.340300000000001
180,CCC1=CC(NC(=O)CC#CCO)=CC=C1OC2=CC=C(C)C=C2,CCc1cc(NC(=O)CC#CCO)ccc1Oc1ccc(C)cc1,-7.6,3.6740200000000023,0.8254248485353611,2.2905769216370775,323.39200000000005,2,3,5,58.56,2,24,0.40563318,0.16420716,True,0.02,docking_results_3_5.csv,0.032803636,0.032973275,0.24359189,0.12709834,0.19933872,0.09803009,0.07827718,0.37250715,0.08645352,0.1604946,0.40563318,0.13328432,True,3.6740200000000023,3.6740200000000014
256,CC=C1C=C(NC(=O)C2=CC=CC=C2N3C(=O)CC[C@@H1]3C)NC=C1,CC=C1C=CNC(NC(=O)c2ccccc2N2C(=O)CC[C@@H]2C)=C1,-7.6,2.8363000000000014,0.899002554924192,3.614870716538336,323.396,2,3,3,61.440000000000005,3,24,0.4072953,0.13789897,True,0.0233582325052649,docking_results_3_20.csv,0.02199421,0.021891568,0.24784139,0.09383438,0.0818054,0.043324996,0.0541361,0.4072953,0.060372032,0.12341225,0.33530092,0.16357896,True,2.8363000000000014,2.8363000000000014
230,CC1=CC(NC(=O)C2=CC=C(OC(F)(F)F)C=C2)=NC(N)=N1,Cc1cc(NC(=O)c2ccc(OC(F)(F)F)cc2)nc(N)n1,-7.6,2.5181199999999997,0.908593542034278,2.1162141264175265,312.25100000000003,2,5,3,90.13,2,22,0.4078078,0.11872939,True,0.0243101837100071,docking_results_3_2.csv,0.03352566,0.02006792,0.4078078,0.0853854,0.12291293,0.034560088,0.03151689,0.2460955,0.06637297,0.051805906,0.21807902,0.10662272,True,2.5181199999999997,2.51812
184,CCSC1=NN=C(CS1)C2=CC=CC3=NC=NC(NC(=O)N4CCNCC4)=C23,CCSC1=NN=C(c2cccc3ncnc(NC(=O)N4CCNCC4)c23)CS1,-7.6,2.6269,0.8002490783841534,3.1696092332180097,415.5480000000003,2,8,3,94.86999999999999,4,28,0.41671714,0.15353094,True,0.0241737646225803,docking_results_3_10.csv,0.036433905,0.033469263,0.41671714,0.10802597,0.092204124,0.03930965,0.052207977,0.40632147,0.12679242,0.09066165,0.18122683,0.25900075,True,2.6269,2.6269
175,COCC[C@@H1](C)COC1=CC=C(C=N1)C2=NC(=NO2)C3=CC=C(O)C=C3,COCC[C@@H](C)COc1ccc(-c2nc(-c3ccc(O)cc3)no2)cn1,-7.6,3.555600000000002,0.6604705050499975,2.8421645603830186,355.3940000000001,1,7,8,90.50000000000001,3,26,0.42527106,0.17555584,True,0.02,docking_results_3_4.csv,0.054892216,0.040714364,0.42527106,0.1505997,0.24088682,0.08715726,0.051397745,0.3316546,0.12424517,0.08839186,0.34412524,0.16733392,True,3.555600000000002,3.555600000000002
113,CC(C)(O)C#CC(N)C1=CC=C2C=CC=CC2=C1,CC(C)(O)C#CC(N)c1ccc2ccccc2c1,-7.6,2.613900000000001,0.7513759751339917,2.9878818815266577,239.31800000000004,2,2,1,46.25,2,18,0.4487769,0.14916545,True,0.0242007497229794,docking_results_3_6.csv,0.029972022,0.021471363,0.16755359,0.16579776,0.2854965,0.10905459,0.0543013,0.25971004,0.052575972,0.12421346,0.4487769,0.0710621,True,2.613900000000001,2.613900000000001
77,CC1=CC=C(C(=O)N(C)[C@H1]2CC[C@@H1](CC2)N3CCCC3)C=C1,Cc1ccc(C(=O)N(C)[C@H]2CC[C@H](N3CCCC3)CC2)cc1,-7.5,3.474020000000002,0.8530840417120509,2.006631049494448,300.446,0,2,3,23.550000000000004,3,22,0.040139403,0.014894068,True,0.02,docking_results_3_1.csv,0.016039914,0.0037585853,0.012996314,0.016243253,0.040139403,0.0053186896,0.0051638396,0.039311122,0.002514606,0.009309631,0.020393074,0.0075403904,True,3.474020000000002,3.474020000000002
221,CCC(C1=CC=C(F)C=C1)N2CCN(CC2)[C@@H1]3CN[C@H1](C3)C(=O)NCCCCC,CCCCCNC(=O)[C@H]1C[C@H](N2CCN(C(CC)c3ccc(F)cc3)CC2)CN1,-7.5,2.931300000000001,0.621558804896298,3.3679559567797765,404.5740000000002,2,4,9,47.61,3,29,0.048192296,0.015312374,True,0.02,docking_results_3_2.csv,0.018868353,0.0053978753,0.008968473,0.011611505,0.046401557,0.005595865,0.0052468916,0.048192296,0.003919551,0.008863271,0.01024133,0.010441509,True,2.931300000000001,2.931300000000001
18,CN(CCCC1=CC=CC=C1)C(=O)CN2CCN(CC2)C3=NN=C4C=CC=CN34,CN(CCCc1ccccc1)C(=O)CN1CCN(c2nnc3ccccn23)CC1,-7.5,1.9424999999999994,0.6151231732539646,2.3363599441456593,392.5070000000001,0,5,7,56.980000000000004,4,29,0.064021856,0.019470414,True,0.02,docking_results_3_4.csv,0.021681497,0.0079196375,0.021177229,0.012071827,0.049272895,0.0067206263,0.007764513,0.064021856,0.00825877,0.011295058,0.00904342,0.014417629,True,1.9424999999999994,1.9424999999999997
19,C/C=C(\C)C(=O)N[C@@H1]1CNCC[C@H1]1C2=CC(F)=CC=C2F,C/C=C(\C)C(=O)N[C@@H]1CNCC[C@H]1c1cc(F)ccc1F,-7.5,2.492700000000001,0.8410322809717095,3.4121242436779626,294.34499999999997,2,2,3,41.13,2,21,0.074809276,0.022776088,True,0.02,docking_results_3_0.csv,0.020664806,0.0076152114,0.018216664,0.020392798,0.042440448,0.008793386,0.011178526,0.074809276,0.0061883517,0.019214965,0.026231576,0.017567039,True,2.492700000000001,2.492700000000001
20,CN1C=C([C@H1]2CC[C@H1](NS(C)(=O)=O)CC2)C=C1C(=O)NCCC,CCCNC(=O)c1cc([C@H]2CC[C@H](NS(C)(=O)=O)CC2)cn1C,-7.5,1.7402999999999997,0.8269402987799753,2.5668452674793265,341.4770000000001,2,3,6,80.2,2,23,0.07727575,0.028788695,True,,docking_results_3_0_add_B.csv,0.030621974,0.010582545,0.021301303,0.025102803,0.07142304,0.013134591,0.011113888,0.07727575,0.00723821,0.017296927,0.04010963,0.020263677,True,1.7402999999999997,
250,CN(CC1=CC=C(C=C1)N2N=CC=N2)C(=O)CC3=CC=CC=C3C(N)=O,CN(Cc1ccc(-n2nccn2)cc1)C(=O)Cc1ccccc1C(N)=O,-7.5,1.5673,0.73069498919539,2.3301685747027463,349.39400000000006,1,4,6,94.11000000000001,3,26,0.08912016,0.031773444,True,0.02,docking_results_3_7.csv,0.028519996,0.009839626,0.08912016,0.01644398,0.07668678,0.011185217,0.010936115,0.06867604,0.015188135,0.014903087,0.023234338,0.016547853,True,1.5673,1.5673
77,C[NH2+1]C[C@@H1](CC1=CC=CC=C1)NS(=O)(=O)CC2=CC=C(F)C(Cl)=C2,C[NH2+]C[C@@H](Cc1ccccc1)NS(=O)(=O)Cc1ccc(F)c(Cl)c1,-7.5,1.7030000000000007,0.7415656672125728,3.254007975942672,371.885,2,2,8,62.78,2,24,0.09296911,0.03584751,True,0.02,docking_results_3_0.csv,0.022245852,0.007595356,0.026178025,0.040034737,0.09296911,0.017616384,0.01610873,0.07892817,0.0072653913,0.027299471,0.078177154,0.01575171,True,1.7030000000000007,1.7030000000000007
146,CCN(C)CCNC=CC1=CC=N[NH1]C=C(C2=CC=C(F)C=C2)C=C1,CCN(C)CCNC=Cc1ccn[nH]cc(-c2ccc(F)cc2)cc1,-7.5,3.8522000000000016,0.7525621213451906,3.0954581532498473,340.446,2,3,7,43.95,2,25,0.09681756,0.034283154,True,,docking_results_3_0_add_B.csv,0.02093595,0.006069077,0.09681756,0.027360335,0.080783375,0.012213009,0.010360972,0.07082351,0.012143068,0.02142508,0.038712908,0.013753008,True,3.8522000000000016,
237,CC1=CC=CC(Cl)=C1C2=CC=C(C=C2)C(N)=O,Cc1cccc(Cl)c1-c1ccc(C(N)=O)cc1,-7.5,3.4143200000000027,0.8657137151431891,1.6800459599092967,245.709,1,1,2,43.09,2,17,0.11204677,0.038684275,True,0.02,docking_results_3_2.csv,0.024884121,0.0076941727,0.11204677,0.021318607,0.098676,0.014180975,0.011619362,0.06901695,0.010609194,0.016968502,0.06365092,0.013545707,True,3.4143200000000027,3.4143200000000027
135,C[C@H1]1CC[C@H1](CN1C(=O)C2=NC=CC=C2C3=CC=CC=C3C)O,Cc1ccccc1-c1cccnc1C(=O)N1C[C@H](O)CC[C@@H]1C,-7.5,3.042420000000002,0.9273417899118918,2.9213505043608237,310.39700000000005,1,3,2,53.43000000000001,3,23,0.11734087,0.058577385,True,0.02,docking_results_3_15.csv,0.037218466,0.014512456,0.10360567,0.0643042,0.10988428,0.024676863,0.02192975,0.11734087,0.020593276,0.0317819,0.114542685,0.04253821,True,3.042420000000002,3.042420000000002
40,CCC1=NN(C)C(C)=C1[C@@H1]N2C(=O)C3=CC=CN=C3N(CC(F)(F)F)C2=O,CCc1nn(C)c(C)c1[CH]n1c(=O)c2cccnc2n(CC(F)(F)F)c1=O,-7.5,1.78301,0.6916520088117041,3.2535866573069345,380.3500000000001,0,4,4,74.71000000000001,3,27,0.12098895,0.03786807,True,0.02,docking_results_3_5.csv,0.023403127,0.008848529,0.12098895,0.039334133,0.04106404,0.008064767,0.011132428,0.09738834,0.014232117,0.017551623,0.037002835,0.035405967,True,1.78301,1.78301
93,C[C@H1](OC1=CC=C(C=C1)C2=CN=CN=C2)C(=O)NCC3=CC=C(C=C3)C(O)=O,C[C@H](Oc1ccc(-c2cncnc2)cc1)C(=O)NCc1ccc(C(=O)O)cc1,-7.5,2.9255000000000004,0.6564437454000132,2.472316961735867,377.4000000000001,2,5,7,101.41,3,28,0.12698704,0.043107007,True,0.02,docking_results_3_21.csv,0.050093863,0.019369083,0.08051138,0.02014417,0.12698704,0.022360398,0.01787914,0.080700405,0.020612419,0.020140396,0.037652344,0.020833466,True,2.9255000000000004,2.9255000000000004
181,CCC1=CC(NC(=O)[C@H1]2CCC[C@@H1]2NC(=O)CC3=CC=CC=C3)=NO1,CCc1cc(NC(=O)[C@H]2CCC[C@@H]2NC(=O)Cc2ccccc2)no1,-7.5,2.703100000000001,0.8459525391205144,2.9976037427115614,341.411,2,4,6,84.23,3,25,0.12801911,0.053358853,True,0.02,docking_results_3_1.csv,0.041490216,0.01947904,0.067669615,0.043115404,0.10185158,0.026537016,0.02568754,0.12801911,0.021596367,0.03625443,0.086918436,0.04168748,True,2.703100000000001,2.703100000000001
220,O=C(C1=NN=C[NH1]1)N2CCCC2C3=CC=CC4=CC=CC=C34,O=C(c1nnc[nH]1)N1CCCC1c1cccc2ccccc12,-7.5,2.935200000000002,0.7896190094174154,3.0016153038457594,292.34200000000004,1,3,2,61.88,4,22,0.13328384,0.056111414,True,0.02,docking_results_3_12.csv,0.03543758,0.015906593,0.13328384,0.050889745,0.09279665,0.02006025,0.022032484,0.12982434,0.026590694,0.030744473,0.07052436,0.045245975,True,2.935200000000002,2.935200000000002
4,COC1=CC=CC=C1O[C@H1]2C3=CC=CC=C3[C@](N)(CC2)[C@H1](O)[C@@H1]O,COc1ccccc1O[C@@H]1CC[C@](N)([C@H](O)[CH]O)c2ccccc21,-7.5,2.65829,0.7855844764356461,3.807015416416972,328.38800000000003,3,5,5,84.94000000000001,3,24,0.14143014,0.05580799,True,0.02,docking_results_3_15.csv,0.059257746,0.020060398,0.07483763,0.055932455,0.14143014,0.029058907,0.01833264,0.09317946,0.01516647,0.023800548,0.10435361,0.03428584,True,2.65829,2.65829
212,CCC[C@H1](NC1=NC=NC1CC2=CC=CC=C2)C(=O)NCC3=CC=CC=C3,CCC[C@H](NC1=NC=NC1Cc1ccccc1)C(=O)NCc1ccccc1,-7.5,3.112800000000002,0.7576964417941298,3.2867616231928016,362.4770000000001,2,4,8,65.85,3,27,0.14215757,0.055030238,True,0.02,docking_results_3_5.csv,0.029792825,0.011585632,0.07577183,0.04528602,0.14215757,0.029408306,0.023781018,0.110350944,0.019575255,0.03865648,0.1089906,0.025006356,True,3.112800000000002,3.112800000000002
81,CCC1(CCC2=CN=CC(=C2)C3=CC=CC=C3)OC(=O)N1,CCC1(CCc2cncc(-c3ccccc3)c2)NC(=O)O1,-7.5,3.527300000000001,0.9123851149712858,3.067827460582298,282.343,1,3,5,51.22,3,21,0.146883,0.06542889,True,0.02,docking_results_3_3.csv,0.036660247,0.015120129,0.146883,0.05362273,0.13685192,0.02993793,0.025933227,0.12590232,0.029274942,0.03948746,0.108428724,0.037043985,True,3.527300000000001,3.527300000000001
102,COC1=CC=C(C=C1)C=C(C)C2=C(O)C[NH1]C(=O)CSC=CC2,COc1ccc(C=C(C)C2=C(O)CNC(=O)CSC=CC2)cc1,-7.5,3.6774000000000022,0.8869640126852307,3.710514559869524,331.43700000000007,2,4,3,58.56,2,23,0.14763746,0.046043813,True,0.02,docking_results_3_4.csv,0.035619054,0.02029845,0.053032544,0.023655815,0.07597782,0.022600085,0.024792505,0.14763746,0.022014614,0.04009556,0.048637647,0.0381642,True,3.6774000000000022,3.677400000000002
64,O=C(CCC1=CC=CC=C12)NC=CC3=CC=CC=C23,O=C1CCc2ccccc2-c2ccccc2C=CN1,-7.5,3.386700000000002,0.7615326770054094,2.767976190268051,249.31300000000002,1,1,0,29.1,3,19,0.15196732,0.057661667,True,0.02,docking_results_3_13.csv,0.038922388,0.014958146,0.15196732,0.038863786,0.124997884,0.024216933,0.024149647,0.10683451,0.024864582,0.032775138,0.0806504,0.028739259,True,3.386700000000002,3.386700000000002
32,CC1=CC=C(C=C1CC=C(C)C(N2CCOCC2)=CC=NC)F,CN=CC=C(C(C)=CCc1cc(F)ccc1C)N1CCOCC1,-7.5,3.539620000000003,0.6129800838301726,3.159856222677975,316.41999999999996,0,3,5,24.83,2,23,0.15718505,0.0415336,True,,docking_results_3_0_add_B.csv,0.014606155,0.008697312,0.03361836,0.03760188,0.04011729,0.015465317,0.02350185,0.15718505,0.012849884,0.055673312,0.06532772,0.033759054,True,3.539620000000003,
98,C[C@](O)(C1=CC=C(F)C(F)=C1OC[C@@H1]2COCCO2)C3=CC=CC=C3,C[C@@](O)(c1ccccc1)c1ccc(F)c(F)c1OC[C@@H]1COCCO1,-7.5,3.014800000000001,0.9005759291302122,3.3238572638383195,350.361,1,4,5,47.92,3,25,0.16141598,0.057897,True,0.02,docking_results_3_7.csv,0.028595094,0.0124072805,0.05997711,0.07480104,0.08889801,0.024257941,0.022962185,0.12990466,0.012670652,0.036964484,0.16141598,0.041909553,True,3.014800000000001,3.014800000000001
138,C1CC2=CC=CC=C2C3=CC=CC=C13,c1ccc2c(c1)CCc1ccccc1-2,-7.5,3.452200000000002,0.5821628603914031,1.5461706955822478,180.25,0,0,0,0.0,3,14,0.16656557,0.06536384,True,0.02,docking_results_3_9.csv,0.029653423,0.009864512,0.15145203,0.06551926,0.16656557,0.029473564,0.019091906,0.09274506,0.014321184,0.033215046,0.15230739,0.020157088,True,3.452200000000002,3.452200000000002
6,O=C(NCC=1CSC2(CCCCC2)C=1C)N3CCCC3,CC1=C(CNC(=O)N2CCCC2)CSC12CCCCC2,-7.5,3.5580000000000025,0.7898520010330584,3.4260910148519104,294.46400000000006,1,2,2,32.34,3,20,0.16779381,0.04183486,True,0.02,docking_results_3_1.csv,0.024334192,0.01640444,0.013804671,0.036336917,0.05192534,0.019606045,0.022961827,0.16779381,0.014477661,0.044165745,0.043640506,0.04656718,True,3.5580000000000025,3.5580000000000025
161,CN(C)C1=CC=C(C=C1C2=CC=C(C=N2)[C@@H1]3COCCN3C(=O)CCOC)C#N,COCCC(=O)N1CCOC[C@H]1c1ccc(-c2cc(C#N)ccc2N(C)C)nc1,-7.5,2.622680000000001,0.7494578823328747,3.2177430393448976,394.4750000000002,0,6,6,78.69,3,29,0.2177774,0.091660626,True,0.02,docking_results_3_13.csv,0.039574057,0.023169206,0.2156583,0.08266889,0.112459354,0.034832675,0.03181546,0.2177774,0.05891384,0.05377081,0.13126425,0.09802336,True,2.622680000000001,2.622680000000001
119,CCS(=O)(=O)C1=CC=C(C=C1)C=CC2=CC(F)=C(O)C=C(N)N=C[NH1]2,CCS(=O)(=O)c1ccc(C=Cc2cc(F)c(O)cc(N)nc[nH]2)cc1,-7.5,2.925,0.7737046347340654,3.273207818801687,363.41400000000004,3,5,4,109.07,2,25,0.2275045,0.104174405,True,0.02,docking_results_3_6.csv,0.04130702,0.025864523,0.21012537,0.07043794,0.17793101,0.052962087,0.03894642,0.22164284,0.0508109,0.059397034,0.2275045,0.07316322,True,2.925,2.925
70,O1C=CC=C1CN2C=C(C=N2)C3=CC=C(C=N3)C(=O)NN4CCC(CC4)CC#N,N#CCC1CCN(NC(=O)c2ccc(-c3cnn(Cc4ccco4)c3)nc2)CC1,-7.5,2.856880000000001,0.6946448216408337,2.838869446408104,390.44700000000023,1,6,6,99.97999999999999,4,29,0.23639669,0.09196988,True,0.02,docking_results_3_8.csv,0.0427206,0.02497925,0.23639669,0.08064893,0.112538695,0.033366878,0.033450745,0.21121643,0.062457763,0.052134786,0.11391079,0.09981703,True,2.856880000000001,2.856880000000001
192,COC=CC(NC1=NN=C(O1)N2CCN(CC2)C(=O)CC3=CC=C(F)C=C3)=CC=CF,COC=CC(=CC=CF)Nc1nnc(N2CCN(C(=O)Cc3ccc(F)cc3)CC2)o1,-7.5,3.0391000000000012,0.5080886536975094,3.3184910847605646,431.4430000000001,1,7,8,83.72999999999999,3,31,0.2521522,0.06078903,True,0.02,docking_results_3_2.csv,0.022206968,0.02054922,0.06534158,0.031839248,0.04836002,0.02109994,0.035051696,0.2521522,0.037723914,0.06182023,0.053153533,0.08016985,True,3.0391000000000012,3.039100000000001
8,CN(C(=O)C1=CC=CC=C1C2=CC=CC=C2)C3=CC=C(C=N3)S(N)=O,CN(C(=O)c1ccccc1-c1ccccc1)c1ccc(S(N)=O)cn1,-7.5,3.0065,0.7848742086376037,2.896395693878233,351.4310000000001,1,3,4,76.28999999999999,3,25,0.2617618,0.07467192,True,0.02,docking_results_3_7.csv,0.029295148,0.01124471,0.2617618,0.049422927,0.15300964,0.026385905,0.020918224,0.11972265,0.03066252,0.032171488,0.13017718,0.031290762,True,3.0065,3.0065
37,COC1=CC=C(CN(C)CC2=CC=C3C=CC(N)=NC3=C2)C=C1,COc1ccc(CN(C)Cc2ccc3ccc(N)nc3c2)cc1,-7.5,3.457600000000001,0.7840807105975709,1.9876083044423645,307.39700000000005,1,4,5,51.38,3,23,0.27361247,0.064455904,True,0.02,docking_results_3_1.csv,0.022692416,0.007357125,0.27361247,0.04961486,0.116036706,0.019101094,0.014038405,0.10178055,0.026332144,0.02806409,0.08962798,0.0252131,True,3.457600000000001,3.457600000000001
68,C1C=NN=C(NC(=O)CC2=CN=C(N=C2NCC)CC3=CC=C(O)C=C3)S1,CCNc1nc(Cc2ccc(O)cc2)ncc1CC(=O)NC1=NN=CCS1,-7.5,1.9520999999999986,0.7018212630848283,3.200054955920862,384.4650000000001,3,8,6,111.86000000000001,3,27,0.27655903,0.095002376,True,0.02,docking_results_3_4.csv,0.03559181,0.022737086,0.27655903,0.0589937,0.07933041,0.027187046,0.03416994,0.2521068,0.05446502,0.057517298,0.13028017,0.111090325,True,1.9520999999999986,1.9520999999999984
124,CCOC(=O)C=C1C(CNC2=CC=CC=C2C(CC3=CC=CC=C3)C1=O)=CC(=C)N,C=C(N)C=C1CNc2ccccc2C(Cc2ccccc2)C(=O)C1=CC(=O)OCC,-7.5,3.895800000000002,0.5856466882255729,3.520013664743523,402.49400000000014,2,5,5,81.42,3,30,0.31813237,0.1107406,True,0.02,docking_results_3_4.csv,0.033291377,0.032332726,0.13216494,0.06562634,0.13098669,0.062727325,0.064321205,0.31813237,0.060994416,0.12328756,0.21089694,0.094125256,True,3.895800000000002,3.895800000000002
197,CCN1C=CC(NC(=O)C2=CC=CC(=C23)N4CCC(C4)C3)=N1,CCn1ccc(NC(=O)c2cccc3c2CC2CCN3C2)n1,-7.5,2.537700000000001,0.9466787465625943,3.6862743673333407,296.3740000000001,1,3,3,50.160000000000004,4,22,0.3395062,0.1078197,True,0.02,docking_results_3_5.csv,0.026481787,0.015050904,0.3395062,0.10024615,0.081691235,0.02591813,0.02965343,0.25002635,0.05034822,0.056680735,0.20659743,0.111635745,True,2.537700000000001,2.537700000000001
137,CS(=O)(=O)C1=CC=C(NC2=NC=NC(F)=C2C#N)C(NC=C(C(=O)C)CC)=C1F,CCC(=CNc1c(Nc2ncnc(F)c2C#N)ccc(S(C)(=O)=O)c1F)C(C)=O,-7.5,3.068380000000001,0.5161674468910189,3.4186365191543615,421.4290000000002,2,8,7,124.84,2,29,0.36440066,0.12928005,True,,docking_results_3_0_add_B.csv,0.024817845,0.02402439,0.23250797,0.10192764,0.09164599,0.04228326,0.046498414,0.36440066,0.0628343,0.089137435,0.30423602,0.16704673,True,3.068380000000001,
23,O=C(CC1=NC(=C2C=CC=CN12)C3=CC=CC=C3N)O,Nc1ccccc1-c1nc(CC(=O)O)n2ccccc12,-7.5,2.2105999999999995,0.7128363593316182,2.3809028399258505,267.288,2,3,3,80.62,3,20,0.39829597,0.09473476,True,,docking_results_3_0_add_B.csv,0.039232753,0.02096794,0.39829597,0.048307642,0.11134888,0.02512593,0.028042972,0.18880133,0.063715406,0.03706469,0.09400446,0.08190921,True,2.2105999999999995,
155,O=C(NCCC1=CC=C(O)C=C1)C2=CC=C3C=CC=CC3=C2,O=C(NCCc1ccc(O)cc1)c1ccc2ccccc2c1,-7.5,3.517900000000002,0.772433099943391,1.627133212955986,291.35,2,2,4,49.33,3,22,0.41093892,0.1545007,True,0.02,docking_results_3_9.csv,0.045432135,0.030040648,0.29240325,0.100461036,0.32356697,0.10680119,0.049773615,0.26695138,0.064685546,0.087774,0.41093892,0.075179435,True,3.517900000000002,3.517900000000002
57,N#CC=C(C1=CC=CC=C1)N(C=O)C2=CC=C(C3=C2)C(O)CCNC3,N#CC=C(c1ccccc1)N(C=O)c1ccc2c(c1)CNCCC2O,-7.5,2.74078,0.6661892258688226,3.642671614788309,333.3910000000001,2,4,4,76.36,3,25,0.42392355,0.16922583,True,0.02,docking_results_3_8.csv,0.034020156,0.036170192,0.21220796,0.14546801,0.16088927,0.08597097,0.07738335,0.42392355,0.0912036,0.14981954,0.42006066,0.19359268,True,2.74078,2.74078
127,C[C@@H1](CSC1=CC=CC=C1)COC2=NC(N)=NC3=C(N)N=CC=C23,C[C@H](COc1nc(N)nc2c(N)nccc12)CSc1ccccc1,-7.5,2.9963999999999995,0.6647096877862827,3.109344570561552,341.44000000000005,2,7,6,99.94,3,24,0.44554314,0.12012234,True,0.02,docking_results_3_15.csv,0.033110425,0.019635782,0.44554314,0.093548246,0.1366916,0.03700464,0.036091365,0.22852072,0.086020105,0.061971538,0.16546884,0.09786161,True,2.9963999999999995,2.9963999999999995
195,C[NH2+1][C@@H1]1CCCC[C@@H1]1NC2=C(N=CN2C3=CC=CC=C3)C4=CC=CC=C4,C[NH2+][C@@H]1CCCC[C@@H]1Nc1c(-c2ccccc2)ncn1-c1ccccc1,-7.5,3.4556000000000022,0.7424422037554715,3.6371957822123644,347.4860000000001,2,2,5,46.46,4,26,0.48180673,0.16054133,True,0.02,docking_results_3_3.csv,0.02967616,0.016630974,0.36446032,0.18542325,0.2350289,0.066415325,0.03582968,0.27181968,0.05778046,0.07663884,0.48180673,0.10498558,True,3.4556000000000022,3.4556000000000022
102,O=C(NC1=CC=C(F)C=C1F)N2C=CC3=CC=CC=C23,O=C(Nc1ccc(F)cc1F)n1ccc2ccccc21,-7.5,3.9997000000000016,0.7134303083572608,2.0166566860796973,272.254,1,1,1,34.03,3,20,0.4877669,0.15490684,True,0.02,docking_results_3_14.csv,0.028810453,0.01698125,0.4877669,0.13031082,0.18445885,0.050692424,0.03836096,0.2752641,0.06321307,0.072283275,0.40958816,0.10115184,True,3.9997000000000016,3.9997000000000016
110,C[C@H1]1CCCC(C1)NC2=NC(N)=NC(N)=C2C3=CC=C(F)C=C3,C[C@H]1CCCC(Nc2nc(N)nc(N)c2-c2ccc(F)cc2)C1,-7.5,3.4377000000000004,0.8070006613244752,3.052315948147805,315.396,3,5,3,89.85,3,23,0.49322563,0.14777355,True,0.02,docking_results_3_4.csv,0.02150458,0.011956478,0.49322563,0.13670783,0.1415663,0.03799814,0.027748462,0.28104714,0.06588921,0.06408041,0.3721072,0.119451135,True,3.4377000000000004,3.4377000000000004
90,O=CN(CCCCN1CCC(CC1)C2=CC=CC=C2C)C=O,Cc1ccccc1C1CCN(CCCCN(C=O)C=O)CC1,-7.4,2.569420000000001,0.5472356379512244,2.5525805000439004,302.41800000000006,0,3,8,40.620000000000005,2,22,0.05671016,0.01478462,True,0.02,docking_results_3_3.csv,0.013203735,0.0052304813,0.005493308,0.009422171,0.034629382,0.006603853,0.008398884,0.05671016,0.0035159613,0.015622443,0.010671534,0.0079135485,True,2.569420000000001,2.569420000000001
37,O=C(CNC12CC3CC(CC(C3)C1)C2)N4CCCCC4,O=C(CNC12CC3CC(CC(C3)C1)C2)N1CCCCC1,-7.4,2.5573000000000006,0.8589802259129432,3.5038562707563035,276.424,1,2,3,32.34,5,20,0.077798806,0.022052532,True,0.02,docking_results_3_5.csv,0.017163593,0.0067627425,0.0058771805,0.021745803,0.04911945,0.010133339,0.009357839,0.077798806,0.0047610505,0.019242879,0.025479803,0.01718787,True,2.5573000000000006,2.557300000000001
93,C[C@H1]1CC[C@@H1](NC(=O)CC2=CC=CC=C2F)CC1,C[C@H]1CC[C@@H](NC(=O)Cc2ccccc2F)CC1,-7.4,3.063100000000002,0.8760611210051734,1.837946647711373,249.32899999999998,1,1,3,29.1,2,18,0.080666594,0.03307296,True,0.02,docking_results_3_8.csv,0.021424796,0.0067579015,0.02211298,0.037871003,0.07941662,0.016339682,0.014468113,0.07013631,0.0058536306,0.02751123,0.080666594,0.014316654,True,3.063100000000002,3.063100000000002
127,CCOC(=O)C=C(C)N(C)C(C)=C(CN1CCNCC1)CC2=CC=CC=C2,CCOC(=O)C=C(C)N(C)C(C)=C(Cc1ccccc1)CN1CCNCC1,-7.4,2.8070000000000013,0.5623382155469026,2.960459362647738,371.52500000000015,1,5,8,44.81,2,27,0.088925935,0.023955455,True,0.02,docking_results_3_5.csv,0.015457493,0.00694871,0.018473864,0.01619931,0.04900516,0.010494066,0.011940057,0.088925935,0.009007122,0.026079684,0.02002859,0.01490546,True,2.8070000000000013,2.8070000000000013
161,C[C@@H1](C1=CC=C(C)C=C1)NCC(O)C2=CC=CC(O)=C2,Cc1ccc([C@H](C)NCC(O)c2cccc(O)c2)cc1,-7.4,3.0848200000000006,0.7830161215550994,2.6141378074208603,271.35999999999996,3,3,5,52.489999999999995,2,20,0.09577306,0.02210059,True,0.02,docking_results_3_0.csv,0.017338466,0.0031813974,0.02400257,0.016378801,0.09577306,0.010261437,0.0060673975,0.03126717,0.0028572336,0.0109489765,0.043071635,0.0040589636,True,3.0848200000000006,3.084820000000001
140,C1C=CC=C(C2=C(C)N(CCN3CCCCC3)C(=O)N(C)C2=O)C1,Cc1c(C2=CC=CCC2)c(=O)n(C)c(=O)n1CCN1CCCCC1,-7.4,2.07472,0.8495428209781798,2.7471192293293836,329.444,0,3,4,47.24,3,24,0.10380766,0.023719594,True,0.02,docking_results_3_2.csv,0.021984965,0.010861991,0.013932994,0.01731888,0.028568847,0.007840228,0.011186436,0.10380766,0.007280477,0.019286312,0.015934609,0.026631728,True,2.07472,2.07472
223,CCOC1=CC=CC=C1OC=C2C(C)=NC(=O)[NH1]C(=O)N(C)C=N2,CCOc1ccccc1OC=C1N=CN(C)C(=O)NC(=O)N=C1C,-7.4,2.569700000000001,0.8587526288430927,3.707444715322694,330.34400000000005,1,5,4,92.59,2,24,0.10558228,0.034807112,True,0.02,docking_results_3_11.csv,0.02773486,0.011983689,0.089040525,0.013414187,0.055027824,0.01089822,0.013522578,0.10558228,0.016729536,0.019989682,0.026301978,0.027459985,True,2.569700000000001,2.569700000000001
46,N[C@@H1](C1=CC=CC(=C1)C2=CC=CC=C2Cl)C(O)=O,N[C@H](C(=O)O)c1cccc(-c2ccccc2Cl)c1,-7.4,3.091400000000001,0.8923991616029,2.2926166507574273,261.708,2,2,3,63.32,2,18,0.10717367,0.033253364,True,0.02,docking_results_3_3.csv,0.036424324,0.011568144,0.047602613,0.01888853,0.10717367,0.015566357,0.014195636,0.06473803,0.010371529,0.015638076,0.041660555,0.015212883,True,3.091400000000001,3.091400000000001
150,O=C(CCSC1=CC=CC=C1)N2CCC3=CC=CC=C3C2,O=C(CCSc1ccccc1)N1CCc2ccccc2C1,-7.4,3.753700000000003,0.8010381902259978,1.9019773673304332,297.42300000000006,0,2,4,20.310000000000002,3,21,0.107769236,0.035302,True,0.02,docking_results_3_21.csv,0.035457414,0.012885334,0.032075625,0.02767643,0.107769236,0.020277806,0.019397805,0.07266409,0.010980468,0.027433751,0.042446885,0.014559136,True,3.753700000000003,3.753700000000003
90,CC=1C=C(N[C@H1](CN(C)C)C2=CC=CC=C2)N3N=CN=C3N=1,Cc1cc(N[C@H](CN(C)C)c2ccccc2)n2ncnc2n1,-7.4,2.14752,0.781537434887832,2.9247033511830374,296.37800000000004,1,5,5,58.35,3,22,0.108612,0.027073627,True,0.02,docking_results_3_1.csv,0.013265196,0.0033605557,0.108612,0.024798281,0.04865348,0.0055230143,0.0051646237,0.05662192,0.008402765,0.010191911,0.026855096,0.013434643,True,2.14752,2.14752
231,CS(=O)(=O)C1=CC=NC(=C1)N=C(C2(N)CCC2)NCC3CCCC3,CS(=O)(=O)c1ccnc(N=C(NCC2CCCC2)C2(N)CCC2)c1,-7.4,2.1762999999999995,0.6264281524387306,3.1121260301668263,350.4880000000001,2,5,5,97.44,3,24,0.11276937,0.041512698,True,0.02,docking_results_3_2.csv,0.018773457,0.0078859795,0.04685041,0.042788584,0.073849395,0.016200919,0.014747634,0.11276937,0.011528693,0.026267635,0.09599494,0.030495357,True,2.1762999999999995,2.1762999999999995
122,C[C@@H1](C[NH2+1]CC(=O)NC1=CC=C(F)C=C1)OC(=O)C2=CC=CC=C2,C[C@@H](C[NH2+]CC(=O)Nc1ccc(F)cc1)OC(=O)c1ccccc1,-7.4,1.5731,0.7567151397241214,3.087623431470462,331.367,2,3,7,72.00999999999999,2,24,0.11782084,0.038472112,True,0.02,docking_results_3_6.csv,0.03146791,0.011440617,0.0547958,0.02302801,0.11782084,0.02080839,0.017926216,0.07969026,0.015258778,0.025748935,0.047634542,0.016045025,True,1.5731,1.5731
242,O=C(CSCC1=CC=CC=C1)N2CC3=CC=CC=C3C2,O=C(CSCc1ccccc1)N1Cc2ccccc2C1,-7.4,3.462200000000002,0.856172508794461,1.8790117536704471,283.3960000000001,0,2,4,20.310000000000002,3,20,0.12805727,0.04696854,True,0.02,docking_results_3_1.csv,0.037514552,0.015903706,0.043912806,0.03932206,0.12805727,0.02826022,0.026584221,0.09884112,0.016442893,0.038072847,0.06874713,0.021963578,True,3.462200000000002,3.462200000000002
177,O=C(CSC1=NC=CC=N1)N2CC3=CC=CC=C3C2=O,O=C(CSc1ncccn1)N1Cc2ccccc2C1=O,-7.4,1.7513,0.6348221231466822,2.2967046548078827,285.3280000000001,0,5,3,63.160000000000004,3,20,0.12982666,0.05280767,True,0.02,docking_results_3_24.csv,0.04498936,0.023230957,0.12031087,0.03201588,0.08593826,0.02027263,0.025114603,0.12982666,0.03235958,0.031084562,0.042425007,0.04612362,True,1.7513,1.7513
222,CC[C@H1](CCC)OCC(=O)N1CCC(CC1)N2C=CC(=N2)C(=O)NC3=CC=C(F)C=C3C=O,CCC[C@@H](CC)OCC(=O)N1CCC(n2ccc(C(=O)Nc3ccc(F)cc3C=O)n2)CC1,-7.4,3.845800000000003,0.5461426606920857,3.2806984587492405,458.5340000000001,1,5,10,93.53,3,33,0.13335794,0.047800507,True,0.02,docking_results_3_2.csv,0.027906304,0.013042422,0.08939546,0.03917135,0.069480784,0.017537873,0.01959871,0.13335794,0.020465473,0.033467878,0.06801998,0.042161882,True,3.845800000000003,3.845800000000003
129,CC(C)(OC1=CC=C(F)C=C1)C2=NN=CCC(=O)NN=C(N)C2=C,C=C1C(N)=NNC(=O)CC=NN=C1C(C)(C)Oc1ccc(F)cc1,-7.4,1.7581999999999998,0.8819973554249918,3.9918197909932935,331.3510000000001,2,6,3,101.42999999999999,2,24,0.15126982,0.046119243,True,0.02,docking_results_3_15.csv,0.022978816,0.011308411,0.09939874,0.026408607,0.058737013,0.013996183,0.016752783,0.15126982,0.020731794,0.027117807,0.059940886,0.04479005,True,1.7581999999999998,1.7581999999999998
248,N#CC=1SC=CC=1OCCN2CCC(CC2)C(=O)NC3CCCCCCC3,N#Cc1sccc1OCCN1CCC(C(=O)NC2CCCCCCC2)CC1,-7.4,3.9396800000000027,0.8002474449979861,2.515950109841917,389.5650000000002,1,5,6,65.36,3,27,0.15750885,0.046700254,True,0.02,docking_results_3_5.csv,0.024535542,0.014579182,0.03304541,0.04334289,0.067649744,0.02224278,0.023546804,0.15750885,0.020141777,0.046181053,0.059893508,0.047735516,True,3.9396800000000027,3.9396800000000023
56,CC(C)CC(O)(CC1=NC(=CC=C1C(C)(C)C#N)C2=CN=CC=N2)C(O)=O,CC(C)CC(O)(Cc1nc(-c2cnccn2)ccc1C(C)(C)C#N)C(=O)O,-7.4,2.7440800000000003,0.7706385305156223,3.6510526365508476,368.43700000000007,2,6,7,119.99000000000001,2,27,0.16769944,0.061882615,True,,docking_results_3_0_add_B.csv,0.02284927,0.012962343,0.07302156,0.066948615,0.09654682,0.029250385,0.024141429,0.16769944,0.02631462,0.04657927,0.12396592,0.052311715,True,2.7440800000000003,
253,COC(=O)CNC(=O)N1CCC(CC1)N(CC2CC2)C(=O)NC3=CC=C(OC)C=C3,COC(=O)CNC(=O)N1CCC(N(CC2CC2)C(=O)Nc2ccc(OC)cc2)CC1,-7.4,2.2860999999999994,0.6620110948589543,2.3324949118590688,418.49400000000014,2,5,7,100.21000000000001,3,30,0.17155187,0.049140092,True,0.02,docking_results_3_2.csv,0.030481452,0.018994885,0.0521143,0.025677297,0.08125839,0.023460297,0.023318363,0.17155187,0.028805489,0.03912853,0.04600284,0.048887346,True,2.2860999999999994,2.2861
100,CC1=NOC(CCN(CC)C2=NC=CC3=CC(F)=CC=C23)=N1,CCN(CCc1nc(C)no1)c1nccc2cc(F)ccc12,-7.4,3.1343200000000015,0.7243020473543516,2.5531607198241204,300.33700000000005,0,5,5,55.050000000000004,3,22,0.1841219,0.04616173,True,0.02,docking_results_3_1.csv,0.02222103,0.0086404355,0.1841219,0.043226317,0.046548065,0.009572348,0.013841279,0.10426661,0.01967651,0.024560539,0.040555023,0.0367107,True,3.1343200000000015,3.134320000000001
23,CC(C)CC(=O)NC=CC1=CN=C2N=CC=CC2=C1,CC(C)CC(=O)NC=Cc1cnc2ncccc2c1,-7.4,2.7628000000000013,0.9135519189937492,2.7367207383963112,255.321,1,3,4,54.88,2,19,0.20245482,0.07425001,True,0.02,docking_results_3_2.csv,0.030408258,0.016850997,0.20245482,0.047909275,0.116186194,0.03107676,0.027555611,0.17672192,0.052543223,0.053598672,0.08311846,0.052575924,True,2.7628000000000013,2.7628000000000013
35,CCN(CC1=CC=CC(=C1)C2=CC=CC=C2NC(=O)CCC)NC(N)=O,CCCC(=O)Nc1ccccc1-c1cccc(CN(CC)NC(N)=O)c1,-7.4,3.4974000000000007,0.6341266789572854,2.3508265389894785,354.4540000000002,3,3,8,87.46000000000001,2,26,0.2144026,0.06997158,True,0.02,docking_results_3_8.csv,0.026621474,0.011861182,0.2144026,0.041845564,0.11939934,0.0257685,0.022603918,0.1512313,0.034683805,0.04299193,0.1084482,0.03980104,True,3.4974000000000007,3.4974000000000007
248,CC[C@H1](C)C1=CN=C(C=C1C(=O)NC2=NON=C2N)CC(F)(F)C,CC[C@H](C)c1cnc(CC(C)(F)F)cc1C(=O)Nc1nonc1N,-7.4,3.010300000000001,0.8375547396529113,3.5782180050868906,339.34600000000006,2,6,6,106.93,2,24,0.2313286,0.09146193,True,,docking_results_3_0_add_B.csv,0.019732172,0.011871386,0.20368434,0.089802235,0.089956686,0.02732496,0.024605745,0.2281005,0.036635842,0.04871703,0.2313286,0.085783556,True,3.010300000000001,
202,O=C(N[C@H1](CCO)C1CC1)C2=CC(Br)=C3N=CC=CC3=C2,O=C(N[C@H](CCO)C1CC1)c1cc(Br)c2ncccc2c1,-7.4,2.8881000000000014,0.8726319769015838,2.8935949312472253,349.228,2,3,5,62.22,3,21,0.31243762,0.13545223,True,0.02,docking_results_3_1.csv,0.04557871,0.034464765,0.20466864,0.14782698,0.13973947,0.0609843,0.057840303,0.30213884,0.06426851,0.095145136,0.31243762,0.16033351,True,2.8881000000000014,2.888100000000001
212,CC1=CC=CC(C)=C1NCC2=CC=C(O)C(F)=C2,Cc1cccc(C)c1NCc1ccc(O)c(F)c1,-7.4,3.7602400000000022,0.8625302081773083,1.8757754259919146,245.297,2,2,3,32.26,2,18,0.31619188,0.0902102,True,0.02,docking_results_3_1.csv,0.016321523,0.0068776193,0.21093065,0.08634981,0.1251179,0.031077089,0.02046917,0.16457117,0.017018534,0.052348513,0.31619188,0.03524854,True,3.7602400000000022,3.760240000000002
111,CC[C@H1](C)NC(=O)C1=CC2=CC=C(O)C=C2OC1=O,CC[C@H](C)NC(=O)c1cc2ccc(O)cc2oc1=O,-7.4,2.0268999999999995,0.8283689484608412,2.53138840497642,261.277,2,4,3,79.53999999999999,2,19,0.3176922,0.14267944,True,0.02,docking_results_3_2.csv,0.06470265,0.043143053,0.3176922,0.08385724,0.23414212,0.07831906,0.046927672,0.27867547,0.089618236,0.0684682,0.2863483,0.12025889,True,2.0268999999999995,2.0268999999999995
64,CCC1(CNC(=O)C2=CN=C(C3CC3)C=4N=C[NH1]C2=4)CCCCC1,CCC1(CNC(=O)c2cnc(C3CC3)c3nc[nH]c23)CCCCC1,-7.4,3.925600000000003,0.8744228719635557,2.940668924391357,326.4440000000002,2,3,5,70.67,4,24,0.32833064,0.123647176,True,0.02,docking_results_3_5.csv,0.02493111,0.019061338,0.17007229,0.1570689,0.10776947,0.048164517,0.04116082,0.309659,0.048920617,0.09271415,0.32833064,0.13591324,True,3.925600000000003,3.925600000000003
222,N#CCCN(CCOCCO)C(=O)C1=CC2=CC=CC=C2C=C1O,N#CCCN(CCOCCO)C(=O)c1cc2ccccc2cc1O,-7.4,1.91018,0.7220241985128398,2.371843663718524,328.36800000000005,2,5,8,93.79,2,24,0.3293084,0.12519331,True,0.02,docking_results_3_20.csv,0.04066413,0.039556693,0.17600334,0.09256485,0.1353943,0.06549792,0.068614274,0.3293084,0.09252905,0.108694136,0.20035474,0.15313807,True,1.91018,1.91018
124,CCC[C@H1](C)NC1=NC(N)=NC=C1OC2=CC(C)=CC=C2F,CCC[C@H](C)Nc1nc(N)ncc1Oc1cc(C)ccc1F,-7.4,3.8991200000000017,0.8464355232127012,2.8789817875008197,304.36899999999997,2,5,6,73.06,2,22,0.34717104,0.087417215,True,0.02,docking_results_3_1.csv,0.016873477,0.006913502,0.34717104,0.07572026,0.095731,0.020801017,0.017987505,0.15984829,0.030316506,0.042545244,0.18767165,0.04742709,True,3.8991200000000017,3.8991200000000017
34,CCOC(=O)C1=CC=CC(=C12)N=C(N)C=C3C=CC(=CC23)C=O,CCOC(=O)c1cccc2c1C1C=C(C=O)C=CC1=CC(N)=N2,-7.4,2.5707000000000004,0.6870325030916183,3.924179885313311,308.337,1,5,3,81.75,3,23,0.39368376,0.11245672,True,0.02,docking_results_3_6.csv,0.049352534,0.05197717,0.1480251,0.05331853,0.090116784,0.04990412,0.045068808,0.39368376,0.056851033,0.08941971,0.17715317,0.14460997,True,2.5707000000000004,2.5707000000000004
39,O=C(CCC(=O)C1=CC=CC=C1)NC2=NC3=CC=CC=C3S2,O=C(CCC(=O)c1ccccc1)Nc1nc2ccccc2s1,-7.4,3.8979000000000026,0.7271184588209177,1.7522483571867564,310.37800000000004,1,4,5,59.06,3,22,0.44890678,0.17881577,True,0.02,docking_results_3_9.csv,0.047926728,0.039176267,0.44890678,0.12042092,0.25418237,0.091729246,0.07790965,0.3314728,0.14031865,0.120508015,0.33357483,0.13966288,True,3.8979000000000026,3.8979000000000026
41,COC1=CC=C([C@H1](C)NC2=NN=C(S2)C3=CC=CC=N3)C=C1,COc1ccc([C@H](C)Nc2nnc(-c3ccccn3)s2)cc1,-7.4,3.7818000000000014,0.7766031627095179,2.558692053106114,312.398,1,6,5,59.93,3,22,0.45051464,0.109720685,True,,docking_results_3_0_add_B.csv,0.026999397,0.012234946,0.45051464,0.08658094,0.1455167,0.031411394,0.02519366,0.17979738,0.050777815,0.048197854,0.20037925,0.0590443,True,3.7818000000000014,
234,CC(C)[C@H1](OC(=O)NC1=CC=C(F)C(=C1)C2=CC=CC(=C2)OC=O)C=O,CC(C)[C@@H](C=O)OC(=O)Nc1ccc(F)c(-c2cccc(OC=O)c2)c1,-7.4,3.799900000000002,0.7606049253565415,3.084034483459943,359.3530000000001,1,5,7,81.69999999999999,2,26,0.47218487,0.19803534,True,0.02,docking_results_3_3.csv,0.052471858,0.04835136,0.3243854,0.15304819,0.26878056,0.12125451,0.08000038,0.40631732,0.12319019,0.13984464,0.47218487,0.18659483,True,3.799900000000002,3.799900000000002
151,C[C@H1]1CC(C2CNC[C@@H1](C3=CC=CC=C3OC)OC2=O)N1C,COc1ccccc1[C@@H]1CNCC(C2C[C@H](C)N2C)C(=O)O1,-7.3,1.5915,0.8595892242273824,3.9094314525205,304.39000000000004,1,5,3,50.800000000000004,3,22,0.035998683,0.009702258,True,0.02,docking_results_3_0.csv,0.016787773,0.0032593608,0.008543907,0.005652287,0.035998683,0.0028347445,0.0025784834,0.0251562,0.0018149586,0.0039581773,0.005198215,0.0046442966,True,1.5915,1.5915
189,CC(C1)CCC2=NC3=CC=CC=C3C(=O)N21,CC1CCc2nc3ccccc3c(=O)n2C1,-7.3,1.9788,0.6717648096052069,2.544908068006821,214.268,0,2,0,34.89,3,16,0.065197,0.024156367,True,0.02,docking_results_3_8.csv,0.023029737,0.0066311043,0.065197,0.019384965,0.053480532,0.0068093305,0.0075510247,0.054843612,0.009257258,0.011082383,0.017644694,0.014964759,True,1.9788,1.9788
54,CCOC1CCN(CC1)C2=CC=C(C=N2)C(=O)N3CCCC3CCNCCC,CCCNCCC1CCCN1C(=O)c1ccc(N2CCC(OCC)CC2)nc1,-7.3,3.081200000000001,0.6590229139408451,2.897602923274329,388.5560000000003,1,5,9,57.7,3,28,0.071609676,0.021646038,True,0.02,docking_results_3_21.csv,0.018790051,0.00646184,0.02609343,0.018924715,0.042018507,0.007501246,0.008336776,0.071609676,0.0070473924,0.016485702,0.019426685,0.017056404,True,3.081200000000001,3.081200000000001
13,COC(=O)[C@]1(C[C@H1](N)[C@@H1]2C(=O)N(C3=CC=C(F)C=C3)C(=O)[C@@H1]21)C(C)(C)C,COC(=O)[C@@]1(C(C)(C)C)C[C@H](N)[C@@H]2C(=O)N(c3ccc(F)cc3)C(=O)[C@@H]21,-7.3,1.8678000000000001,0.6407217302110086,3.8874193951329303,362.4010000000001,1,5,2,89.69999999999999,3,26,0.07382599,0.02609271,True,0.02,docking_results_3_3.csv,0.023671955,0.008563175,0.015947811,0.023538752,0.062710255,0.010439888,0.008276696,0.07382599,0.0055189617,0.011468462,0.0481358,0.021014772,True,1.8678000000000001,1.8678
18,CCNC(=O)CN(C)C(=O)[C@](O)(C1=CC=C(F)C=C1)C2=CC=C(F)C=C2F,CCNC(=O)CN(C)C(=O)[C@](O)(c1ccc(F)cc1)c1ccc(F)cc1F,-7.3,1.9343000000000004,0.8047959759739631,2.9081932055708695,380.36600000000004,2,3,6,69.64,2,27,0.0777393,0.028052887,True,0.02,docking_results_3_2.csv,0.02340816,0.008208141,0.026430413,0.026028227,0.055801153,0.011539153,0.012656934,0.0777393,0.0063721994,0.019296672,0.051028296,0.01812601,True,1.9343000000000004,1.9343000000000004
244,COCC1NC[C@@H1](C)[C@H1](C1)C2=CC=CC(=C2)C=CC=C,C=CC=Cc1cccc([C@H]2CC(COC)NC[C@H]2C)c1,-7.3,3.613800000000003,0.8259989904475546,3.8421632327767146,271.40400000000005,1,2,5,21.259999999999998,2,20,0.08138486,0.03146274,True,0.02,docking_results_3_10.csv,0.026612617,0.010225604,0.025613908,0.027241876,0.079044394,0.016247848,0.014245019,0.08138486,0.0088859275,0.027150497,0.042961925,0.017938407,True,3.613800000000003,3.613800000000003
2,O=C(NCC1(O)CCCC1)C2=CC=C(F)C(F)=C2,O=C(NCC1(O)CCCC1)c1ccc(F)c(F)c1,-7.3,1.9996999999999996,0.867520067987184,2.0875301952226852,255.26399999999995,2,2,3,49.33,2,18,0.08762651,0.033543218,True,0.02,docking_results_3_1.csv,0.020280203,0.007544827,0.033346135,0.034299973,0.062633485,0.014120913,0.01449223,0.08762651,0.008003059,0.024461782,0.07414003,0.021569466,True,1.9996999999999996,1.9997
253,CNC(=O)[C@H1]1CC2=CC=CC=C2CN1C(=O)C3=CC=CC=C3,CNC(=O)[C@H]1Cc2ccccc2CN1C(=O)c1ccccc1,-7.3,1.9997,0.9207364881601079,2.348784669864358,294.354,1,2,2,49.410000000000004,3,22,0.09094585,0.02221668,True,0.02,docking_results_3_3.csv,0.030968321,0.0074959514,0.028116226,0.011300252,0.09094585,0.009572817,0.007740419,0.039213564,0.005994099,0.009356947,0.018705118,0.0071905837,True,1.9997,1.9997
183,COC(=O)CCC1=CC=C(NC(=O)CNC(=O)CC2=CC=C(F)C(F)=C2)C=C1,COC(=O)CCc1ccc(NC(=O)CNC(=O)Cc2ccc(F)c(F)c2)cc1,-7.3,2.3678,0.6780898351921911,1.9606306215857394,390.386,2,4,8,84.5,2,28,0.092027485,0.034977034,True,0.02,docking_results_3_1.csv,0.03403583,0.014960571,0.04902017,0.017139124,0.08085607,0.0170971,0.019010235,0.092027485,0.015846953,0.02643768,0.032290306,0.021002885,True,2.3678,2.3678
131,COC(=O)CCN(C)C(=O)C1=CC=C(C)C(=N1)C2=CC=C(F)C(C)=C2,COC(=O)CCN(C)C(=O)c1ccc(C)c(-c2ccc(F)c(C)c2)n1,-7.3,3.1396400000000018,0.7820461724164373,2.2949924126472308,344.3860000000001,0,4,5,59.5,2,25,0.09673387,0.03565956,True,0.02,docking_results_3_4.csv,0.022661319,0.008278677,0.09673387,0.025437787,0.06254552,0.012026271,0.013392344,0.08665406,0.013960856,0.022806782,0.04244321,0.020973992,True,3.1396400000000018,3.1396400000000018
87,CC[C@@H1](NC(=O)C1=CC=C(C=C1)C(F)(F)F)C(=O)NC[C@H1](C)CCC(=O)O,CC[C@@H](NC(=O)c1ccc(C(F)(F)F)cc1)C(=O)NC[C@H](C)CCC(=O)O,-7.3,2.8309000000000006,0.6062127631604208,2.8908996222190932,388.38600000000014,3,3,9,95.50000000000001,1,27,0.09717677,0.030662136,True,,docking_results_3_0_add_B.csv,0.025044918,0.012379149,0.013635919,0.01758207,0.07312304,0.017030153,0.016285984,0.09717677,0.009209283,0.02219895,0.0427458,0.021533642,True,2.8309000000000006,
178,C[C@@H1](C(=O)NCCC1=CC(C)=C(O)C(C)=C1)N2C=CN=C2,Cc1cc(CCNC(=O)[C@H](C)n2ccnc2)cc(C)c1O,-7.3,2.12544,0.8849300714716988,2.849428654216249,287.363,2,3,5,67.15,2,21,0.11633231,0.050209854,True,0.02,docking_results_3_2.csv,0.0297906,0.011978998,0.09306296,0.047517933,0.08321351,0.022015437,0.02184249,0.11633231,0.017870912,0.03928536,0.08796202,0.03164579,True,2.12544,2.12544
141,CCCCNC(=O)CC(=CNC(=O)CC=1C=CSC=1)C2=CC=C(C=C2)S(C)(=O)=O,CCCCNC(=O)CC(=CNC(=O)Cc1ccsc1)c1ccc(S(C)(=O)=O)cc1,-7.3,3.1578000000000017,0.5620120641017178,2.749179451435756,434.58300000000014,2,5,10,92.34,2,29,0.1180171,0.040130593,True,0.02,docking_results_3_0.csv,0.029010024,0.0166155,0.02466443,0.02010148,0.09148823,0.024907302,0.025434416,0.1180171,0.0149516575,0.03661877,0.056051683,0.023706527,True,3.1578000000000017,3.1578000000000017
122,O=CC1=CC(Br)=CC2=C1OC(=CC2)N3CCNCC3,O=Cc1cc(Br)cc2c1OC(N1CCNCC1)=CC2,-7.3,1.9430999999999994,0.8449060219519751,3.2526413910769643,323.1900000000001,1,4,2,41.57,3,19,0.12203185,0.033251245,True,0.02,docking_results_3_1.csv,0.031129014,0.015034832,0.047331672,0.018663255,0.043311372,0.010001646,0.013726618,0.12203185,0.015107759,0.019025343,0.021959795,0.041691814,True,1.9430999999999994,1.9430999999999996
253,COC(=O)[C@@H1]CC(=O)N([C@H1]C1=CC=CC=C1Cl)CC=C2C=CC=CC2=C,C=c1ccccc1=CCN([CH]c1ccccc1Cl)C(=O)C[CH]C(=O)OC,-7.3,2.33688,0.7036815464541805,3.625302408325621,369.8480000000002,0,3,7,46.61000000000001,2,26,0.15022372,0.06286544,True,0.02,docking_results_3_11.csv,0.03750764,0.020440958,0.09806732,0.038026895,0.12842721,0.035558555,0.03492232,0.15022372,0.034796476,0.05522625,0.08339491,0.037793096,True,2.33688,2.33688
168,O=C(NC1=CC=CC=C1N2CCNCC2)C3=CC=CC=C3,O=C(Nc1ccccc1N1CCNCC1)c1ccccc1,-7.3,2.3485000000000005,0.907440084044787,1.7029746378018977,281.3589999999999,2,3,3,44.370000000000005,3,21,0.15691084,0.05221528,True,0.02,docking_results_3_2.csv,0.028807685,0.010461354,0.15691084,0.034383614,0.10592879,0.017981907,0.01618436,0.110530384,0.024033535,0.02529124,0.06622457,0.029845081,True,2.3485000000000005,2.3485000000000005
193,C[C@H1]([NH2+1]C1=CC=CC=C1C(F)(F)F)C2=CC=CC=C2,C[C@H]([NH2+]c1ccccc1C(F)(F)F)c1ccccc1,-7.3,3.661500000000002,0.8164098059821188,3.359125599349536,266.28599999999994,1,0,3,16.61,2,19,0.19800839,0.04701587,True,0.02,docking_results_3_5.csv,0.012939041,0.0045007546,0.025419693,0.058899976,0.10305595,0.020576563,0.014448042,0.08016696,0.0043500597,0.029620988,0.19800839,0.01220397,True,3.661500000000002,3.661500000000002
14,CSCC[C@H1](N)CC1=CC=C(C=C1)C2=CC=CC=C2,CSCC[C@H](N)Cc1ccc(-c2ccccc2)cc1,-7.3,3.9765000000000024,0.8598260448225056,2.2541134130452747,271.42900000000003,1,2,6,26.02,2,19,0.20269823,0.073024265,True,0.02,docking_results_3_6.csv,0.029119018,0.011357906,0.111026555,0.07280553,0.20269823,0.04351376,0.024097523,0.11019197,0.019368099,0.049647644,0.17960685,0.022858102,True,3.9765000000000024,3.9765000000000015
125,CCN(CC1=CC=C(N=C1N)C=CC2=CC=CC=C2)C(=O)C(O)=O,CCN(Cc1ccc(C=Cc2ccccc2)nc1N)C(=O)C(=O)O,-7.3,2.2673,0.8220549573691424,2.52238733900724,325.3680000000001,2,4,5,96.52000000000001,2,24,0.2155459,0.078449175,True,0.02,docking_results_3_4.csv,0.038932167,0.027321337,0.13251917,0.038294,0.13110137,0.041196827,0.040164817,0.2155459,0.05781221,0.058527786,0.09358936,0.06638514,True,2.2673,2.2673
51,[NH3+1][C@@H1]CC[C@@H1](OC1=CC=CC=C1N2C=CC=N2)C3=CC=CC=C3C,Cc1ccccc1[C@@H](CC[CH][NH3+])Oc1ccccc1-n1cccn1,-7.3,3.4847100000000024,0.7240674631629358,3.2878659847994864,321.42400000000004,1,2,7,54.690000000000005,3,24,0.22492188,0.08761544,True,0.02,docking_results_3_16.csv,0.022332141,0.009405781,0.21721296,0.09762698,0.15482752,0.03437937,0.02431164,0.1487925,0.026922164,0.052139547,0.22492188,0.038512796,True,3.4847100000000024,3.4847100000000024
222,CCOC(=O)C1=CC=C(C=C1)C2=C(O)C(=CN2CC(O)=O)CC=CC=C,C=CC=CCc1cn(CC(=O)O)c(-c2ccc(C(=O)OCC)cc2)c1O,-7.3,3.4067000000000016,0.5594995382351288,2.8419737202328914,355.3900000000001,2,4,8,88.75999999999999,2,26,0.24488689,0.07464349,True,0.02,docking_results_3_4.csv,0.047788456,0.040152054,0.08385818,0.03155649,0.09577208,0.040958017,0.04177309,0.24488689,0.043930415,0.061228257,0.087276064,0.07654195,True,3.4067000000000016,3.4067000000000016
199,C1CC[C@H1]([NH2+1]C2=CC=CC3=CC=CC=C23)O1,c1ccc2c([NH2+][C@H]3CCCO3)cccc2c1,-7.3,2.1712,0.7616850400094866,3.6505428924215373,214.28799999999998,1,1,2,25.84,3,16,0.2458365,0.10046359,True,0.02,docking_results_3_19.csv,0.031708147,0.014242529,0.2458365,0.11780556,0.16849299,0.039837208,0.03077267,0.17267138,0.036393613,0.05602525,0.23382682,0.05795049,True,2.1712,2.1712
235,CCOC1=C(O)C2=CC(=CC=C2O1)C(=O)OCC3CCNCC3,CCOc1oc2ccc(C(=O)OCC3CCNCC3)cc2c1O,-7.3,2.6935000000000002,0.8248111974655228,2.6643159967500587,319.3570000000001,2,6,5,80.93,3,23,0.2741495,0.10994389,True,0.02,docking_results_3_22.csv,0.042701658,0.026643429,0.2741495,0.078143075,0.1381098,0.043310855,0.03469827,0.25131488,0.06646338,0.056176197,0.19268589,0.11492978,True,2.6935000000000002,2.6935
81,O=C(NC1=CN=C(C=N1)N2CCC(CF)CC2)C3CCCC3,O=C(Nc1cnc(N2CCC(CF)CC2)cn1)C1CCCC1,-7.3,2.7912000000000017,0.9290553149776252,2.453253164879065,306.3850000000001,1,4,4,58.120000000000005,3,22,0.27851143,0.09594953,True,0.02,docking_results_3_2.csv,0.027739596,0.02063196,0.11150624,0.108256534,0.08851207,0.03796305,0.04148554,0.27851143,0.05092502,0.08094155,0.17928047,0.12564088,True,2.7912000000000017,2.7912000000000017
112,CC=CSC(CN1C=C(C=N1)C2=CC=CC(=C2)N3CCNC3)=O,CC=CSC(=O)Cn1cc(-c2cccc(N3CCNC3)c2)cn1,-7.3,2.7106000000000003,0.9144263110912216,3.1932977523079327,328.44100000000014,1,5,5,50.160000000000004,3,23,0.28237414,0.10513562,True,0.02,docking_results_3_7.csv,0.05040347,0.041194774,0.20745449,0.07419083,0.10899159,0.043622214,0.053233996,0.28237414,0.093922876,0.0851497,0.08736692,0.1337225,True,2.7106000000000003,2.7106000000000003
10,COC=CC1=C(N=NC2=CC=C(C=C12)CN[C@H1](C)C)C=C,C=Cc1nnc2ccc(CNC(C)C)cc2c1C=COC,-7.3,3.387900000000002,0.8255166347702884,3.070687948984972,283.37500000000006,1,4,6,47.040000000000006,2,21,0.30106434,0.08237485,True,0.02,docking_results_3_14.csv,0.024494769,0.011950282,0.30106434,0.059008155,0.096387446,0.023334458,0.020925995,0.18353988,0.04391019,0.04650746,0.11760181,0.05977341,True,3.387900000000002,3.387900000000002
178,O=C(NCCO)C=1SN=C(C=1I)C2=NC=CC=C2OCC3=CC=CC=C3,O=C(NCCO)c1snc(-c2ncccc2OCc2ccccc2)c1I,-7.3,3.110800000000002,0.5071803329574778,2.5983716433098145,481.31500000000017,2,6,7,84.34,3,26,0.32268983,0.108731665,True,0.02,docking_results_3_6.csv,0.03614263,0.023211438,0.32268983,0.08208669,0.11249671,0.035562336,0.041211326,0.24618298,0.06475119,0.066551,0.16803631,0.10585751,True,3.110800000000002,3.110800000000002
234,CSCC[C@H1](O)C(=O)NC1=CC=C(F)C(=C1)C=CC2=CC=CN=C2,CSCC[C@H](O)C(=O)Nc1ccc(F)c(C=Cc2cccnc2)c1,-7.3,3.4436000000000018,0.8060738366804151,2.9364560106559825,346.427,2,4,7,62.22,2,24,0.35139382,0.15567811,True,0.02,docking_results_3_16.csv,0.04627863,0.04041755,0.24835332,0.14158976,0.17498541,0.08133395,0.072319634,0.35139382,0.09238788,0.13021758,0.32655558,0.1623042,True,3.4436000000000018,3.4436000000000018
5,C[C@H1]([NH2+1][C@@H1]1COC2=CC=CC=C2O1)NC3=CC=CC=C3NC,CNc1ccccc1N[C@H](C)[NH2+][C@@H]1COc2ccccc2O1,-7.3,1.847099999999999,0.7376507996118093,3.836634517567828,300.38200000000006,3,4,5,59.13,3,22,0.35871717,0.08961662,True,0.02,docking_results_3_3.csv,0.024964275,0.008574858,0.35871717,0.07776152,0.13493711,0.025056751,0.018468674,0.1359099,0.031485897,0.038564336,0.18040864,0.04055029,True,1.847099999999999,1.847099999999999
37,CC[C@H1](C)N1C=NC=C(C2=CC=CC=C2N3N=CC=C3CN)C1=O,CC[C@H](C)n1cncc(-c2ccccc2-n2nccc2CN)c1=O,-7.3,2.525699999999999,0.7823284778996372,3.251561893008925,323.40000000000015,1,4,5,78.72999999999999,3,24,0.374653,0.09682574,True,0.02,docking_results_3_8.csv,0.031752184,0.01412394,0.374653,0.090728074,0.1204916,0.027220454,0.024198437,0.16971032,0.05138783,0.043267936,0.14526846,0.06910667,True,2.525699999999999,2.525699999999999
45,CCN(CC)C(=O)CC=C1N=C(C)C=C(NC2=CC=CC=C2)N1N,CCN(CC)C(=O)CC=C1N=C(C)C=C(Nc2ccccc2)N1N,-7.3,2.6900000000000004,0.787942456457071,3.2659774652988585,327.432,2,5,6,73.96000000000001,2,24,0.38650626,0.11747826,True,0.02,docking_results_3_3.csv,0.015456316,0.009139446,0.38650626,0.083878204,0.090319164,0.027510384,0.02902567,0.28184292,0.049398057,0.07720246,0.2701217,0.089338504,True,2.6900000000000004,2.6900000000000004
162,COC1=CC=C(C(C)(C)CC2=CC=C(OC)C(OC)=C2)C=C1N,COc1ccc(C(C)(C)Cc2ccc(OC)c(OC)c2)cc1N,-7.3,3.8149000000000024,0.8235229818358953,2.1063485641826247,315.413,1,4,6,53.71,2,23,0.4010933,0.1154067,True,0.02,docking_results_3_4.csv,0.011975917,0.0053929505,0.3486188,0.105999105,0.13667673,0.03418721,0.018898517,0.19481032,0.024702992,0.061420158,0.4010933,0.041104477,True,3.8149000000000024,3.8149000000000015
218,NC1=CC=C(C2=NC(N3CCCCC3)=CC(=O)N2C)C=C1,Cn1c(-c2ccc(N)cc2)nc(N2CCCCC2)cc1=O,-7.3,2.0198,0.8569418684410761,2.228715928124476,284.36299999999994,1,4,2,64.15,3,21,0.40319654,0.122811936,True,0.02,docking_results_3_1.csv,0.04149807,0.024754312,0.40319654,0.10666932,0.11786968,0.036621258,0.036610454,0.26140487,0.08366428,0.062102508,0.1675049,0.13184689,True,2.0198,2.0198
198,COC1=CC(OC)=CC=C1/C=C2/SC(=O)N(CC(=O)NC3=CC=CC=C3)C2=O,COc1ccc(/C=C2/SC(=O)N(CC(=O)Nc3ccccc3)C2=O)c(OC)c1,-7.3,3.378800000000002,0.7512038255506192,2.0382926469021942,398.4400000000001,1,6,6,84.94,3,28,0.451185,0.17987984,True,0.02,docking_results_3_9.csv,0.033980027,0.040728275,0.34127873,0.10612066,0.15493114,0.081570335,0.093902364,0.451185,0.14660536,0.17308639,0.33286574,0.20230427,True,3.378800000000002,3.378800000000002
24,CC(C)(O)CC1=CC=C(OC[C@H1]2CCCN2C)N=C1,CN1CCC[C@@H]1COc1ccc(CC(C)(C)O)cn1,-7.2,1.868,0.8816021290302478,2.9907578199591143,264.3689999999999,1,4,5,45.59,2,19,0.038148157,0.013013656,True,0.02,docking_results_3_0.csv,0.011532693,0.002446398,0.015157592,0.01416213,0.038148157,0.0042787855,0.0034520256,0.034345012,0.0022902775,0.007603613,0.016826333,0.0059208362,True,1.868,1.868
199,CCNC1(CCN(CC1)C(=O)C2CC2)C3=CC(C)=CC=C3,CCNC1(c2cccc(C)c2)CCN(C(=O)C2CC2)CC1,-7.2,2.8322200000000013,0.9228492007332146,2.3919846895325616,286.419,1,2,4,32.34,3,21,0.049881767,0.017592343,True,0.02,docking_results_3_4.csv,0.0144326165,0.0038324962,0.0149968825,0.018973265,0.042488243,0.0065132985,0.0067682983,0.049881767,0.0031597428,0.013541776,0.027695222,0.008824496,True,2.8322200000000013,2.8322200000000013
12,O=C(CCN1CCCC12)NC=NC3=CC=CC=C23,O=C1CCN2CCCC2c2ccccc2N=CN1,-7.2,2.0032,0.7571719514273024,3.6154767202254057,243.31000000000003,1,3,0,44.7,3,18,0.05679363,0.01787763,True,0.02,docking_results_3_7.csv,0.023138128,0.0070391386,0.027341923,0.010319257,0.040032327,0.0052276733,0.006368086,0.05679363,0.006154972,0.009166287,0.009470756,0.013479393,True,2.0032,2.0032
188,CC=C(CO)C(=O)N1CC2=CC=CC=C2C[C@@H1]1C,CC=C(CO)C(=O)N1Cc2ccccc2C[C@@H]1C,-7.2,1.8984,0.808403171846243,3.192215112295888,245.322,1,2,2,40.54,2,18,0.11404749,0.037525948,True,0.02,docking_results_3_4.csv,0.034064766,0.017111434,0.018597487,0.027294448,0.08019889,0.021370424,0.020728914,0.11404749,0.012100579,0.031822935,0.045846123,0.02712786,True,1.8984,1.8984
68,C[C@H1]([NH2+1][C@H1](O)CCC1=CC=C(Cl)C=C1)NC2=CC=CC=C2,C[C@@H](Nc1ccccc1)[NH2+][C@H](O)CCc1ccc(Cl)cc1,-7.2,2.6125000000000007,0.6887665061752136,3.3942130500440095,305.829,3,2,7,48.870000000000005,2,21,0.12751588,0.04346926,True,0.02,docking_results_3_5.csv,0.017032683,0.004636962,0.061603602,0.0447849,0.12751588,0.019466743,0.012578154,0.06642255,0.00721323,0.026435059,0.12276953,0.011171834,True,2.6125000000000007,2.6125000000000007
179,CCC[C@H1]([C@H1](O)C1=CC2=CC=CC=C2O1)C(=O)NCC#N,CCC[C@@H](C(=O)NCC#N)[C@H](O)c1cc2ccccc2o1,-7.2,2.5222800000000003,0.7988305524236797,3.3605807423517016,286.3310000000001,2,4,6,86.26,2,21,0.13212767,0.05643168,True,0.02,docking_results_3_6.csv,0.04592189,0.024230225,0.067534946,0.04264396,0.11897836,0.031530272,0.029568797,0.13212767,0.03004751,0.04007239,0.06753805,0.046986125,True,2.5222800000000003,2.5222800000000003
34,O=C(CN1C=CC(=CC1=O)C2=CC=CN=C2)N3CCCC3,O=C(Cn1ccc(-c2cccnc2)cc1=O)N1CCCC1,-7.2,1.5327,0.8581628961939712,2.139041350570883,283.331,0,3,3,55.2,3,21,0.14007926,0.057721704,True,0.02,docking_results_3_1.csv,0.056331895,0.029311981,0.09779553,0.03868783,0.10774085,0.02663452,0.02767421,0.14007926,0.03706661,0.034654014,0.043944728,0.052739006,True,1.5327,1.5327
145,CC[NH1+1]CCN(C(=O)C1=CC=C(C=C1)C(C)(C)O)C2=CC=CC(C)=C2,CC[NH+]CCN(C(=O)c1ccc(C(C)(C)O)cc1)c1cccc(C)c1,-7.2,2.2383200000000008,0.7596687081100368,2.965522808082998,340.4670000000001,2,3,7,56.14,2,25,0.15311186,0.044214305,True,0.02,docking_results_3_2.csv,0.011333132,0.00400227,0.049825132,0.043689653,0.08691633,0.01756066,0.012758779,0.09757757,0.0070463945,0.031599034,0.15311186,0.015150796,True,2.2383200000000008,2.2383200000000008
242,O=C(N[C@@H1]1CCC2=CC=CC=C21)C3=CC=CC=C3,O=C(N[C@@H]1CCc2ccccc21)c1ccccc1,-7.2,3.103900000000001,0.8539708767606832,2.0203843895092426,237.30200000000002,1,1,2,29.1,3,18,0.15839669,0.048446942,True,0.02,docking_results_3_5.csv,0.0342421,0.01101271,0.06297489,0.03676478,0.15839669,0.027444951,0.015822832,0.07657066,0.010009109,0.023905583,0.109728,0.0144910235,True,3.103900000000001,3.103900000000001
127,C=C=N/NC(=O)C=CC1=CC=CC=C(O)C=C(C)N=C1,C=C=NNC(=O)C=Cc1ccccc(O)cc(C)nc1,-7.2,2.12012,0.5011772760210089,3.3880163937833245,269.304,2,4,3,74.58,1,20,0.16760652,0.06327328,True,0.02,docking_results_3_17.csv,0.028585328,0.017779183,0.16489278,0.024404775,0.09355681,0.02767417,0.032499045,0.16760652,0.045015555,0.056915667,0.061041284,0.03930825,True,2.12012,2.12012
227,CC(C)OC(=O)NCC(N)C1=CC=CC(O)=C1OCC2=CC=CC=C2,CC(C)OC(=O)NCC(N)c1cccc(O)c1OCc1ccccc1,-7.2,3.105600000000001,0.7174086247983278,2.7925604609421555,344.4110000000001,3,5,7,93.81,2,25,0.16933668,0.06801445,True,0.02,docking_results_3_0.csv,0.03005778,0.011856584,0.13967273,0.046509948,0.16933668,0.034830734,0.02153847,0.12729551,0.02575066,0.039757993,0.14086403,0.02870234,True,3.105600000000001,3.105600000000001
248,C[C@H1](SC1=NC2=CC=CC=C2C(=O)N1CC3=CC=C(Cl)C=C3)C(N)=O,C[C@H](Sc1nc2ccccc2c(=O)n1Cc1ccc(Cl)cc1)C(N)=O,-7.2,3.0641000000000007,0.5503716970970332,2.4146949664366595,373.86500000000007,1,4,5,77.97999999999999,3,25,0.17489731,0.071357474,True,0.02,docking_results_3_2.csv,0.038176566,0.01974773,0.17489731,0.054186665,0.11335844,0.028741553,0.032021906,0.15612039,0.038734145,0.044219267,0.10212832,0.053957425,True,3.0641000000000007,3.0641000000000007
83,CCC[C@H1]1CC[C@@H1](CC1)NC2=NC=C(C(F)=C2Cl)N(C)CC(=O)N,CCC[C@H]1CC[C@H](Nc2ncc(N(C)CC(N)=O)c(F)c2Cl)CC1,-7.2,3.5664000000000016,0.7830817331517542,2.8374684683256834,356.8730000000001,2,4,7,71.25,2,24,0.19260368,0.067730464,True,0.02,docking_results_3_2.csv,0.030643143,0.016851848,0.08844382,0.0693454,0.076642774,0.025594149,0.025452591,0.19260368,0.025228452,0.048336577,0.1378936,0.07572958,True,3.5664000000000016,3.5664000000000016
107,C[C@@H1]1CCC[C@@H1](OC2=CC=C(C=C2)OC3CCNC3)O1,C[C@@H]1CCC[C@@H](Oc2ccc(OC3CCNC3)cc2)O1,-7.2,2.7212000000000005,0.9183121796624004,3.3911370610893474,277.36400000000003,1,4,4,39.72,3,20,0.19609319,0.09053483,True,0.02,docking_results_3_14.csv,0.058549423,0.028369233,0.10240885,0.10346343,0.17237727,0.052232333,0.032269064,0.18017536,0.032909732,0.053736787,0.19609319,0.073833235,True,2.7212000000000005,2.7212000000000005
125,CC[C@H1](C)NC(=O)C1=CC(C2=CC=CC=C2C(C)(C)OC)=C[NH1]C1=O,CC[C@H](C)NC(=O)c1cc(-c2ccccc2C(C)(C)OC)c[nH]c1=O,-7.2,3.4517000000000015,0.8444599958074771,3.0147610944263175,342.4390000000001,2,3,6,71.19,2,25,0.20361114,0.07181177,True,0.02,docking_results_3_6.csv,0.020223975,0.007686658,0.15657218,0.06288554,0.1497704,0.0302843,0.017618027,0.12619312,0.020172007,0.039052285,0.20361114,0.027671548,True,3.4517000000000015,3.451700000000001
110,CC1=CC=C2[NH1]C3=C(CCNC3=O)C2=C1,Cc1ccc2[nH]c3c(c2c1)CCNC3=O,-7.2,1.76222,0.668381986076713,2.3870887538665286,200.241,2,1,0,44.89,3,15,0.22445899,0.04871938,True,0.02,docking_results_3_22.csv,0.024365276,0.008173347,0.22445899,0.03330364,0.048896305,0.0087855635,0.011596323,0.1020558,0.01629737,0.018051522,0.05401312,0.034635272,True,1.76222,1.76222
11,CCOC(=O)C=C1C=CC=C(C1=CC)CC2=CC=CN=C2,CC=c1c(Cc2cccnc2)cccc1=CC(=O)OCC,-7.2,1.8164000000000002,0.8024880179602543,2.8495843896629403,281.35499999999996,0,3,4,39.19,2,21,0.22691539,0.10028962,True,0.02,docking_results_3_13.csv,0.03448655,0.021450508,0.16954298,0.08805892,0.15778898,0.055262,0.044370703,0.21556246,0.041304242,0.08913568,0.22691539,0.05959699,True,1.8164000000000002,1.8164
21,CCOC1=C(O)C(O)=CC(=O)C=C(SC1)C2=CC=CC=C2N3CCNCC3,CCOC1=C(O)C(O)=CC(=O)C=C(c2ccccc2N2CCNCC2)SC1,-7.2,3.0010000000000012,0.7313754347542075,3.654870391398738,388.48900000000015,3,7,4,82.02999999999999,3,27,0.30372715,0.079229295,True,0.02,docking_results_3_4.csv,0.031005874,0.02814695,0.09262169,0.042336665,0.060038004,0.029262446,0.03737532,0.30372715,0.042283084,0.0692757,0.10325273,0.111425996,True,3.0010000000000012,3.001000000000001
166,CC1=NC(C)=CC(=N1)NN=C(C)C2=CC=CC=C2,CC(=NNc1cc(C)nc(C)n1)c1ccccc1,-7.2,2.929540000000001,0.6625665056315538,2.118507733684222,240.31,1,4,3,50.17,2,18,0.31348568,0.049710337,True,0.02,docking_results_3_4.csv,0.014827358,0.0035229446,0.31348568,0.027035825,0.06928861,0.008212069,0.0077243284,0.06286951,0.014516596,0.017203035,0.045269247,0.012568884,True,2.929540000000001,2.929540000000001
157,CC[NH2+1][C@H1](CN1C=CN=C1)C2=CC=C(NC(=O)C3=CC=C(F)C=C3)C=C2,CC[NH2+][C@H](Cn1ccnc1)c1ccc(NC(=O)c2ccc(F)cc2)cc1,-7.2,2.599100000000001,0.6857529527070297,3.227495637306096,353.42100000000005,2,2,7,63.53,3,26,0.32035038,0.11386961,True,0.02,docking_results_3_1.csv,0.029107554,0.015337872,0.24127254,0.11291112,0.17901711,0.051309448,0.03340628,0.21289048,0.039686862,0.06804435,0.32035038,0.06310127,True,2.599100000000001,2.599100000000001
32,CC1=N[NH1]C(NC(=O)C2=CC=C(C3CC3)C(OCC4CC4)=N2)=N1,Cc1n[nH]c(NC(=O)c2ccc(C3CC3)c(OCC3CC3)n2)n1,-7.2,2.4266200000000007,0.8540869176226054,2.8851804830330057,313.36100000000005,2,5,6,92.79,4,23,0.3381044,0.14088199,True,0.02,docking_results_3_10.csv,0.034315247,0.024933105,0.3381044,0.14383839,0.11280272,0.04568457,0.04418909,0.32072863,0.07465003,0.084952034,0.2994305,0.16695508,True,2.4266200000000007,2.4266200000000007
5,CCCN1C2=CC=CC=C2SC3=CC=C(C(C=O)CO)C=C13,CCCN1c2ccccc2Sc2ccc(C(C=O)CO)cc21,-7.2,3.9741000000000035,0.8479067149131521,3.0811495050291935,313.4220000000001,1,4,5,40.540000000000006,3,22,0.34423813,0.12528493,True,0.02,docking_results_3_17.csv,0.03209271,0.023494875,0.15717088,0.1391652,0.13528763,0.055359796,0.054051574,0.29690334,0.045170087,0.09884096,0.34423813,0.12164404,True,3.9741000000000035,3.974100000000004
196,COC1=CC=C(C=C1)C(=O)NC2=CC=C(F)C(=C2)[C@](C)N=C(N)C(C)C,COc1ccc(C(=O)Nc2ccc(F)c([C](C)N=C(N)C(C)C)c2)cc1,-7.2,3.9997900000000026,0.6065870255574223,2.4096767267334336,356.4210000000001,2,3,6,76.71,2,26,0.35445797,0.10353449,True,0.02,docking_results_3_1.csv,0.023602584,0.011074485,0.35445797,0.07137775,0.14156476,0.0337567,0.023452668,0.19451591,0.03952511,0.05210952,0.24284907,0.05412731,True,3.9997900000000026,3.9997900000000026
14,O=C(CN1CCOCC1)NC2=NC3=CC=C(F)C(F)=C3S2,O=C(CN1CCOCC1)Nc1nc2ccc(F)c(F)c2s1,-7.2,1.8452,0.9393945345212035,2.2766490050475543,313.329,1,5,3,54.46,3,21,0.36217108,0.11283975,True,0.02,docking_results_3_1.csv,0.038624547,0.036000554,0.1891612,0.08103791,0.08212316,0.03400999,0.044057,0.36217108,0.08663635,0.06857045,0.1125467,0.21913803,True,1.8452,1.8452
66,C1/C(=C/C2=CC=CC(=C2)C(=O)C3CC3)C(=O)NC1=O,O=C1C/C(=C/c2cccc(C(=O)C3CC3)c2)C(=O)N1,-7.2,1.7091999999999996,0.5077939291115775,2.3986756488946206,255.27299999999994,1,3,3,63.24,3,19,0.39984468,0.14369069,True,0.02,docking_results_3_27.csv,0.08857758,0.09563144,0.08136702,0.075145476,0.18958527,0.1100454,0.07405831,0.39984468,0.075584255,0.11098435,0.2594765,0.16398798,True,1.7091999999999996,1.7091999999999996
82,N#C/C(=C1\[C@H1]CCNC1)C(=O)NC2=CC=C(Br)C=C2,N#C/C(C(=O)Nc1ccc(Br)cc1)=C1\[CH]CCNC1,-7.2,2.4053700000000005,0.6497887815079396,3.009548943524517,319.182,2,3,2,64.92,2,19,0.4012027,0.123257644,True,0.02,docking_results_3_2.csv,0.028296988,0.03256761,0.15072998,0.08023198,0.0889195,0.05159951,0.06645752,0.4012027,0.09188606,0.1316595,0.18085152,0.17468892,True,2.4053700000000005,2.4053700000000005
67,CC(=O)C1=CC=C(N)N=C1OC2=CC=C(Cl)C=C2,CC(=O)c1ccc(N)nc1Oc1ccc(Cl)cc1,-7.2,3.312100000000001,0.8620672549452487,2.0923265029149913,262.69599999999997,1,4,3,65.21000000000001,2,18,0.41745716,0.09928483,True,0.02,docking_results_3_5.csv,0.03373925,0.015288153,0.41745716,0.056048237,0.14576253,0.030402454,0.025356947,0.1660052,0.052102253,0.04061726,0.15374415,0.05489418,True,3.312100000000001,3.312100000000001
148,N1CC=NN(C=CC(=CC=O)C2CC2)C(=O)C3=CC=CC=C13,O=CC=C(C=CN1N=CCNc2ccccc2C1=O)C1CC1,-7.2,2.589100000000001,0.5274048568741657,3.697879401142801,295.342,1,4,4,61.77,3,22,0.4519448,0.13358724,True,0.02,docking_results_3_4.csv,0.035663765,0.04507212,0.11263345,0.07650034,0.09713348,0.06401907,0.071271345,0.4519448,0.07789374,0.13747285,0.24876699,0.18467483,True,2.589100000000001,2.589100000000001
100,CC(C)(NC1=NC=CC=C1C2=NC=C([NH1]2)C(=O)NC3CC3)C4CC4,CC(C)(Nc1ncccc1-c1ncc(C(=O)NC2CC2)[nH]1)C1CC1,-7.2,2.9644000000000013,0.7623448635000473,2.900534066906207,325.41600000000017,3,4,6,82.7,4,24,0.46913433,0.16521558,True,0.02,docking_results_3_11.csv,0.019085143,0.012452696,0.4253084,0.18751948,0.15413108,0.052755553,0.03602474,0.32527518,0.07042695,0.09786255,0.46913433,0.13261078,True,2.9644000000000013,2.9644000000000013
187,CNC(NC(=O)C1=CC=C(Cl)C=C1Cl)=C(C#N)C2=CC=CC=C2,CNC(NC(=O)c1ccc(Cl)cc1Cl)=C(C#N)c1ccccc1,-7.2,3.8349800000000016,0.8271426947534358,2.497215013358449,346.21700000000004,2,3,4,64.91999999999999,2,23,0.4848494,0.1617616,True,0.02,docking_results_3_13.csv,0.017543146,0.015549267,0.34962207,0.11961198,0.14165515,0.05829696,0.054268412,0.37842906,0.06323932,0.13199502,0.4848494,0.12607928,True,3.8349800000000016,3.8349800000000016
90,CC[C@H1](CSC)C(=O)NC1=CC(=CN2N=CN=C12)C3=CC=CN=C3,CC[C@H](CSC)C(=O)Nc1cc(-c2cccnc2)cn2ncnc12,-7.2,3.1190000000000007,0.7456572543717342,3.197982028755532,341.4400000000001,1,5,6,72.18,3,24,0.4976253,0.19224608,True,0.02,docking_results_3_4.csv,0.044287656,0.038747694,0.4976253,0.18761866,0.16549422,0.069092266,0.06332632,0.3989333,0.15582234,0.11248766,0.32948834,0.24402903,True,3.1190000000000007,3.1190000000000007
20,COC1=CC=CC=2C(=O)N(CCCCNC3CCCC3)C(=O)COC1=2,COc1cccc2c1OCC(=O)N(CCCCNC1CCCC1)C2=O,-7.1,2.3688000000000002,0.6063473012788296,2.3428781592535657,346.42700000000013,1,5,7,67.87,3,25,0.066409424,0.022097996,True,0.02,docking_results_3_1.csv,0.021884724,0.0072507206,0.034198362,0.016060041,0.04462401,0.007559062,0.008598263,0.066409424,0.007490777,0.014274027,0.020295097,0.016531395,True,2.3688000000000002,2.3688
156,C[C@](CN1CCC(CC1)C2=CC=CC=C2)(C(=O)O)C3=CC=CC=C3,C[C@](CN1CCC(c2ccccc2)CC1)(C(=O)O)c1ccccc1,-7.1,3.9085000000000027,0.9067735235197217,2.543066978588307,323.43600000000004,1,2,5,40.540000000000006,3,24,0.068488136,0.017706143,True,0.02,docking_results_3_5.csv,0.019461457,0.0061203325,0.005089375,0.0110305315,0.068488136,0.009433045,0.00876984,0.04436115,0.003159411,0.011573358,0.018399954,0.006587113,True,3.9085000000000027,3.9085000000000023
14,CCOC1=CC=C(C=C1)[C@@H1](C)N2C(N)=NC(N)=NC2(C)CN=N,CCOc1ccc([C@@H](C)N2C(N)=NC(N)=NC2(C)CN=N)cc1,-7.1,1.8384699999999998,0.6918931783954382,3.9804549168713885,317.39700000000005,3,8,6,125.44,2,23,0.10210711,0.03559349,True,0.02,docking_results_3_9.csv,0.026065843,0.008744619,0.10210711,0.02290099,0.0635105,0.010687282,0.010492511,0.089456774,0.014204881,0.017423643,0.036212698,0.025315069,True,1.8384699999999998,1.83847
97,O=C(CCC1=CC=CC=C1)N2C=CC=CC2=O,O=C(CCc1ccccc1)n1ccccc1=O,-7.1,2.1212999999999997,0.8052666617178867,1.927647115592519,227.263,0,2,3,39.07,2,17,0.103300706,0.02326263,True,0.02,docking_results_3_7.csv,0.029624546,0.007302145,0.02691771,0.011404509,0.103300706,0.011789375,0.009671997,0.03474532,0.0058063157,0.0117509,0.021541419,0.005296611,True,2.1212999999999997,2.1213
65,C[C@@H1](CNCC1=CC=CC=C1F)NC=NC2=CC=CC=C2,C[C@@H](CNCc1ccccc1F)NC=Nc1ccccc1,-7.1,3.253400000000002,0.6049623503744738,2.876204446710922,285.366,2,2,7,36.42,2,21,0.10642328,0.03268114,True,0.02,docking_results_3_10.csv,0.021969853,0.00551976,0.0704551,0.025571138,0.10642328,0.013890865,0.010865803,0.055031717,0.00943879,0.020124508,0.04336146,0.00952142,True,3.253400000000002,3.253400000000002
18,CCC(CC)N1C=CC=C2CCOC2=C(CN3CCNCC3)C1,CCC(CC)N1C=CC=C2CCOC2=C(CN2CCNCC2)C1,-7.1,2.510300000000001,0.8431014924566487,3.50219097848474,317.4770000000001,1,4,5,27.740000000000002,3,23,0.10908733,0.021666432,True,0.02,docking_results_3_5.csv,0.017000612,0.008995459,0.008951003,0.011925098,0.029279612,0.0069566607,0.008925507,0.10908733,0.0071474905,0.018213058,0.01015335,0.023362007,True,2.510300000000001,2.510300000000001
46,CC=1C=CN(C2=CC=C(C#N)C=C2F)C(=O)N=1,Cc1ccn(-c2ccc(C#N)cc2F)c(=O)n1,-7.1,1.5517,0.7449936552749649,2.4025441595819643,229.21399999999997,0,3,1,58.68,2,17,0.118831895,0.034671713,True,0.02,docking_results_3_22.csv,0.0327037,0.0109993955,0.118831895,0.023861846,0.058864582,0.009819289,0.011326173,0.07041302,0.014642361,0.015060315,0.027223114,0.022314882,True,1.5517,1.5517
167,O=C(N1CCN(CC1)C2=CC=C(Cl)C=C2)C3CCCCC3,O=C(C1CCCCC1)N1CCN(c2ccc(Cl)cc2)CC1,-7.1,3.568900000000002,0.8337405192504912,1.7512786771787034,306.83700000000016,0,2,2,23.550000000000004,3,21,0.1344382,0.04162422,True,0.02,docking_results_3_6.csv,0.02579818,0.01285096,0.027489968,0.039355543,0.07287061,0.019204374,0.020691372,0.1344382,0.014858854,0.034783516,0.060089063,0.037059996,True,3.568900000000002,3.568900000000002
172,O=C(CC1=CC=CC=C1Cl)NC=CC2=CC=CN=C2,O=C(Cc1ccccc1Cl)NC=Cc1cccnc1,-7.1,3.0646000000000004,0.9293892604333748,2.3015717407273133,272.735,1,2,4,41.99,2,19,0.13473469,0.056810528,True,0.02,docking_results_3_2.csv,0.026903095,0.013439098,0.12225521,0.037362996,0.09733393,0.025401441,0.030634914,0.13473469,0.026144026,0.053178553,0.08392638,0.030412033,True,3.0646000000000004,3.0646000000000004
54,O=C(CCC=1C=COC=1)C(=O)CCC2=CC(F)=CC=C2C,Cc1ccc(F)cc1CCC(=O)C(=O)CCc1ccoc1,-7.1,3.4307200000000018,0.7332668379105612,2.524398509610789,288.318,0,3,7,47.28,2,21,0.14548057,0.063070156,True,0.02,docking_results_3_1.csv,0.034376174,0.019208882,0.042813823,0.057858266,0.12792502,0.042171914,0.037845716,0.14548057,0.019385999,0.064527884,0.13248703,0.03276054,True,3.4307200000000018,3.4307200000000018
247,CCC1=CC=C(CN(CC#C)S(=O)(=O)C2=CC=CS2)C=C1,C#CCN(Cc1ccc(CC)cc1)S(=O)(=O)c1cccs1,-7.1,3.1346000000000016,0.767192267050689,2.3644590050475554,319.451,0,3,6,37.38,2,21,0.14548935,0.05710264,True,,docking_results_3_0_add_B.csv,0.025486978,0.016332181,0.024012508,0.05349393,0.11572072,0.03923341,0.037173945,0.14548935,0.015991308,0.060928028,0.12152041,0.029848956,True,3.1346000000000016,
64,COC1=CC=CC=C1C2=NC(C(=O)OC3CCCCC3)=C(C)N2C,COc1ccccc1-c1nc(C(=O)OC2CCCCC2)c(C)n1C,-7.1,3.893620000000003,0.798998811862943,2.3694368763882085,328.4120000000001,0,4,4,53.35,3,24,0.1716938,0.061590996,True,0.02,docking_results_3_6.csv,0.023025252,0.009218825,0.1716938,0.06361136,0.08247146,0.019651141,0.018722415,0.13055998,0.021427814,0.037837166,0.12174556,0.03912715,True,3.893620000000003,3.893620000000003
145,CC=NN=C(C(=O)NC1=CC=CC(C(F)(F)F)=C1)CC(C)=NN(C)CC,CC=NN=C(CC(C)=NN(C)CC)C(=O)Nc1cccc(C(F)(F)F)c1,-7.1,3.8083000000000027,0.586506939058443,3.3732930059471773,369.39100000000013,1,5,7,69.42,1,26,0.18293615,0.06593654,True,,docking_results_3_0_add_B.csv,0.015572473,0.008165914,0.15378858,0.056493465,0.061328728,0.018396227,0.021412313,0.18293615,0.022560777,0.051759392,0.14891945,0.04990507,True,3.8083000000000027,
224,CC[C@@](C)(O)C(=O)N1CCC(CC1)C=CN=CCNC2=CC=C(C=N2)C#N,CC[C@@](C)(O)C(=O)N1CCC(C=CN=CCNc2ccc(C#N)cn2)CC1,-7.1,2.3492800000000003,0.7184978020628008,3.9212964416642624,369.469,2,6,7,101.60999999999999,2,27,0.19195677,0.059751604,True,0.02,docking_results_3_11.csv,0.03743256,0.026278337,0.05541353,0.03936518,0.09285373,0.03160955,0.03141573,0.19195677,0.037804857,0.052514113,0.055882707,0.064492166,True,2.3492800000000003,2.3492800000000003
29,O=C(CCNC1=CC=CC=C1C(=O)O)C2=NC3=CC=CC=C3O2,O=C(CCNc1ccccc1C(=O)O)c1nc2ccccc2o1,-7.1,3.2109000000000014,0.6791308963883146,2.1538712415053034,310.309,2,5,6,92.43,3,23,0.19441688,0.060807616,True,0.02,docking_results_3_22.csv,0.03987171,0.018576637,0.19441688,0.027111523,0.110518046,0.022326857,0.022314385,0.1279951,0.035164006,0.02708717,0.06325213,0.04105698,True,3.2109000000000014,3.2109000000000014
142,C[C@@H1](C1CCCCCC1)NC=2C=CN3N=CC(C#N)=C3N=2,C[C@H](Nc1ccn2ncc(C#N)c2n1)C1CCCCCC1,-7.1,3.371780000000002,0.8769855491255023,3.127782252511679,283.3790000000001,1,4,3,66.00999999999999,3,21,0.22364673,0.096373975,True,0.02,docking_results_3_2.csv,0.028497633,0.016795654,0.18388855,0.12390873,0.10226064,0.034749594,0.03046587,0.22364673,0.043573584,0.06241867,0.20598555,0.100296475,True,3.371780000000002,3.371780000000002
253,C[C@@H1](NC(=O)C1=CC=CC=C1N2N=CC=N2)C3=CC=CC=N3,C[C@@H](NC(=O)c1ccccc1-n1nccn1)c1ccccn1,-7.1,2.1532999999999998,0.7996992082557141,2.719073783875345,293.33,1,4,4,72.7,3,22,0.2681342,0.056585092,True,0.02,docking_results_3_13.csv,0.025586776,0.008062006,0.2681342,0.03885371,0.09534298,0.014020459,0.012783712,0.08821386,0.024496382,0.02095886,0.057244726,0.025323436,True,2.1532999999999998,2.1533
89,CC1=CN=C(C)C(=C1)C2=CC(NS(=O)(=O)C(C)(C)C)=CN=C2N[C@@H1](C)OC=O,Cc1cnc(C)c(-c2cc(NS(=O)(=O)C(C)(C)C)cnc2N[C@@H](C)OC=O)c1,-7.1,3.2315400000000016,0.5363410505450122,3.6767340001974063,406.50800000000015,2,7,7,110.28,2,28,0.27165958,0.10871345,True,0.02,docking_results_3_0.csv,0.0225542,0.014108619,0.22257344,0.113662645,0.13444886,0.041611835,0.030100398,0.25500157,0.044709466,0.06823659,0.27165958,0.08589409,True,3.2315400000000016,3.2315400000000016
219,CCN1C(N)=NC=C(C1=O)C2=CC=C(C=C2)C=CC=CC=CC=CCCNC,CCn1c(N)ncc(-c2ccc(C=CC=CC=CC=CCCNC)cc2)c1=O,-7.1,3.8037000000000027,0.515627343460456,3.070922544662664,376.50400000000013,2,4,9,72.94,2,28,0.28244916,0.08294242,True,0.02,docking_results_3_19.csv,0.024716534,0.022713179,0.1357965,0.052953057,0.06525536,0.03243269,0.043665644,0.28244916,0.049578268,0.097912036,0.101688124,0.08614857,True,3.8037000000000027,3.8037000000000023
132,CCN(CC(=O)N(C1CC1)C2CC2)C=CC3=CC=4C(=O)NCC=4C=C3OC,CCN(C=Cc1cc2c(cc1OC)CNC2=O)CC(=O)N(C1CC1)C1CC1,-7.1,2.3846000000000007,0.7642997557151449,3.123654577222637,369.46500000000015,1,4,8,61.88000000000001,4,27,0.29597092,0.09112131,True,,docking_results_3_0_add_B.csv,0.023250755,0.01905123,0.107211396,0.07844029,0.06062014,0.033017088,0.043126754,0.29597092,0.038757145,0.09375816,0.18652655,0.11372524,True,2.3846000000000007,
233,COC(=O)C1=CC=CC=2N(C)C(NC(=O)C=C)C(=C3C1=2)CCCC3,C=CC(=O)NC1C2=C(CCCC2)c2c(C(=O)OC)cccc2N1C,-7.1,2.8789000000000016,0.6853029001828689,3.477865151602833,326.3960000000002,1,4,3,58.64,3,24,0.33706298,0.11722511,True,0.02,docking_results_3_5.csv,0.038088962,0.033652917,0.1785991,0.083783515,0.10489085,0.04998054,0.055382233,0.33706298,0.076432735,0.09615931,0.20251408,0.15015417,True,2.8789000000000016,2.8789000000000016
244,CCNC(C)=CC(=O)N1N=C(N=C1)C2=CC=NC(NC(=O)C3CC3)=C2,CCNC(C)=CC(=O)n1cnc(-c2ccnc(NC(=O)C3CC3)c2)n1,-7.1,1.8420999999999994,0.7781551433721083,2.9564198076052133,340.3870000000001,2,6,6,101.80000000000001,3,25,0.38006976,0.13118589,True,,docking_results_3_0_add_B.csv,0.03298516,0.025765406,0.38006976,0.08571436,0.10106567,0.039077368,0.0450266,0.3280797,0.0959131,0.08411499,0.19565257,0.16076586,True,1.8420999999999994,
34,O[C@@H1](CNC1=CC(=CC=N1)C2=CN=CS2)CC3=CC=CC=C3,O[C@@H](CNc1cc(-c2cncs2)ccn1)Cc1ccccc1,-7.1,3.220600000000002,0.733672448123872,2.8535913985203187,311.40999999999997,2,5,6,58.04,3,22,0.44664407,0.13931066,True,0.02,docking_results_3_0.csv,0.043803297,0.02344466,0.44664407,0.12755361,0.21104011,0.056969777,0.043017305,0.22209072,0.08249852,0.074707836,0.2487733,0.09118445,True,3.220600000000002,3.220600000000002
185,NC=C(C(=O)C1=CC=C(Cl)C=C1)C2=CC=CC=C2,NC=C(C(=O)c1ccc(Cl)cc1)c1ccccc1,-7.1,3.5225000000000017,0.6752923692015437,2.0183647472588824,257.71999999999997,1,2,3,43.09,2,18,0.4848513,0.16653787,True,0.02,docking_results_3_2.csv,0.03198731,0.029407693,0.23869567,0.11524308,0.27612215,0.1122907,0.066895865,0.34352455,0.06858941,0.13620299,0.4848513,0.094643705,True,3.5225000000000017,3.5225000000000017
35,CCSCC1=NOC(=N1)C=CC=CC=CC2=C(CCNC2=O)C=C,C=CC1=C(C=CC=CC=Cc2nc(CSCC)no2)C(=O)NCC1,-7.1,3.450800000000002,0.7323145312324352,3.8428020347592495,343.45200000000017,1,5,8,68.02000000000001,2,24,0.49639425,0.11808076,True,0.02,docking_results_3_28.csv,0.027239932,0.054437052,0.08154091,0.041637715,0.04716383,0.045892887,0.08048677,0.49639425,0.09910106,0.1703727,0.07643757,0.19626428,True,3.450800000000002,3.450800000000002
162,ClC1=CC(Br)=CC=C1S(=O)(=O)NC=CC2=CC=CN=C2,O=S(=O)(NC=Cc1cccnc1)c1ccc(Br)cc1Cl,-7.0,3.4467000000000017,0.892790618992469,2.6001732129738553,373.65900000000005,1,3,4,59.06,2,20,0.06708661,0.02394838,True,0.02,docking_results_3_12.csv,0.020356435,0.007674984,0.02366294,0.015625376,0.05457042,0.010420669,0.012960756,0.06708661,0.0057325405,0.017470071,0.039464258,0.0123554915,True,3.4467000000000017,3.4467000000000017
255,CCC[C@@H1](CC[C@@H1]1CNC(=O)C2=CC=CN2C1)C(O)=O,CCC[C@@H](CC[C@@H]1CNC(=O)c2cccn2C1)C(=O)O,-7.0,2.1287999999999996,0.8370293720445487,3.706782312915367,278.35200000000003,2,2,6,71.33000000000001,2,20,0.07124849,0.022006482,True,0.02,docking_results_3_1.csv,0.026302086,0.0112582,0.008531765,0.011581287,0.05861528,0.0110458145,0.010790602,0.07124849,0.006491802,0.0135704065,0.01866269,0.015979353,True,2.1287999999999996,2.1288
251,CC(C)C(=N/OCC(O)=O)C1=CC=CC2=CC=CC=C12,CC(C)C(=NOCC(=O)O)c1cccc2ccccc12,-7.0,3.3011000000000017,0.6701601248021147,2.389788322863966,271.31600000000003,1,3,5,58.89,2,20,0.08096206,0.030145079,True,0.02,docking_results_3_7.csv,0.025005257,0.008807907,0.06894466,0.013786356,0.08096206,0.0122942235,0.012384799,0.067727745,0.012039235,0.017388174,0.028681958,0.013718576,True,3.3011000000000017,3.3011000000000017
220,CCOC1=CC=CN=C(C=CC=C1)[C@H1]2C[C@H1](O)C(O)C2,CCOc1ccccc([C@@H]2CC(O)[C@@H](O)C2)nccc1,-7.0,2.2039,0.8874679509046319,3.5213383684733994,275.34800000000007,2,4,3,62.58,2,20,0.08463199,0.021411544,True,0.02,docking_results_3_0.csv,0.027918562,0.0055055027,0.029271083,0.018982125,0.08463199,0.008786415,0.0063704187,0.030523852,0.004245,0.009108393,0.024469083,0.0071261064,True,2.2039,2.2039
80,O=C(COC1=CC=CC=C1I)N2CCC=3SC=CC=3C2,O=C(COc1ccccc1I)N1CCc2sccc2C1,-7.0,3.3164000000000016,0.741743910591941,2.264261683985602,399.25300000000016,0,3,3,29.54,3,20,0.095154986,0.040385503,True,0.02,docking_results_3_8.csv,0.047578167,0.020229643,0.058659736,0.02964834,0.08396318,0.018569898,0.021740614,0.095154986,0.017538399,0.02752972,0.035347175,0.028666222,True,3.3164000000000016,3.3164000000000016
195,C1[C@@H1](C[C@@H1](N)[C@H1](O)C1)C2=CC=C(Br)C=C2,N[C@@H]1C[C@@H](c2ccc(Br)cc2)CC[C@H]1O,-7.0,2.4048000000000007,0.8227526248409416,3.140586513389888,270.16999999999996,2,2,1,46.25,2,15,0.10966962,0.037180964,True,0.02,docking_results_3_5.csv,0.04211921,0.011027219,0.025985457,0.045289747,0.10966962,0.018612336,0.013450167,0.058413796,0.006421352,0.018212019,0.07820137,0.018769236,True,2.4048000000000007,2.4048000000000007
96,CCN(CCNCC(C)C)C(=O)C1=CC=C(N)C(OCC(F)(F)F)=C1,CCN(CCNCC(C)C)C(=O)c1ccc(N)c(OCC(F)(F)F)c1,-7.0,2.9176,0.5242271800475069,2.4362838423764135,361.408,2,4,9,67.59,1,25,0.13576534,0.048093174,True,0.02,docking_results_3_3.csv,0.019413112,0.008698723,0.079086326,0.045357652,0.07895565,0.018862957,0.015907206,0.13576534,0.017740628,0.034166656,0.08858842,0.03457542,True,2.9176,2.9176
102,COC1=CC=C(C2=C1C=CC=CC3=C(CCNC3=O)C=C2C)C=O,COc1ccc(C=O)c2c(C)cc3c(ccccc12)C(=O)NCC3,-7.0,3.379620000000001,0.8628225265072852,2.834788589841505,321.37600000000003,1,3,2,55.4,3,24,0.14301562,0.038955983,True,0.02,docking_results_3_28.csv,0.029056413,0.008657885,0.14301562,0.024806203,0.06871066,0.011118893,0.011553334,0.07417155,0.012539936,0.016686339,0.047546234,0.019608742,True,3.379620000000001,3.379620000000001
150,O=C(NC1=CC=C(Cl)C=C1)CC2CNC(=O)C2,O=C1CC(CC(=O)Nc2ccc(Cl)cc2)CN1,-7.0,1.8046999999999997,0.8619822675372312,2.5114340758368385,252.70099999999996,2,2,3,58.2,2,17,0.15669265,0.05665326,True,0.02,docking_results_3_6.csv,0.037776336,0.020750936,0.08187635,0.029956665,0.11077412,0.028073376,0.0285878,0.15669265,0.03444899,0.041980766,0.06214532,0.046775855,True,1.8046999999999997,1.8047
208,CCCNC(=O)N(C)C(=C([NH1]C=O)C#N)CC=CC1=CC=CC=C1,CCCNC(=O)N(C)C(CC=Cc1ccccc1)=C(C#N)NC=O,-7.0,2.6224800000000013,0.5686492870140286,3.194254388375783,326.40000000000003,2,3,8,85.23,1,24,0.2183904,0.060162097,True,0.02,docking_results_3_8.csv,0.019587409,0.01610233,0.071950674,0.028616419,0.0678141,0.027752519,0.036962345,0.2183904,0.036172748,0.07755954,0.071021006,0.05001571,True,2.6224800000000013,2.6224800000000013
36,CC/C(=C\C1=CC=CC(OC)=C1)C2=NCCN2,CC/C(=C\c1cccc(OC)c1)C1=NCCN1,-7.0,2.4903000000000004,0.8618127478597174,2.773265639925329,230.31099999999995,1,3,4,33.62,2,17,0.21966363,0.07022276,True,0.02,docking_results_3_20.csv,0.022304652,0.014639128,0.14674069,0.04896959,0.06315307,0.023709623,0.031705085,0.21966363,0.03253202,0.06966211,0.10683189,0.062761575,True,2.4903000000000004,2.4903000000000004
20,COC(=O)C1=CC=C(C=C1)[NH1]C2=C(C)C=CC=C2,COC(=O)c1ccc(Nc2ccccc2C)cc1,-7.0,3.525220000000002,0.8353558637777356,1.4581873716932705,241.29000000000002,1,3,3,38.33,2,18,0.32714555,0.09420528,True,0.02,docking_results_3_8.csv,0.02620043,0.010510016,0.32714555,0.050202027,0.20955665,0.037778147,0.019228907,0.14023449,0.031166265,0.03791091,0.21163204,0.028898032,True,3.525220000000002,3.525220000000002
227,COC=CC(C)=CN=C1[NH1]N=CC1=CC2=CC=CC=C2,COC=CC(C)=CN=C1NN=CC1=Cc1ccccc1,-7.0,3.1214000000000013,0.6726640651095985,3.6579128776195544,267.33200000000005,1,3,4,45.98,2,20,0.34867805,0.115473725,True,0.02,docking_results_3_5.csv,0.015924226,0.015415473,0.22748423,0.061481655,0.09061432,0.04117172,0.055133317,0.34867805,0.0596805,0.13362318,0.24278487,0.093693145,True,3.1214000000000013,3.1214000000000013
11,CS[C@@H1](C)CNS(=O)(=O)C1=CC=C2C=CC(N)=CC2=C1N=N,CS[C@@H](C)CNS(=O)(=O)c1ccc2ccc(N)cc2c1N=N,-7.0,3.1142700000000003,0.5551514510132222,3.539012581952269,338.4580000000001,3,6,6,108.4,2,22,0.375403,0.14503562,True,0.02,docking_results_3_3.csv,0.03587649,0.02241699,0.375403,0.12003344,0.19500211,0.055852864,0.0354581,0.29073438,0.0769574,0.064033,0.3399993,0.12866047,True,3.1142700000000003,3.1142700000000003
14,COC=C1C=C(C=CC2=CC=C(OCC(O)=O)C=C2C=C1C(=O)NC(C)=O)C=C,C=CC1=CC(=COC)C(C(=O)NC(C)=O)=Cc2cc(OCC(=O)O)ccc2C=C1,-7.0,2.8656000000000006,0.7184290528426723,3.8715760693636616,395.4110000000002,2,5,6,101.93,2,29,0.39211354,0.09122188,True,0.02,docking_results_3_20.csv,0.049687717,0.07280423,0.053433396,0.021062497,0.0764128,0.05183847,0.05050482,0.39211354,0.058641516,0.09449407,0.06550634,0.10816329,True,2.8656000000000006,2.8656000000000006
166,COC1=CC=C(C2=C1C=CC=CC3=C(CCNC3=O)C=C2NC(=O)OCC=O)NC,CNc1ccc(OC)c2ccccc3c(cc(NC(=O)OCC=O)c12)CCNC3=O,-7.0,3.0478000000000005,0.6557417259461024,3.184435022209586,409.4420000000001,3,6,5,105.76000000000002,3,30,0.47921035,0.1292374,True,0.02,docking_results_3_28.csv,0.038837608,0.023328254,0.47921035,0.07295009,0.1388763,0.03905682,0.03504706,0.26395863,0.08172931,0.058266874,0.2053675,0.11421999,True,3.0478000000000005,3.0478000000000005
5,C1CN1CC=CC(O2)=CC=CC(NC(=O)C3CC3)=CC2=C,C=C1C=C(NC(=O)C2CC2)C=CC=C(C=CCN2CC2)O1,-7.0,2.2523,0.787333876758036,3.394345315347424,284.35900000000004,1,3,5,41.34,3,21,0.48834565,0.09898845,True,0.02,docking_results_3_12.csv,0.021029914,0.039428744,0.035212215,0.03397127,0.037395306,0.03714478,0.057757564,0.48834565,0.055601493,0.14239572,0.07762932,0.16194947,True,2.2523,2.2523
239,C[C@@H1](CN1CCC(N)CC1)C2=CC=C(Cl)C=C2,C[C@@H](CN1CCC(N)CC1)c1ccc(Cl)cc1,-6.9,2.866600000000002,0.8965065764352057,2.4615302296829924,252.78900000000002,1,2,3,29.259999999999998,2,17,0.03947759,0.01172594,True,0.02,docking_results_3_5.csv,0.011442019,0.0023247104,0.010652115,0.0117353555,0.03947759,0.003990521,0.0038264862,0.029663758,0.0018941675,0.0077670603,0.01347775,0.004459736,True,2.866600000000002,2.866600000000002
245,CC(C)C[C@@H1]1COC(=O)N1C2=CC(=CC=N2)C(N)=O,CC(C)C[C@@H]1COC(=O)N1c1cc(C(N)=O)ccn1,-6.9,1.5518,0.8926138185835176,3.089569470065177,263.297,1,4,4,85.52000000000001,2,19,0.05668777,0.017985081,True,0.02,docking_results_3_2.csv,0.023538338,0.007152561,0.026317209,0.00726109,0.05668777,0.006582552,0.0056989104,0.046846867,0.006402969,0.007302173,0.011990839,0.010039679,True,1.5518,1.5518
206,CCC=1C=C(NC(=O)C2CC2)N(N=1)S(=O)(=O)C3=CC=C(Cl)C=C3,CCc1cc(NC(=O)C2CC2)n(S(=O)(=O)c2ccc(Cl)cc2)n1,-6.9,2.684400000000001,0.8955832887163881,2.4380694433035046,353.831,1,4,5,81.06,3,23,0.059845842,0.021305306,True,0.02,docking_results_3_4.csv,0.015024343,0.004694407,0.022031885,0.016956005,0.044679068,0.007188246,0.008020651,0.059845842,0.0037275315,0.010998161,0.05036392,0.012133589,True,2.684400000000001,2.684400000000001
1,O=C(NCCCC1=CC=CC=C1)C2CCNCC2,O=C(NCCCc1ccccc1)C1CCNCC1,-6.9,1.7349999999999999,0.7769680438303175,1.8002673853533082,246.35399999999998,2,2,5,41.13,2,18,0.06494217,0.016157154,True,,docking_results_3_0_add_B.csv,0.01982368,0.005444059,0.008963668,0.0086314175,0.06494217,0.0075862072,0.006852527,0.03983965,0.004000512,0.011025289,0.010841946,0.0059347027,True,1.7349999999999999,
93,C[C@@H1](CSC(C)(C)C)NC(=O)CCC1=NC(=NO1)C2=CC=C(F)C=C2,C[C@@H](CSC(C)(C)C)NC(=O)CCc1nc(-c2ccc(F)cc2)no1,-6.9,3.8447000000000022,0.8072031181519578,2.85565397264784,365.47400000000005,1,5,7,68.02000000000001,2,25,0.079089105,0.030438868,True,0.02,docking_results_3_5.csv,0.015953513,0.0056934683,0.048913736,0.030543488,0.0647616,0.011873887,0.011110554,0.079089105,0.009599474,0.02304672,0.048175555,0.016505297,True,3.8447000000000022,3.844700000000002
251,C[C@@H1](OC1=CC=CC=C1C2=CC=CC=C2P(C)(=O)O)C(O)=O,C[C@@H](Oc1ccccc1-c1ccccc1P(C)(=O)O)C(=O)O,-6.9,2.7310000000000003,0.8276635740468266,3.0972550944909054,320.281,2,3,5,83.83000000000001,2,22,0.09650336,0.023081087,True,0.02,docking_results_3_2.csv,0.028733457,0.007677302,0.025209261,0.010835127,0.09650336,0.0107892025,0.008742346,0.040723585,0.005385773,0.00940324,0.025450597,0.0075197928,True,2.7310000000000003,2.7310000000000003
52,C[C@H1]1CCC[C@](O1)(C(C)C)CN2N=NC3=CC=CC=C23,CC(C)[C@]1(Cn2nnc3ccccc32)CCC[C@H](C)O1,-6.9,3.4151000000000025,0.8599962849871464,3.578896642007326,273.38,0,3,3,39.94,3,20,0.103149235,0.049876183,True,0.02,docking_results_3_3.csv,0.02553964,0.009232955,0.07552564,0.0766143,0.09596507,0.019962411,0.015292783,0.10059661,0.014974745,0.028492814,0.103149235,0.033167955,True,3.4151000000000025,3.4151000000000025
147,C[C@H1]1C[C@H1](C)N(C(=O)OCC2=CC=CC=C2)C1,C[C@H]1C[C@H](C)N(C(=O)OCc2ccccc2)C1,-6.9,3.0535000000000014,0.7853609867887019,2.6477662037600886,233.311,0,2,2,29.540000000000003,2,17,0.11570433,0.02745835,True,0.02,docking_results_3_5.csv,0.031200498,0.008630907,0.017135607,0.019066446,0.11570433,0.015679434,0.010914583,0.047975544,0.006417596,0.015189241,0.03279853,0.00878747,True,3.0535000000000014,3.053500000000001
173,O=C(NCC1=CC=CC(O)=C1)C2CCCC2,O=C(NCc1cccc(O)c1)C1CCCC1,-6.9,2.1986,0.8183806201199715,1.688785933542313,219.28399999999993,2,2,3,49.33,2,16,0.14107992,0.059963595,True,0.02,docking_results_3_7.csv,0.03096469,0.014708311,0.050982215,0.044313077,0.14107992,0.039028425,0.028263709,0.13705243,0.020120928,0.049523912,0.13258208,0.030943472,True,2.1986,2.1986
211,CCOC(=O)[C@H1]([C@H1](NC(=O)C1CC1)C2=CC=CC=C2)C3=CC=C(C)C=C3,CCOC(=O)[C@@H](c1ccc(C)cc1)[C@H](NC(=O)C1CC1)c1ccccc1,-6.9,3.909220000000003,0.7696484570425399,2.7686532288752908,351.4460000000001,1,3,7,55.4,3,26,0.15065278,0.05353641,True,0.02,docking_results_3_2.csv,0.023700994,0.010076802,0.033587486,0.046875905,0.13816777,0.032981224,0.023578696,0.10926508,0.011222268,0.042030014,0.15065278,0.02029791,True,3.909220000000003,3.909220000000003
112,O=C(COCC1=CC=CC=C1)N[C@H1](CC2=CC=C(O)C=C2)C(=O)NC=CC=CC,CC=CC=CNC(=O)[C@@H](Cc1ccc(O)cc1)NC(=O)COCc1ccccc1,-6.9,2.8423000000000016,0.5409454615611178,2.9519359257121316,394.47100000000006,3,4,10,87.66,2,29,0.1962805,0.07547114,True,0.02,docking_results_3_9.csv,0.0390075,0.026318308,0.07545747,0.041992027,0.14525601,0.05140538,0.04791235,0.1962805,0.04096635,0.07756302,0.11547983,0.04801498,True,2.8423000000000016,2.8423000000000016
179,COC[C@H1](O)C(=O)NC1=CC=CC2=CC=CC=C12,COC[C@H](O)C(=O)Nc1cccc2ccccc12,-6.9,1.7855999999999994,0.8629278157167142,2.340391800078695,245.27800000000002,2,3,4,58.56,2,18,0.24149208,0.098968975,True,0.02,docking_results_3_9.csv,0.04795464,0.026515724,0.24149208,0.07072932,0.18407153,0.046286583,0.03749447,0.19534196,0.062497646,0.05346343,0.1442582,0.07752212,True,1.7855999999999994,1.7855999999999994
220,C1C=CC=C(C2C3=CC(=CC=C3F)N(CC(=O)N4CCCCCC4)C2=O)C1,O=C(CN1C(=O)C(C2=CC=CCC2)c2cc1ccc2F)N1CCCCCC1,-6.9,3.9349000000000025,0.8109336833315351,3.9633986990556105,368.4520000000003,0,2,3,40.620000000000005,4,27,0.24538563,0.069743484,True,0.02,docking_results_3_1.csv,0.0404937,0.032057524,0.0297715,0.057690565,0.06905809,0.033789456,0.04281611,0.24538563,0.02647499,0.067117676,0.099873036,0.09239352,True,3.9349000000000025,3.9349000000000025
116,C[NH1+1](C)CCNC=C(C1=CN=C(NC2CCCCC2)C=C1OCF)F,C[NH+](C)CCNC=C(F)c1cnc(NC2CCCCC2)cc1OCF,-6.9,2.1339999999999995,0.5942544358039883,3.867839318516838,355.4530000000001,3,4,9,50.620000000000005,2,25,0.3243336,0.11020717,True,0.02,docking_results_3_3.csv,0.017128991,0.011360069,0.1591646,0.13053933,0.09042904,0.037399072,0.03211695,0.2912795,0.036145043,0.09137854,0.3243336,0.10121143,True,2.1339999999999995,2.1339999999999995
132,CN(C)[C@@H1](C1CCCCC1)C2=NC(=CS2)C3=CN=C(N)C=N3,CN(C)[C@H](c1nc(-c2cnc(N)cn2)cs1)C1CCCCC1,-6.9,3.3653000000000013,0.9361480684166434,3.3370044500841383,317.46200000000005,1,6,4,67.93,3,22,0.3280164,0.11337298,True,0.02,docking_results_3_1.csv,0.025596326,0.014232396,0.3280164,0.13731417,0.108094186,0.03256841,0.026156208,0.24104354,0.058609076,0.060493607,0.21617582,0.11217572,True,3.3653000000000013,3.3653000000000013
69,CCCCO[C@@H1]C1=CN(C2=CC=CC=C2N3C=CC=C13)C=O,CCCCO[CH]C1=CN(C=O)c2ccccc2-n2cccc21,-6.9,3.7730900000000025,0.6002823774883581,3.411004607186757,295.3620000000001,0,2,6,34.47,3,22,0.40305632,0.14768937,True,0.02,docking_results_3_4.csv,0.029248128,0.020652685,0.40305632,0.13221683,0.13864847,0.04921187,0.048454806,0.31349602,0.08037849,0.096945874,0.32440385,0.1355591,True,3.7730900000000025,3.7730900000000025
126,O=C(NC1=CC=C(C=N1)N2CCC3(CC2)CCO3)C=4C=CSC=4,O=C(Nc1ccc(N2CCC3(CCO3)CC2)cn1)c1ccsc1,-6.9,3.154700000000002,0.9396938330358983,2.9955087451561084,329.4249999999999,1,5,3,54.46000000000001,4,23,0.40539968,0.1869419,True,0.02,docking_results_3_1.csv,0.05054257,0.043439716,0.40453136,0.17111355,0.17553253,0.076629244,0.06692082,0.40539968,0.14623539,0.10903414,0.3494711,0.24445269,True,3.154700000000002,3.154700000000002
104,O=C(NCC=1C=CSC=1)C2=CC=CC3=CN=CC=C23,O=C(NCc1ccsc1)c1cccc2cnccc12,-6.9,3.226300000000001,0.792102485389292,2.0395577347333074,268.341,1,3,3,41.99,3,19,0.4146238,0.10798509,True,0.02,docking_results_3_8.csv,0.041551325,0.020046856,0.4146238,0.072633944,0.17501968,0.039661355,0.03247209,0.17217872,0.062396377,0.050408565,0.15575473,0.05907368,True,3.226300000000001,3.226300000000001
210,CC1=CC(C)=NC(=N1)N=CC2=CC=C(O)C=C2,Cc1cc(C)nc(N=Cc2ccc(O)cc2)n1,-6.9,2.54964,0.8019243426539667,2.3524069664559413,227.26700000000005,1,4,2,58.370000000000005,2,17,0.44138154,0.114404134,True,0.02,docking_results_3_7.csv,0.03759137,0.018255467,0.44138154,0.0754146,0.16773814,0.04036116,0.026378015,0.19833368,0.05892769,0.050437793,0.19334495,0.06468513,True,2.54964,2.54964
124,CC(C)(NC1=NC=NC2=CC=C(S(C)(=O)=O)C=C12)[C@H1]CCCN,CC(C)([CH]CCCN)Nc1ncnc2ccc(S(C)(=O)=O)cc12,-6.8,2.1669899999999997,0.7525628551470764,3.0018914213254817,335.4530000000002,2,6,7,97.97,2,23,0.07870145,0.035371143,True,0.02,docking_results_3_3.csv,0.01661981,0.005503352,0.07492075,0.033246733,0.077695176,0.012368689,0.0099345045,0.07870145,0.010011917,0.018587539,0.069226556,0.017637217,True,2.1669899999999997,2.16699
17,CC[C@@H1]([NH2+1]C(=O)C1=CC=NC=C1)C2=CC=C(C)C=C2,CC[C@@H]([NH2+]C(=O)c1ccncc1)c1ccc(C)cc1,-6.8,2.2449199999999996,0.9104426741307804,3.453182783674645,255.34099999999998,1,2,4,46.57,2,19,0.08453192,0.026613012,True,0.02,docking_results_3_1.csv,0.01538153,0.0035024548,0.052739803,0.022878934,0.08453192,0.010618618,0.008450763,0.043255728,0.0053546038,0.015881898,0.050430235,0.0063296654,True,2.2449199999999996,2.24492
149,O=C(C1=CC=CC=C1)N2C=CC(Br)=CC2=O,O=C(c1ccccc1)n1ccc(Br)cc1=O,-6.8,2.2993000000000006,0.8024944900497409,2.22393001380987,278.105,0,2,1,39.07,2,16,0.1148678,0.038058795,True,0.02,docking_results_3_14.csv,0.03395438,0.01041766,0.08883161,0.019902993,0.1148678,0.01638309,0.014168861,0.063738994,0.013327492,0.016596913,0.05059912,0.013916651,True,2.2993000000000006,2.299300000000001
61,CC1=CC=C(Br)C=C1CN=C2C(O)=CC(=CN2)C=O,Cc1ccc(Br)cc1CN=c1[nH]cc(C=O)cc1O,-6.8,2.7046200000000002,0.8538362766354426,3.234419045121035,321.17400000000004,2,3,3,65.45,2,19,0.25212368,0.08914303,True,0.02,docking_results_3_4.csv,0.029687902,0.014984067,0.25212368,0.065601066,0.118233524,0.032317042,0.029629331,0.18577354,0.03509402,0.05136193,0.19757073,0.057339374,True,2.7046200000000002,2.70462
177,O=C(NC1=CC=C(F)C=C1F)C2=CC=CN=C2,O=C(Nc1ccc(F)cc1F)c1cccnc1,-6.8,2.6121000000000008,0.8673270785913463,1.6486127356867097,234.20499999999998,1,2,2,41.99,2,17,0.28561416,0.07784326,True,0.02,docking_results_3_12.csv,0.026817158,0.011238932,0.28561416,0.0583887,0.1102315,0.023201274,0.022348773,0.14279053,0.030030372,0.03786997,0.14364527,0.041942354,True,2.6121000000000008,2.6121000000000008
213,COCC[C@@H1](C)[C@](C)(N)COC1=CC=C(Cl)C(=C1Cl)C2=NN=C(N)S2,COCC[C@@H](C)[C@](C)(N)COc1ccc(Cl)c(-c2nnc(N)s2)c1Cl,-6.8,3.8629000000000016,0.6923876074928073,3.828668674838257,405.3510000000001,2,7,8,96.28,2,25,0.29255733,0.10380652,True,0.02,docking_results_3_0.csv,0.02134216,0.012723822,0.29255733,0.10604005,0.091808595,0.028565155,0.027183488,0.23377036,0.045230422,0.06117805,0.22688681,0.098391905,True,3.8629000000000016,3.8629000000000016
47,C1NC=2N=CSC=2[C@@H1](C3=CC=CC=C3Cl)N1,Clc1ccccc1[C@H]1NCNc2ncsc21,-6.8,2.8585000000000003,0.8184784659354398,3.593531415334793,251.74200000000002,2,4,1,36.95,3,16,0.33894014,0.097331084,True,0.02,docking_results_3_5.csv,0.029311355,0.013175447,0.33894014,0.10353968,0.104942,0.02475808,0.024849312,0.18611163,0.04175097,0.045233123,0.17751381,0.07784742,True,2.8585000000000003,2.8585000000000003
217,CCC(C)(C)[C@@](O)(C(=O)NO)C1=CC=C(Br)C=C1,CCC(C)(C)[C@@](O)(C(=O)NO)c1ccc(Br)cc1,-6.8,2.5783000000000014,0.5905606536822724,3.179755812786887,316.195,3,3,4,69.56,1,18,0.38992727,0.08765143,True,0.02,docking_results_3_0.csv,0.012402075,0.006180067,0.061978612,0.098676,0.14027795,0.038959555,0.020179877,0.17846777,0.012846254,0.055747464,0.38992727,0.036174357,True,2.5783000000000014,2.5783000000000014
154,COC(=O)C1=CC=C(Cl)C([C@H1]2OCCN[C@@H1]2CCCO)=C1,COC(=O)c1ccc(Cl)c([C@H]2OCCN[C@@H]2CCCO)c1,-6.7,1.9285999999999996,0.8130655394530121,3.3932576654286244,313.78100000000006,2,5,5,67.79,2,21,0.059338488,0.020376716,True,0.02,docking_results_3_0.csv,0.026481891,0.007961287,0.024128228,0.01294476,0.059338488,0.0078888675,0.0072530066,0.051837273,0.0062207296,0.009902869,0.017337231,0.013225964,True,1.9285999999999996,1.9286
9,CNC=C(CCCC1=CC(=CC=C1)C(N)=O)C2=CC=CN=C2,CNC=C(CCCc1cccc(C(N)=O)c1)c1cccnc1,-6.7,2.763700000000001,0.8250192253306784,2.5330156648790645,295.386,2,3,7,68.00999999999999,2,22,0.08016971,0.03503641,True,0.02,docking_results_3_0.csv,0.025124647,0.009176903,0.07414175,0.02193268,0.08016971,0.015689725,0.015086941,0.07839501,0.012385832,0.025731316,0.047583137,0.015019248,True,2.763700000000001,2.763700000000001
148,C[C@H1]1CC[C@@H1](O)[C@H1](O1)C(O)C2=CC=CC=C2,C[C@H]1CC[C@@H](O)[C@@H](C(O)c2ccccc2)O1,-6.7,1.6483999999999999,0.7995753140282835,3.527005404428974,222.284,2,3,2,49.69,2,16,0.11660406,0.025420362,True,0.02,docking_results_3_8.csv,0.029845998,0.005521415,0.015702257,0.024024362,0.11660406,0.011982853,0.006482322,0.031669337,0.0032857582,0.009141617,0.043454587,0.0073297936,True,1.6483999999999999,1.6484
180,CCNC1=CC(N)=CC=C1S(=O)(=O)C2=CC=C(Cl)C=C2,CCNc1cc(N)ccc1S(=O)(=O)c1ccc(Cl)cc1,-6.7,3.1868000000000007,0.8507158657041767,2.073005585601228,310.806,2,4,4,72.19,2,20,0.124469765,0.03744322,True,0.02,docking_results_3_8.csv,0.015289482,0.004364074,0.07192081,0.025909206,0.08719611,0.012477302,0.008599133,0.06735405,0.0055959425,0.014541406,0.124469765,0.011601341,True,3.1868000000000007,3.1868000000000007
165,C[C@@H1](OC1=CN=CC=C1C2=CC=CC=C2)[C@H1]CC[C@H1](N)P(=O)(O)O,C[C@H]([CH]CC[C@H](N)P(=O)(O)O)Oc1cnccc1-c1ccccc1,-6.7,2.9628900000000007,0.632838599446865,3.7669690074250486,349.34700000000004,3,4,8,105.67000000000002,2,24,0.15059675,0.05091107,True,0.02,docking_results_3_0.csv,0.044475902,0.016896084,0.07854611,0.040074673,0.15059675,0.025747225,0.018298976,0.09825696,0.02200552,0.024357632,0.059595466,0.03208151,True,2.9628900000000007,2.9628900000000007
217,CC[NH2+1][C@@H1]CCC(O)(C1=CC=CC=C1)C2=CC=CC=C2,CC[NH2+][CH]CCC(O)(c1ccccc1)c1ccccc1,-6.7,2.4477900000000004,0.7443343270777395,3.017561683985603,269.38800000000003,2,1,7,36.84,2,20,0.18628874,0.048929363,True,0.02,docking_results_3_6.csv,0.0123230815,0.0041079726,0.033418607,0.05016298,0.13251276,0.024584617,0.013928997,0.079829425,0.005216759,0.0345653,0.18628874,0.010213137,True,2.4477900000000004,2.4477900000000004
209,COC1=CC=CC=C1C2=CC=CC=C2,COc1ccccc1-c1ccccc1,-6.7,3.3622000000000014,0.6949649441287624,1.1771563830654976,184.238,0,1,2,9.23,2,14,0.19033796,0.05269133,True,0.02,docking_results_3_11.csv,0.019581657,0.004659113,0.19033796,0.03169662,0.175748,0.019250967,0.011388011,0.053760044,0.012013971,0.021199696,0.08476462,0.007895352,True,3.3622000000000014,3.3622000000000014
105,COC1=CC=CC(C)=C1NC(=O)N(CC#C)C(O)=O,C#CCN(C(=O)O)C(=O)Nc1c(C)cccc1OC,-6.7,2.14872,0.8179239169522026,2.6626371788186347,262.265,2,3,3,78.87,1,19,0.21508566,0.056258578,True,0.02,docking_results_3_1.csv,0.020397512,0.01683836,0.086849034,0.022566477,0.055556368,0.021646237,0.030973075,0.21508566,0.03512476,0.054838028,0.05731046,0.05791702,True,2.14872,2.14872
43,COC1=CC=CC(=N1)C2=CC(=CC(=N2)C)C=O,COc1cccc(-c2cc(C=O)cc(C)n2)n1,-6.7,2.2731199999999996,0.7560614286659452,2.431569466455942,228.251,0,4,3,52.080000000000005,2,17,0.25482416,0.04619934,True,0.02,docking_results_3_11.csv,0.028385127,0.008368708,0.25482416,0.022706062,0.06721192,0.009760151,0.010602304,0.06906049,0.01998794,0.016780328,0.027432144,0.019272828,True,2.2731199999999996,2.27312
161,C[C@H1]C1C=C(C)NC2=CC=CC=C12,C[CH]C1C=C(C)Nc2ccccc21,-6.7,3.323690000000002,0.6848040521201741,3.5425640267493907,172.251,1,1,1,12.03,2,13,0.27096054,0.078896366,True,0.02,docking_results_3_1.csv,0.015105723,0.0047571342,0.27096054,0.07434561,0.11963817,0.022443626,0.016417887,0.11960412,0.018338611,0.04607886,0.21491687,0.024149174,True,3.323690000000002,3.323690000000002
247,O=C(CC1=CC=C(O)C=C1O)NCC2=CC=CC=C2,O=C(Cc1ccc(O)cc1O)NCc1ccccc1,-6.7,1.9566999999999997,0.7838046019888538,1.7502309948065697,257.289,3,3,4,69.56,2,19,0.30172408,0.1226347,True,0.02,docking_results_3_5.csv,0.050325356,0.033446945,0.16243887,0.06956419,0.2764632,0.09447933,0.048942517,0.2387189,0.052234743,0.079755135,0.30172408,0.063523084,True,1.9566999999999997,1.9567
78,O=C(NC[C@H1]1CCNC1)C2=CC=CC=C2Br,O=C(NC[C@H]1CCNC1)c1ccccc1Br,-6.6,1.7884,0.8876455208578687,2.448635158307825,283.169,2,2,3,41.13,2,16,0.057206437,0.020165022,True,0.02,docking_results_3_4.csv,0.024757857,0.0076015373,0.02426645,0.011801509,0.057206437,0.0076415166,0.007658015,0.055537455,0.0064189914,0.010725121,0.015677007,0.012688387,True,1.7884,1.7884
143,N/C(=N/OCC1=CC=C(Br)C=C1)C2=CC=CC=C2,N/C(=N/OCc1ccc(Br)cc1)c1ccccc1,-6.6,3.286200000000002,0.535134352522493,1.8764325857552286,305.175,1,2,4,47.61,2,18,0.07662055,0.024318235,True,0.02,docking_results_3_7.csv,0.018298669,0.0040397537,0.07662055,0.011540012,0.07587881,0.008133821,0.007419486,0.03836924,0.0060490645,0.010911243,0.02885557,0.005702624,True,3.286200000000002,3.286200000000002
173,CCC(CC)N(CC)C(=O)C1=CC(=CS1)C(=O)NCCNC(C)=O,CCC(CC)N(CC)C(=O)c1cc(C(=O)NCCNC(C)=O)cs1,-6.6,2.2647000000000004,0.6685609714302065,2.6368574193746337,353.4880000000001,2,4,9,78.51,1,24,0.106478155,0.032554124,True,0.02,docking_results_3_1.csv,0.01570141,0.0071364916,0.05809138,0.019244138,0.04960931,0.012451835,0.014305226,0.106478155,0.013150683,0.03297251,0.040514056,0.020994298,True,2.2647000000000004,2.2647000000000004
180,C/C(=N\N1CCN2C=CC=C2[C@@H1]1C3=CC=CS3)C4CC4,C/C(=N\N1CCn2cccc2[C@@H]1c1cccs1)C1CC1,-6.6,3.7405000000000026,0.7868045339372935,3.5661138265229972,285.4160000000001,0,3,3,20.53,4,20,0.16227558,0.06641168,True,0.02,docking_results_3_6.csv,0.024676044,0.011534797,0.120027326,0.08753615,0.07297883,0.022099266,0.024738448,0.16227558,0.020792035,0.04994279,0.1455981,0.054740775,True,3.7405000000000026,3.7405000000000026
63,CSCC[C@H1](CC(=O)O)OC1=CC=C2C=CC=CC2=C1,CSCC[C@H](CC(=O)O)Oc1ccc2ccccc2c1,-6.6,3.815000000000002,0.8418814255644628,2.5899338460678827,290.384,1,3,7,46.53,2,20,0.16263653,0.07148121,True,0.02,docking_results_3_3.csv,0.043398082,0.025138274,0.07307617,0.05101642,0.16263653,0.04745204,0.039882913,0.15735678,0.03292438,0.05570799,0.123805545,0.045379486,True,3.815000000000002,3.815000000000002
192,C[C@@H1](/C(N)=N/C1=CC=CC(=C1)S(=O)(=O)C2CCC2)[N+1](C)=O,C[C@@H](/C(N)=N/c1cccc(S(=O)(=O)C2CCC2)c1)[N+](C)=O,-6.6,1.7987000000000002,0.509643335899344,3.5660104276152644,310.39900000000006,1,4,5,92.6,2,21,0.16596444,0.06346031,True,0.02,docking_results_3_26.csv,0.028398639,0.015614409,0.04212248,0.05414729,0.12588874,0.036036674,0.026363963,0.16596444,0.020264018,0.04300665,0.15909493,0.04462154,True,1.7987000000000002,1.7987000000000002
152,CC1=NN=C(NC(=O)CC2=CC=CC=C2N=CNCC)S1,CCNC=Nc1ccccc1CC(=O)Nc1nnc(C)s1,-6.6,2.29702,0.6337064717070645,2.778265158893708,303.3910000000001,2,5,6,79.27000000000001,2,21,0.2701598,0.062352195,True,0.02,docking_results_3_2.csv,0.022419186,0.010172936,0.2701598,0.036035907,0.058299813,0.01390997,0.019680994,0.14236984,0.03106389,0.0380528,0.06184314,0.04421799,True,2.29702,2.29702
94,O=C1C2=CC=CC=C2SN1N=C(C3CC3)C,CC(=Nn1sc2ccccc2c1=O)C1CC1,-6.6,2.697000000000001,0.7329533483279227,2.9642623215021793,232.30799999999996,0,3,2,34.36,3,16,0.48647222,0.18060203,True,0.02,docking_results_3_6.csv,0.031369273,0.022388898,0.48647222,0.184878,0.16922276,0.06276226,0.054036155,0.34633112,0.09896306,0.11136013,0.4342559,0.16518481,True,2.697000000000001,2.697000000000001
126,C[C@@H1](O)CC1=C[NH1]C2=C(O)C=CC=C12,C[C@@H](O)Cc1c[nH]c2c(O)cccc12,-6.6,1.7968,0.6775120790535174,2.7751588045404905,191.23000000000002,3,2,2,56.25,2,14,0.4900423,0.17137714,True,0.02,docking_results_3_14.csv,0.039004333,0.023840278,0.4045082,0.16634792,0.24492446,0.07942697,0.03912604,0.29495943,0.06838406,0.07782971,0.4900423,0.12813203,True,1.7968,1.7968
204,C[C@@H1]1C[C@@H1](C)C(C)(C)[C@@H1]1NC(=O)C(NC(N)=O)CCCCC,CCCCCC(NC(N)=O)C(=O)N[C@@H]1[C@H](C)C[C@@H](C)C1(C)C,-6.5,2.7905000000000006,0.6316185279257324,3.856296413588354,311.47000000000014,3,2,7,84.22,1,22,0.05620964,0.016225742,True,0.02,docking_results_3_3.csv,0.012619554,0.0034018478,0.0068007037,0.012653001,0.05620964,0.007609037,0.0054147546,0.043802448,0.0027840089,0.011978592,0.024664227,0.0067710844,True,2.7905000000000006,2.7905000000000006
33,CC1=NC=CN1C2=CC=CC(=C2)CCN(CC#N)C,Cc1nccn1-c1cccc(CCN(C)CC#N)c1,-6.5,2.1786000000000003,0.7681733941783755,2.4686591999347733,254.33699999999996,0,3,5,44.85,2,19,0.07466633,0.0284902,True,0.02,docking_results_3_0.csv,0.019763537,0.0064114775,0.07466633,0.026797242,0.055874,0.008982639,0.009394645,0.06876495,0.010972485,0.018260935,0.025430564,0.016563613,True,2.1786000000000003,2.1786000000000003
243,CCCOC1=NC(SC2=CC=CC=C2)=CC(C(=O)O)=C1C(=O)OC,CCCOc1nc(Sc2ccccc2)cc(C(=O)O)c1C(=O)OC,-6.5,3.506400000000002,0.7670749468800757,2.3970486478476527,347.39200000000017,1,6,7,85.72000000000001,2,24,0.08160648,0.03417462,True,0.02,docking_results_3_0.csv,0.025870305,0.009830115,0.08160648,0.015322345,0.079607636,0.013524323,0.013362444,0.07934282,0.013490322,0.01800868,0.04266706,0.017462935,True,3.506400000000002,3.506400000000002
207,CN1C=CC=C1CNC2=CC=CC(=C2C(N)=O)C=O,Cn1cccc1CNc1cccc(C=O)c1C(N)=O,-6.5,1.5485999999999998,0.7976719823479803,2.4941200610862015,257.293,2,3,5,77.12,2,19,0.1442903,0.034089316,True,0.02,docking_results_3_4.csv,0.02090474,0.006064632,0.1442903,0.013854252,0.06656571,0.008818041,0.008158942,0.06681302,0.011623826,0.012693298,0.035596758,0.013688254,True,1.5485999999999998,1.5485999999999998
84,O=C(CNC1=CC=C(Cl)C=C1)N2C=CC=C2,O=C(CNc1ccc(Cl)cc1)n1cccc1,-6.5,2.8938000000000015,0.8862231263512035,2.174936435214553,234.68600000000004,1,2,3,34.03,2,16,0.18045676,0.05326982,True,0.02,docking_results_3_9.csv,0.027960002,0.009148781,0.18045676,0.02921398,0.1334438,0.019852469,0.016663782,0.08597919,0.021745276,0.025606833,0.07097016,0.018196763,True,2.8938000000000015,2.893800000000001
190,O=C1N=N[C@@H1](CCC2=CC=CC=C2)CN1,O=C1N=N[C@@H](CCc2ccccc2)CN1,-6.4,2.1632,0.8036657567685056,3.286822553359639,203.245,1,2,3,53.82,2,15,0.056982562,0.013465383,True,0.02,docking_results_3_3.csv,0.026171204,0.00612306,0.007911063,0.004982901,0.056982562,0.004989333,0.004880667,0.030109653,0.0029188055,0.005241101,0.0062517966,0.005022453,True,2.1632,2.1632
23,CC(C)C[C@@H1](O)[C@@H1](CO)NC(=O)OCC1=CC=CC=C1,CC(C)C[C@@H](O)[C@@H](CO)NC(=O)OCc1ccccc1,-6.4,1.6806999999999996,0.7102640019400618,2.7385239662620187,281.352,3,4,7,78.79,1,20,0.11153854,0.023330985,True,0.02,docking_results_3_13.csv,0.02426988,0.006617013,0.012799258,0.012784451,0.11153854,0.012651123,0.007678875,0.043741494,0.005359616,0.011664236,0.023300834,0.007566496,True,1.6806999999999996,1.6806999999999996
235,CCN1N=C(C)C2=CC(=CC=C21)C=O,CCn1nc(C)c2cc(C=O)ccc21,-6.4,2.1771200000000004,0.6768596299256573,2.2607575087690623,188.23,0,2,2,34.89,2,14,0.11628392,0.02491173,True,0.02,docking_results_3_13.csv,0.021536319,0.0056838184,0.11628392,0.014814942,0.034928627,0.0046642213,0.006260871,0.049856167,0.0080397865,0.009652191,0.014134315,0.013085568,True,2.1771200000000004,2.1771200000000004
150,C[C@H1](C1CC1)N(C)C(=O)OCCCC2=CC=CC=C2,C[C@H](C1CC1)N(C)C(=O)OCCCc1ccccc1,-6.4,3.486100000000002,0.7336136103816626,2.498918923007011,261.36499999999995,0,2,6,29.540000000000003,2,19,0.11658349,0.034592874,True,0.02,docking_results_3_1.csv,0.022708332,0.0072082356,0.019853313,0.032619882,0.11658349,0.021657864,0.015599821,0.064425096,0.007013505,0.029456645,0.06763276,0.01035557,True,3.486100000000002,3.486100000000002
149,C[C@@H1](OC(=O)C1=CC=CC=C1)[C@H1](C)O,C[C@H](O)[C@@H](C)OC(=O)c1ccccc1,-6.4,1.6127,0.7434728536494336,2.5019456428343414,194.23,1,3,3,46.53,1,14,0.13925132,0.024488935,True,0.02,docking_results_3_11.csv,0.031128116,0.006303143,0.015791563,0.011798046,0.13925132,0.013460371,0.0071977125,0.02778609,0.00428073,0.009282982,0.023365913,0.0042212824,True,1.6127,1.6127
146,CCC(=O)CC(C)=C(C(=O)NS(=O)(=O)C1CC1)C(C)(C)C(C)C,CCC(=O)CC(C)=C(C(=O)NS(=O)(=O)C1CC1)C(C)(C)C(C)C,-6.4,2.9627000000000017,0.6871350627278571,3.3063450780136217,343.48900000000015,1,4,8,80.31,1,23,0.18751276,0.057375323,True,0.02,docking_results_3_1.csv,0.008731114,0.0071377046,0.008102332,0.05209514,0.07792612,0.034944646,0.028189063,0.18751276,0.010391918,0.08345476,0.16305368,0.026964631,True,2.9627000000000017,2.9627000000000017
201,O=C(NC1=CC=C(C=C1)C#N)C2CCOC2,N#Cc1ccc(NC(=O)C2CCOC2)cc1,-6.4,1.53328,0.8150559732667995,2.396260576368025,216.23999999999992,1,3,2,62.120000000000005,2,16,0.23337193,0.09351734,True,,docking_results_3_0_add_B.csv,0.058160648,0.04055917,0.12833543,0.06242053,0.1514092,0.053380463,0.04442298,0.23337193,0.06478275,0.06257567,0.12479501,0.0979944,True,1.53328,
186,FC1=CC=C(F)C2=CC=CN=C12,Fc1ccc(F)c2ncccc12,-6.4,2.513000000000001,0.5840485195000186,1.8689107921770685,165.142,0,1,0,12.89,2,12,0.24875034,0.06405774,True,0.02,docking_results_3_10.csv,0.032899093,0.011795121,0.24875034,0.07046039,0.08146054,0.016470995,0.01977438,0.10847506,0.02444185,0.031459007,0.08299919,0.039706893,True,2.513000000000001,2.513000000000001
202,C[NH2+1][C@H1](CCCCC)C1=C(O)N=C(C2CC2)N=C1Cl,CCCCC[C@@H]([NH2+]C)c1c(O)nc(C2CC2)nc1Cl,-6.4,2.5276000000000005,0.5973390624433202,3.9848378132604445,284.81100000000004,2,3,7,62.620000000000005,2,19,0.25233704,0.081314735,True,0.02,docking_results_3_8.csv,0.015237663,0.008206743,0.10840856,0.11696991,0.06692631,0.024758201,0.02496597,0.20209442,0.020686664,0.06442607,0.25233704,0.070759274,True,2.5276000000000005,2.5276000000000005
139,CNC(=O)[C@H1]1N=NC=C1C2=CC=CC=C2,CNC(=O)[C@H]1N=NC=C1c1ccccc1,-6.3,1.6078999999999999,0.7760024152648507,3.3783216995622736,201.229,1,3,2,53.82,2,15,0.07968056,0.025462383,True,0.02,docking_results_3_2.csv,0.02967407,0.008761756,0.045610197,0.011637062,0.07968056,0.009456412,0.008473264,0.05866107,0.009719875,0.010593374,0.019699946,0.013581045,True,1.6078999999999999,1.6079
10,O=C(NCCC1=CC=C(Cl)C=C1)C2CC2,O=C(NCCc1ccc(Cl)cc1)C1CC1,-6.3,2.4087000000000005,0.8347282444144177,1.4813847671555642,223.70299999999997,1,1,4,29.1,2,15,0.08224923,0.033322863,True,0.02,docking_results_3_2.csv,0.020580726,0.007594102,0.025663368,0.02882012,0.078949794,0.017255703,0.018072475,0.08224923,0.008009027,0.031950377,0.06562436,0.015105055,True,2.4087000000000005,2.4087000000000005
11,C1OC=C2C=CCN(CC3CC3)C(=O)CCN(C)CC2=C1,CN1CCC(=O)N(CC2CC2)CC=CC2=COCC=C2C1,-6.3,1.9572,0.7784882842096333,3.8294005375053732,288.391,0,3,2,32.78,3,21,0.08515322,0.015590061,True,0.02,docking_results_3_1.csv,0.013584457,0.007151613,0.0050113895,0.0064213206,0.019925231,0.0046784016,0.006975786,0.08515322,0.0043161917,0.013029992,0.005883924,0.014949199,True,1.9572,1.9572
16,CC(C)[C@](C)C1=C(C)C(=O)C(O)=C[C@@]1(C)CCC(O)=O,C[C](C1=C(C)C(=O)C(O)=C[C@@]1(C)CCC(=O)O)C(C)C,-6.3,3.448990000000002,0.8079347034225064,3.940184477170525,279.35599999999994,2,3,5,74.6,1,20,0.13979892,0.037200663,True,0.02,docking_results_3_4.csv,0.014336741,0.008941177,0.008263235,0.021964371,0.05492948,0.020280896,0.018597491,0.13979892,0.0072189267,0.040046938,0.08830478,0.023725001,True,3.448990000000002,3.448990000000002
255,C[C@@H1]1CN/C(=N/C2=CC(Cl)=CC=C2O)N1C,C[C@@H]1CN/C(=N/c2cc(Cl)ccc2O)N1C,-6.3,1.9566000000000001,0.7877511137813079,3.722344902911048,239.70600000000002,2,2,1,47.86000000000001,2,16,0.25304946,0.07981104,True,,docking_results_3_0_add_B.csv,0.023145754,0.009921896,0.25304946,0.06593377,0.07334534,0.018247046,0.018915432,0.19034803,0.027467156,0.036441088,0.16817097,0.07274649,True,1.9566000000000001,
136,CC(C)=CCOC(=O)CCC=1CCCCC=1,CC(C)=CCOC(=O)CCC1=CCCCC1,-6.2,3.7764000000000033,0.5224805557168719,2.5744377061175623,222.32799999999995,0,2,5,26.3,1,16,0.08370518,0.02677615,True,0.02,docking_results_3_2.csv,0.018345686,0.0092698485,0.007886136,0.015679399,0.066368714,0.018223245,0.017471945,0.08370518,0.008029222,0.036673915,0.027814003,0.011846515,True,3.7764000000000033,3.7764000000000033
216,CC[C@@](C)(N)C[C@H1](O)C1=CC=C(Cl)C=C1,CC[C@@](C)(N)C[C@H](O)c1ccc(Cl)cc1,-6.2,2.890900000000001,0.8310888306675736,3.018362163800374,227.735,2,2,4,46.25,1,15,0.090723,0.01914348,True,0.02,docking_results_3_2.csv,0.012144166,0.0018931968,0.017340943,0.016890597,0.090723,0.008159853,0.004051193,0.023453645,0.0019064585,0.008990363,0.04149326,0.002675094,True,2.890900000000001,2.890900000000001
113,C[C@H1](C(=O)NCCCN(CC#C)C(=O)C)C1CCCCC1,C#CCN(CCCNC(=O)[C@@H](C)C1CCCCC1)C(C)=O,-6.2,2.1907999999999994,0.5774480134812076,3.0882748080624047,292.42300000000006,1,2,7,49.410000000000004,1,21,0.11354478,0.03111588,True,0.02,docking_results_3_4.csv,0.017495308,0.011715061,0.0074510626,0.020422095,0.0544273,0.019692011,0.022095056,0.11354478,0.0103782695,0.047146,0.028100485,0.020923145,True,2.1907999999999994,2.1907999999999994
116,CC(=O)NCCCCC1=CC=C(O)C(F)=C1,CC(=O)NCCCCc1ccc(O)c(F)c1,-6.2,1.9901000000000002,0.7527864615727281,1.8962253984252566,225.263,2,2,5,49.33,1,16,0.11412784,0.04580703,True,0.02,docking_results_3_1.csv,0.028262472,0.0122536775,0.043928944,0.035469875,0.09506161,0.02565204,0.023431195,0.11412784,0.013698038,0.04311668,0.090248615,0.02443333,True,1.9901000000000002,1.9901
192,CC(C)(O)[C@@H1](N)P(=O)(O)COC1=CC=C(I)C=C1,CC(C)(O)[C@@H](N)P(=O)(O)COc1ccc(I)cc1,-6.2,1.9536000000000002,0.5324936001096002,3.7200029570767503,385.13800000000003,3,4,5,92.78,1,18,0.13924351,0.0360078,True,0.02,docking_results_3_5.csv,0.03658407,0.010887462,0.031780735,0.02913207,0.13924351,0.019160008,0.010782043,0.06677119,0.009433611,0.015921416,0.045892265,0.016505234,True,1.9536000000000002,1.9536
203,C[C@@H1](CNC1=NC=CC=C1N2N=CC=N2)N3CCCC3,C[C@@H](CNc1ncccc1-n1nccn1)N1CCCC1,-6.2,1.5585,0.8947964579217991,3.136948201382504,272.35600000000005,1,5,5,58.870000000000005,3,20,0.15919195,0.04215909,True,0.02,docking_results_3_2.csv,0.018741155,0.0068679005,0.15919195,0.038719047,0.05406374,0.008626335,0.008960013,0.10353009,0.019539801,0.017769882,0.032482013,0.037417144,True,1.5585,1.5585
250,CC=1C=NOC=1C2=CC=CN=C2N3CCOCC3,Cc1cnoc1-c1cccnc1N1CCOCC1,-6.2,1.8816199999999996,0.8082101633915589,2.5965048309266017,245.28199999999993,0,5,2,51.39,3,18,0.17377318,0.051786046,True,0.02,docking_results_3_1.csv,0.03097076,0.0143603785,0.17377318,0.04259699,0.054161284,0.011859221,0.016025614,0.13217862,0.030502567,0.02486031,0.03197804,0.058165558,True,1.8816199999999996,1.88162
78,O=S(=O)(CCC(=O)O)C1=CC=CC=2SC=CC1=2,O=C(O)CCS(=O)(=O)c1cccc2sccc12,-6.2,2.1497,0.9236439147405304,2.263790968092602,270.331,1,4,4,71.44,2,17,0.19580272,0.07580208,True,0.02,docking_results_3_1.csv,0.06301552,0.05228966,0.04291131,0.0329998,0.17034997,0.05689705,0.049829744,0.19580272,0.044008207,0.048742868,0.089201376,0.06357669,True,2.1497,2.1497
137,O=CCCN(C(=O)NC1=CC=C(C=C1)N2C=NC=C2C)C,Cc1cncn1-c1ccc(NC(=O)N(C)CCC=O)cc1,-6.2,2.2334200000000006,0.8570534800911394,2.58185066084938,286.3350000000001,1,3,5,67.23,2,21,0.32191324,0.10895783,True,0.02,docking_results_3_8.csv,0.046693407,0.028631922,0.32191324,0.07384843,0.14030464,0.04270316,0.038176477,0.24159646,0.08103422,0.065367594,0.12854946,0.09867498,True,2.2334200000000006,2.2334200000000006
91,O=C(CCNC1=NC2=CC=CC=C2[NH1]1)CC=CC=C,C=CC=CCC(=O)CCNc1nc2ccccc2[nH]1,-6.2,3.066300000000001,0.7474638366337742,2.794673558909132,255.321,2,3,7,57.78,2,19,0.32968888,0.13058543,True,0.02,docking_results_3_7.csv,0.042527948,0.044134658,0.28836346,0.073521934,0.12196329,0.05890936,0.07872145,0.32968888,0.14121963,0.1341705,0.11245676,0.14134726,True,3.066300000000001,3.066300000000001
167,CC1=CC(C)=C(Br)C(C)=C1,Cc1cc(C)c(Br)c(C)c1,-6.1,3.374360000000002,0.6003671819419357,1.8751959938944491,199.091,0,0,0,0.0,1,10,0.022563878,0.0074046827,True,0.02,docking_results_3_2.csv,0.00519915,0.00058712653,0.012902782,0.008489292,0.022563878,0.0018818221,0.0020113192,0.012439878,0.00046257005,0.00527536,0.016025802,0.001017205,True,3.374360000000002,3.374360000000002
193,CCC(CC)NC(=O)CCCN1C=CC=CC1=O,CCC(CC)NC(=O)CCCn1ccccc1=O,-6.1,1.9333,0.8036284599667901,2.15148004137653,250.34199999999998,1,2,7,51.1,1,18,0.07027655,0.019879924,True,0.02,docking_results_3_4.csv,0.020518145,0.0056640427,0.019901166,0.012628325,0.07027655,0.010081507,0.0089804325,0.043559518,0.005889717,0.01693628,0.017486326,0.0066370624,True,1.9333,1.9333
206,CC=CC(C1=CC=C(C=C1)CO)=O,CC=CC(=O)c1ccc(CO)cc1,-6.1,1.9377,0.5641208321961756,1.956985903854978,176.21499999999997,1,2,3,37.3,1,13,0.11399712,0.03818432,True,,docking_results_3_0_add_B.csv,0.032614656,0.01374457,0.032213002,0.019073475,0.11399712,0.025427561,0.019038282,0.08867142,0.011806376,0.030091079,0.056856308,0.014677986,True,1.9377,
198,O=C(N[C@H1]1CCCC[C@@H1]1CO)N2C=CC=C2,O=C(N[C@H]1CCCC[C@@H]1CO)n1cccc1,-6.1,1.5969,0.7981658257856475,3.324943122351476,222.28800000000004,2,2,2,54.26,2,16,0.12541556,0.044502866,True,0.02,docking_results_3_2.csv,0.053153563,0.020791458,0.026269274,0.03590485,0.12541556,0.025712686,0.016977891,0.09465426,0.012164823,0.021079395,0.070478536,0.031432103,True,1.5969,1.5969
4,C1CNC2=CC(C#N)=CC=C12,N#Cc1ccc2c(c1)NCC2,-6.1,1.5262799999999999,0.5989322907717203,2.38027581706646,144.177,1,2,0,35.82,2,11,0.22701904,0.06990888,True,0.02,docking_results_3_11.csv,0.04591091,0.02026407,0.22701904,0.058228277,0.0821995,0.022066602,0.023393607,0.14424735,0.031976033,0.03554482,0.088354506,0.059701778,True,1.5262799999999999,1.52628
164,COCC=NNC(=C1C(=CC(=O)[NH1]C1)C2=CC=CC=C2)NCCC,CCCNC(NN=CCOC)=C1CNC(=O)C=C1c1ccccc1,-6.1,1.6327999999999994,0.5008207928984251,3.2983371518161055,328.4160000000001,3,5,8,74.75,2,24,0.26550946,0.09137065,True,0.02,docking_results_3_8.csv,0.021389812,0.014288273,0.21469949,0.05618525,0.0881364,0.029765768,0.03369264,0.26550946,0.049588077,0.07391887,0.1649501,0.08432381,True,1.6327999999999994,1.6327999999999994
